"Rank","Name","Symbol","marketcap","price (USD)","country"
"1","NVIDIA","NVDA","5269520646144","217.56","United States"
"2","Apple","AAPL","4623874129920","316.83","United States"
"3","Alphabet (Google)","GOOG","4178969100288","341.7","United States"
"4","Microsoft","MSFT","3596265979904","484.31","United States"
"5","Amazon","AMZN","2867433570304","265.84","United States"
"6","TSMC","TSM","2137293979648","412.09","Taiwan"
"7","SpaceX","SPCX","1839775088640","139.65","United States"
"8","Broadcom","AVGO","1724527804416","362.48","United States"
"9","Saudi Aramco","2222.SR","1716404609598","7.0953","Saudi Arabia"
"10","Meta Platforms (Facebook)","META","1391014838272","546.03","United States"
"11","Tesla","TSLA","1386765090816","351.12","United States"
"12","Samsung","005930.KS","1278852042974","194.752","South Korea"
"13","Eli Lilly","LLY","1141240102912","1280.34","United States"
"14","Berkshire Hathaway","BRK-B","1069541425152","499.62","United States"
"15","Micron Technology","MU","1058359934976","937.105","United States"
"16","JPMorgan Chase","JPM","949663629312","357.26","United States"
"17","Walmart","WMT","909608419328","114.3","United States"
"18","SK Hynix","000660.KS","872246582333","1228.77","South Korea"
"19","AMD","AMD","761419005952","466.42","United States"
"20","Visa","V","682480500736","365.54","United States"
"21","Exxon Mobil","XOM","677519753216","164.77","United States"
"22","ASML","ASML","672839499776","1751.73","Netherlands"
"23","Johnson & Johnson","JNJ","658890358784","273.41","United States"
"24","CXMT","688825.SS","602831551573","8.51276","China"
"25","Tencent","TCEHY","520327036928","57.74","China"
"26","Mastercard","MA","502584377344","573.72","United States"
"27","Intel","INTC","490550558720","92.8","United States"
"28","AbbVie","ABBV","470000205824","265.97","United States"
"29","Bank of America","BAC","441731907584","63.17","United States"
"30","Cisco","CSCO","435725598720","110.55","United States"
"31","Costco","COST","424404779008","956.99","United States"
"32","Palantir","PLTR","420991827968","175.19","United States"
"33","Oracle","ORCL","414240538624","143.81","United States"
"34","China Construction Bank","601939.SS","407941663204","1.55941","China"
"35","Chevron","CVX","403619479552","205.76","United States"
"36","Applied Materials","AMAT","393938862080","496.17","United States"
"37","Coca-Cola","KO","388735303680","90.35","United States"
"38","Lam Research","LRCX","384368279552","307.17","United States"
"39","Merck","MRK","375503519744","152.2","United States"
"40","Caterpillar","CAT","375163650048","816.15","United States"
"41","Roche","RO.SW","371270438694","465.972","Switzerland"
"42","General Electric","GE","369610883072","356.23","United States"
"43","Agricultural Bank of China","601288.SS","351519326221","1.00439","China"
"44","HSBC","HSBC","350665375744","102.3","United Kingdom"
"45","UnitedHealth","UNH","348814311424","388.61","United States"
"46","Home Depot","HD","343307255808","344.3","United States"
"47","ICBC","1398.HK","338819041352","0.950654","China"
"48","Morgan Stanley","MS","336462413824","214.23","United States"
"49","Procter & Gamble","PG","336203153408","144.38","United States"
"50","Netflix","NFLX","334031224832","80.22","United States"
"51","Alibaba","BABA","308957020160","128.9","China"
"52","Novartis","NVS","304703602688","160.31","Switzerland"
"53","Goldman Sachs","GS","297475244032","1021.65","United States"
"54","RTX","RTX","296978513920","220.35","United States"
"55","Philip Morris International","PM","296027422720","189.93","United States"
"56","Palo Alto Networks","PANW","293204393984","359.76","United States"
"57","Bank of China","601988.SS","288627136447","0.895767","China"
"58","Royal Bank Of Canada","RY","288521682944","207.62","Canada"
"59","Dell","DELL","282719584256","437.55","United States"
"60","Arm Holdings","ARM","266294771712","249.34","United Kingdom"
"61","CATL","300750.SZ","265262462673","57.3335","China"
"62","GE Vernova","GEV","262993772544","987.46","United States"
"63","LVMH","MC.PA","262607630846","532.71","France"
"64","Wells Fargo","WFC","259882500096","85.94","United States"
"65","Shell","SHEL","255948177408","92.77","United Kingdom"
"66","AstraZeneca","AZN","255818629120","164.95","United Kingdom"
"67","Nestlé","NESN.SW","255358459292","99.2755","Switzerland"
"68","SAP","SAP","248846450688","215.6","Germany"
"69","Siemens","SIE.DE","246510446663","323.189","Germany"
"70","KLA","KLAC","244677033984","187.27","United States"
"71","Texas Instruments","TXN","244248100864","267.45","United States"
"72","Mitsubishi UFJ Financial","MUFG","243129368576","21.56","Japan"
"73","Kweichow Moutai","600519.SS","240293563573","192.222","China"
"74","Amgen","AMGN","238745354240","442.36","United States"
"75","L'Oréal","OR.PA","237931432146","446.904","France"
"76","Arista Networks","ANET","235155341312","186.45","United States"
"77","BHP Group","BHP","234424139776","92.29","Australia"
"78","PetroChina","0857.HK","232919696988","1.27264","China"
"79","Sandisk","SNDK","229712396288","1568.87","United States"
"80","American Express","AXP","229537808384","339.9","United States"
"81","China Mobile","0941.HK","227294092615","10.5012","China"
"82","Thermo Fisher Scientific","TMO","226854748160","613.54","United States"
"83","Toyota","TM","223535382528","188.78","Japan"
"84","IBM","IBM","223436603392","237.16","United States"
"85","Citigroup","C","222914576384","132.89","United States"
"86","Linde","LIN","221791387648","481.13","United Kingdom"
"87","International Holding Company","IHC.AE","220990510979","100.75","United Arab Emirates"
"88","Marvell Technology","MRVL","212960378880","237.27","United States"
"89","Inditex","ITX.MC","211970812072","68.0841","Spain"
"90","Novo Nordisk","NVO","205538033664","46.48","Denmark"
"91","CrowdStrike","CRWD","205311623168","201.63","United States"
"92","Verizon","VZ","205079707648","49.36","United States"
"93","Santander","SAN","201874096128","14.17","Spain"
"94","TotalEnergies","TTE","199700168704","90.07","France"
"95","Abbott Laboratories","ABT","199315668992","114.43","United States"
"96","T-Mobile US","TMUS","195612393472","182.36","United States"
"97","Toronto Dominion Bank","TD","195520233472","118.35","Canada"
"98","SoftBank Group Corp.","9984.T","195113454366","34.2369","Japan"
"99","Pepsico","PEP","194764275712","142.58","United States"
"100","Allianz SE","ALV.DE","194074048389","511.682","Germany"
"101","Hermès","RMS.PA","193637518149","1848.72","France"
"102","Prosus","PRX.AS","193435693113","44.2699","Netherlands"
"103","Schneider Electric","SU.PA","193064556658","343.458","France"
"104","Amphenol","APH","192394723328","156.04","United States"
"105","Airbus","AIR.PA","192368600327","243.049","Netherlands"
"106","Charles Schwab","SCHW","191748734976","110.88","United States"
"107","McDonald","MCD","189258743808","267.45","United States"
"108","Seagate Technology","STX","188991127552","832.56","Ireland"
"109","Shopify","SHOP","188596273152","146.58","Canada"
"110","BlackRock","BLK","188296921088","1158.92","United States"
"111","MediaTek","2454.TW","186846342507","117.065","Taiwan"
"112","Commonwealth Bank","CBA.AX","186291427208","111.41","Australia"
"113","KIOXIA Holdings Corporation","285A.T","185390644758","338.772","Japan"
"114","Reliance Industries","RELIANCE.NS","185115141012","13.6793","India"
"115","Foxconn Industrial Internet","601138.SS","184843408123","9.31478","China"
"116","Walt Disney","DIS","184634621952","106.93","United States"
"117","Gilead Sciences","GILD","183017390080","147.6","United States"
"118","ABB","ABBN.SW","182337303505","100.577","Switzerland"
"119","Analog Devices","ADI","181810118656","373.26","United States"
"120","Union Pacific Corporation","UNP","179291979776","301.8","United States"
"121","Nextera Energy","NEE","179174359040","85.91","United States"
"122","Boeing","BA","175491891200","222.2","United States"
"123","Blackstone Group","BX","173425754112","145.09","United States"
"124","AT&T","T","172131942400","25.12","United States"
"125","Rolls-Royce Holdings","RR.L","170796489495","20.6851","United Kingdom"
"126","QUALCOMM","QCOM","170043375616","161.91","United States"
"127","Welltower","WELL","169860448256","235.73","United States"
"128","DBS Group","D05.SI","169294773394","59.527","Singapore"
"129","Safran","SAF.PA","169009342178","407.827","France"
"130","Salesforce","CRM","168787705856","206.09","United States"
"131","Western Digital","WDC","166602358784","462.09","United States"
"132","Booking Holdings (Booking.com)","BKNG","165049106432","213","United States"
"133","Eaton","ETN","164899373056","424.67","Ireland"
"134","Southern Copper","SCCO","164376821760","194.68","United States"
"135","Rio Tinto","RIO","163406200832","100.44","United Kingdom"
"136","Deutsche Telekom","DTE.DE","163033373922","34.0888","Germany"
"137","UBS","UBS","162670362624","53.13","Switzerland"
"138","Pfizer","PFE","160958775296","28.24","United States"
"139","TJX Companies","TJX","159629787136","144.5","United States"
"140","Advantest","6857.T","159601604947","220.969","Japan"
"141","Uber","UBER","159401394176","78.04","United States"
"142","Banco Bilbao Vizcaya Argentaria","BBVA","157437247488","28.53","Spain"
"143","ConocoPhillips","COP","156870656000","130.58","United States"
"144","Deere &amp; Company (John Deere)","DE","156832399360","580.63","United States"
"145","Iberdrola","IBE.MC","156226357897","23.4112","Spain"
"146","Sumitomo Mitsui Financial Group","SMFG","156101427200","24.57","Japan"
"147","Zhongji Innolight","300308.SZ","156080071648","133.432","China"
"148","CM Bank","3968.HK","155719146601","6.17447","China"
"149","Tokyo Electron","8035.T","154591194685","340.287","Japan"
"150","Interactive Brokers","IBKR","154263453696","90.54","United States"
"151","China Life Insurance","601628.SS","154182584790","5.45495","China"
"152","Anheuser-Busch Inbev","BUD","153847840768","78.13","Belgium"
"153","Siemens Energy","ENR.F","152417192765","179.136","Germany"
"154","China Shenhua Energy","601088.SS","148942405992","6.86705","China"
"155","Danaher","DHR","148681555968","211.5","United States"
"156","Hitachi","6501.T","148334791530","33.139","Japan"
"157","Fast Retailing","9983.T","148077828074","482.572","Japan"
"158","CNOOC","0883.HK","147887706678","3.11146","China"
"159","UniCredit","UCG.MI","144174193797","96.2266","Italy"
"160","Intuitive Surgical","ISRG","142494351360","397.72","United States"
"161","Delta Electronics","2308.TW","141632235958","54.5255","Taiwan"
"162","Recruit","6098.T","141242552509","101.808","Japan"
"163","Vertex Pharmaceuticals","VRTX","139836801024","552.06","United States"
"164","Ping An Insurance","601318.SS","139461573572","7.70181","China"
"165","Intesa Sanpaolo","ISP.MI","138566511445","7.92874","Italy"
"166","Bristol-Myers Squibb","BMY","138107944960","67.61","United States"
"167","Sony","SONY","137505898496","23.49","Japan"
"168","Prologis","PLD","137356517376","141.3","United States"
"169","BNP Paribas","BNP.PA","136718315870","124.743","France"
"170","Compagnie Financière Richemont","CFR.SW","136430039447","232.047","Switzerland"
"171","Unilever","UL","136043241472","63.18","United Kingdom"
"172","Lockheed Martin","LMT","135970373632","589.15","United States"
"173","Zijin Mining","601899.SS","135911161621","5.11123","China"
"174","Capital One","COF","135417856000","220.73","United States"
"175","Investor AB","INVE-B.ST","133227313129","43.4882","Sweden"
"176","Newmont","NEM","131795836928","125.08","United States"
"177","Chubb","CB","131526893568","340.92","Switzerland"
"178","ServiceNow","NOW","131507249152","127.2","United States"
"179","Corning","GLW","131060391936","152.46","United States"
"180","Stryker Corporation","SYK","130407170048","339.98","United States"
"181","Parker-Hannifin","PH","129017896960","1023.25","United States"
"182","PDD Holdings (Pinduoduo)","PDD","128390356992","90.2","China"
"183","Bharti Airtel","BHARTIARTL.NS","126404783287","20.2615","India"
"184","Progressive","PGR","126314651648","217.27","United States"
"185","S&P Global","SPGI","125779369984","426.66","United States"
"186","Air Liquide","AI.PA","124007557083","194.836","France"
"187","Lowe's Companies","LOW","123420000256","220","United States"
"188","Mizuho Financial Group","MFG","123185242112","10.14","Japan"
"189","Bank of Montreal","BMO","123084210176","175.73","Canada"
"190","Keyence","6861.T","122667372355","505.792","Japan"
"191","BYD","002594.SZ","122638885584","13.4514","China"
"192","British American Tobacco","BTI","120635768832","55.98","United Kingdom"
"193","Medtronic","MDT","120484585472","94.13","Ireland"
"194","CVS Health","CVS","119775576064","93.65","United States"
"195","Starbucks","SBUX","119677206528","104.98","United States"
"196","Petrobras","PBR","119478558720","18.54","Brazil"
"197","HDFC Bank","HDB","118972915712","23.16","India"
"198","Howmet Aerospace","HWM","113052229632","283.48","United States"
"199","Snowflake","SNOW","112648470528","325.01","United States"
"200","BP","BP","112619716608","43.73","United Kingdom"
"201","Fortinet","FTNT","112148135936","152.85","United States"
"202","Accenture","ACN","112089432064","183.17","Ireland"
"203","Altria Group","MO","110253187072","66.03","United States"
"204","Automatic Data Processing","ADP","110129176576","277.22","United States"
"205","Airbnb","ABNB","109892870144","186.39","United States"
"206","Wiwynn","6669.TW","109857491196","197.046","Taiwan"
"207","Enel","ENEL.MI","109839866420","11.0689","Italy"
"208","Sanofi","SNY","109814988800","45.83","France"
"209","Enbridge","ENB","109750296576","50.25","Canada"
"210","Zurich Insurance Group","ZURN.SW","109673404166","734.243","Switzerland"
"211","Spotify","SPOT","109671571456","533.37","Sweden"
"212","Foxconn (Hon Hai Precision Industry)","2317.TW","108432373583","7.73099","Taiwan"
"213","BNY Mellon (Bank of New York Mellon)","BNY","108397813760","159.76","United States"
"214","Adobe","ADBE","108306825216","272.47","United States"
"215","OCBC Bank","O39.SI","108249390897","24.1066","Singapore"
"216","Mitsubishi Corporation","8058.T","107822965738","29.4478","Japan"
"217","CIBC (Canadian Imperial Bank of Commerce)","CM","107564433408","117.84","Canada"
"218","AXA","CS.PA","107427408568","51.3785","France"
"219","Scotiabank","BNS","107093082112","87.69","Canada"
"220","SK Square","402340.KS","106556421639","808.419","South Korea"
"221","Equinix","EQIX","106277298176","1077.08","United States"
"222","General Dynamics","GD","106150404096","392.34","United States"
"223","Southern Company","SO","106051969024","92.19","United States"
"224","GSK plc","GSK","105908363264","52.88","United Kingdom"
"225","ICICI Bank","IBN","105590644736","29.44","India"
"226","Marathon Petroleum","MPC","105316139008","360.75","United States"
"227","Agnico Eagle Mines","AEM","105182109696","207.72","Canada"
"228","Carvana","CVNA","104819818496","70.44","United States"
"229","AppLovin","APP","104006041600","310.79","United States"
"230","Cloudflare","NET","103932551168","291.88","United States"
"231","Grupo México","GMBXF","103229104128","13.26","Mexico"
"232","CaixaBank","CABK.MC","103100309982","14.8364","Spain"
"233","Al Rajhi Bank","1120.SR","103073564095","17.1789","Saudi Arabia"
"234","China Yangtze Power","600900.SS","102161774489","4.17528","China"
"235","Canadian Natural Resources","CNQ","102044254208","49.5","Canada"
"236","KKR & Co.","KKR","102019809280","110.46","United States"
"237","Quanta Services","PWR","101844115456","677.41","United States"
"238","State Bank of India","SBIN.NS","101173038285","10.9606","India"
"239","Delta Electronics (Thailand)","DELTA.BK","100717890302","8.07435","Thailand"
"240","Vertiv Holdings","VRT","100481908736","261","United States"
"241","Trane Technologies","TT","100216160256","455.48","Ireland"
"242","Equinor","EQNR","99791249408","42.03","Norway"
"243","Valero Energy","VLO","99697762304","346.26","United States"
"244","McKesson","MCK","99534356480","853.71","United States"
"245","Intuit","INTU","99148955648","362.47","United States"
"246","ING","ING","99025870848","34.69","Netherlands"
"247","PNC Financial Services","PNC","98323660800","246.46","United States"
"248","U.S. Bancorp","USB","97876795392","62.82","United States"
"249","Constellation Energy","CEG","97140465664","274.17","United States"
"250","MercadoLibre","MELI","96762445824","1908.65","Argentina"
"251","Freeport-McMoRan","FCX","96725991424","69.09","United States"
"252","Phillips 66","PSX","96678780928","242.29","United States"
"253","Midea","000333.SZ","96374186516","12.633","China"
"254","Duke Energy","DUK","96371187712","123.6","United States"
"255","CME Group","CME","95986089984","266.94","United States"
"256","Cambricon Technologies","688256.SS","95507459384","152.011","China"
"257","DoorDash","DASH","95420366848","220.22","United States"
"258","AIA","1299.HK","94681204597","9.18774","Hong Kong"
"259","Comcast","CMCSA","94358249472","26.59","United States"
"260","Brookfield Corporation","BN","94093615104","42.15","Canada"
"261","CSX Corporation","CSX","93883424768","50.68","United States"
"262","Marriott International","MAR","93862830080","359.95","United States"
"263","3M","MMM","93170417664","180.66","United States"
"264","Bank of Communications","601328.SS","93090628615","1.05349","China"
"265","Monster Beverage","MNST","92917825536","47.43","United States"
"266","ASE Group","ASX","92846710784","35.66","Taiwan"
"267","Sinopec","600028.SS","91630718038","0.758872","China"
"268","Glencore","GLCNF","91283415040","7.79","Switzerland"
"269","Barclays","BCS","90367295488","26.87","United Kingdom"
"270","HCA Healthcare","HCA","90299891712","407.05","United States"
"271","Marsh & McLennan Companies","MRSH","90288373760","189.2","United States"
"272","Atlas Copco","ATCO-B.ST","90254313364","18.5","Sweden"
"273","Waste Management","WM","89967894528","225.08","United States"
"274","Williams Companies","WMB","89584787456","73.24","United States"
"275","Xiaomi","XIACF","89568821248","3.48","China"
"276","Postal Savings Bank of China","601658.SS","88277591827","0.735064","China"
"277","Intercontinental Exchange","ICE","88273674240","157.24","United States"
"278","Emerson","EMR","88271757312","157.6","United States"
"279","Johnson Controls","JCI","87796162560","144.94","Ireland"
"280","EssilorLuxottica","EL.PA","87757297009","190.946","France"
"281","Itōchū Shōji","8001.T","87548126945","12.5249","Japan"
"282","United Parcel Service","UPS","87511392256","102.86","United States"
"283","Tata Consultancy Services","TCS.NS","87320374380","24.1344","India"
"284","Cadence Design Systems","CDNS","86876528640","314.98","United States"
"285","Dior","CDI.PA","86706673017","480.607","France"
"286","Regeneron Pharmaceuticals","REGN","86568681472","840.84","United States"
"287","Tokio Marine","8766.T","86511142642","45.5377","Japan"
"288","Elevance Health","ELV","86411575296","398.45","United States"
"289","Mitsubishi Heavy Industries","7011.T","86229348251","25.6619","Japan"
"290","BAE Systems","BA.L","86141802537","29.4062","United Kingdom"
"291","Lloyds Banking Group","LYG","86119981056","5.94","United Kingdom"
"292","Robinhood","HOOD","86105112576","95.77","United States"
"293","Moody's","MCO","86076145664","497.03","United States"
"294","Eoptolink Technology","300502.SZ","85964460161","61.6561","China"
"295","Sherwin-Williams","SHW","85836849152","353.59","United States"
"296","Mitsui Bussan","8031.T","84837519103","29.9336","Japan"
"297","Simon Property Group","SPG","84724367360","223.18","United States"
"298","Brookfield Asset Management","BAM","84095295488","52.65","Canada"
"299","Cummins","CMI","83948412928","608.37","United States"
"300","Datadog","DDOG","83851198464","233.52","United States"
"301","Infineon","IFX.DE","83465521639","64.229","Germany"
"302","National Australia Bank","NAB.AX","83195800698","27.1763","Australia"
"303","Murata Manufacturing (Murata Seisakusho)","6981.T","83111104190","45.6576","Japan"
"304","CPKC (Canadian Pacific Kansas City)","CP","83020242944","94.44","Canada"
"305","Northrop Grumman","NOC","82800017408","582.84","United States"
"306","NTT (Nippon Telegraph &amp; Telephone)","9432.T","82645859937","1.01777","Japan"
"307","Mondelez International","MDLZ","82358976512","64.16","United States"
"308","Enterprise Products","EPD","82319269888","38.12","United States"
"309","Westpac Banking","WBC.AX","82036535574","24.0231","Australia"
"310","NetEase","NTES","81471832064","127.25","China"
"311","TAQA","TAQA.AE","81434161761","0.72","United Arab Emirates"
"312","American Tower","AMT","81305370624","174.49","United States"
"313","Cintas","CTAS","81266434048","203.08","United States"
"314","Itaú Unibanco","ITUB","81231200256","7.37","Brazil"
"315","National Grid","NGG","81092345856","80.66","United Kingdom"
"316","Illinois Tool Works","ITW","80954400768","284.25","United States"
"317","ENI","E","80810344448","55.97","Italy"
"318","WuXi AppTec","2359.HK","80586865806","27.0085","China"
"319","Royal Caribbean Group","RCL","80385392640","300.56","United States"
"320","Ecolab","ECL","80067452928","285.62","United States"
"321","SMIC","0981.HK","79746151535","9.31526","China"
"322","EOG Resources","EOG","79617310720","149.48","United States"
"323","Motorola Solutions","MSI","79576031232","480.84","United States"
"324","SLB (Schlumberger)","SLB","79475867648","53.55","United States"
"325","ANZ Bank","ANZ.AX","79396121350","26.3684","Australia"
"326","Suncor Energy","SU","78914912256","67.47","Canada"
"327","Apollo Global Management","APO","78914289664","133.63","United States"
"328","Hyundai","005380.KS","78508156043","299.839","South Korea"
"329","Vinci","DG.PA","77874141941","140.596","France"
"330","FedEx","FDX","77717839872","328.38","United States"
"331","Norfolk Southern","NSC","77649354752","345.71","United States"
"332","NAURA Technology Group","002371.SZ","77609490487","106.946","China"
"333","Canadian National Railway","CNI","77209427968","127.64","Canada"
"334","Japan Tobacco","2914.T","77003408760","43.3735","Japan"
"335","General Motors","GM","76842196992","84.96","United States"
"336","Synopsys","SNPS","76829163520","401.24","United States"
"337","Generali","G.MI","75717052461","50.0818","Italy"
"338","Munich RE (Münchener Rück)","MUV2.DE","75635654032","601.168","Germany"
"339","The Travelers Companies","TRV","75550048256","362.22","United States"
"340","Boston Scientific","BSX","75374428160","52.01","United States"
"341","Hilton Worldwide","HLT","75335983104","334.73","United States"
"342","Ross Stores","ROST","75284111360","234.69","United States"
"343","ENGIE","ENGI.PA","75271985698","29.6262","France"
"344","Ferrari","RACE","74731692032","425.18","Italy"
"345","Barrick Gold","B","74278764544","45.13","Canada"
"346","Lumentum","LITE","74235715584","827.6","United States"
"347","Aon","AON","73910861824","348.43","United Kingdom"
"348","O'Reilly Automotive","ORLY","73777217536","91.2","United States"
"349","Chugai Pharmaceutical","4519.T","73750093147","44.8121","Japan"
"350","The Cigna Group","CI","73313525760","277.45","United States"
"351","NatWest Group","NWG","73172353024","18.41","United Kingdom"
"352","Mitsubishi Electric","6503.T","72968940914","35.6566","Japan"
"353","Volvo Group","VOLV-A.ST","72952426379","35.8761","Sweden"
"354","Sea Limited","SE","72946909184","119.1","Singapore"
"355","Energy Transfer LP","ET","72929083392","21.18","United States"
"356","Digital Realty","DLR","72458477568","192.35","United States"
"357","Colgate-Palmolive","CL","72439095296","90.87","United States"
"358","DHL Group (Deutsche Post)","DHL.DE","72332402317","64.6262","Germany"
"359","Target","TGT","72216387584","159","United States"
"360","Manulife Financial","MFC","72044609536","43.42","Canada"
"361","Warner Bros. Discovery","WBD","71528611840","28.53","United States"
"362","Deutsche Bank","DB","71458373632","38.03","Germany"
"363","Shin-Etsu Chemical","4063.T","71380991709","38.5906","Japan"
"364","Kinder Morgan","KMI","71372414976","32.08","United States"
"365","Bajaj Finance","BAJFINANCE.NS","71290701982","11.4598","India"
"366","America Movil","AMX","70632333312","23.55","Mexico"
"367","Nu Holdings","NU","70576357376","14.61","Brazil"
"368","Hewlett Packard Enterprise","HPE","70354935808","53.13","United States"
"369","Japan Post Bank","7182.T","70347897784","19.7496","Japan"
"370","Honeywell","HON","70275104768","221.73","United States"
"371","Merck KGaA","MRK.DE","70270473061","161.624","Germany"
"372","SoftBank Corp.","9434.T","70173267436","1.46703","Japan"
"373","Sberbank","SBER.ME","70146142527","3.25","Russia"
"374","Moderna","MRNA","69618761728","174.38","United States"
"375","United Rentals","URI","69527347200","1117.04","United States"
"376","ADNOC Gas","ADNOCGAS.AE","68964681836","0.9","United Arab Emirates"
"377","American Electric Power","AEP","68741054464","126.27","United States"
"378","Macquarie Group Limited","MQG.AX","68653201361","180.127","Australia"
"379","TransDigm Group","TDG","68401741824","1222.91","United States"
"380","Meituan","3690.HK","68235225516","11.0559","China"
"381","CITIC Bank","601998.SS","68060898689","1.22312","China"
"382","Wesfarmers","WES.AX","67984435824","59.8833","Australia"
"383","Nordea Bank","NDA-FI.HE","67875073901","20","Finland"
"384","Crédit Agricole","ACA.PA","67740996893","22.389","France"
"385","Ma'aden","1211.SR","67719042985","17.4453","Saudi Arabia"
"386","Republic Services","RSG","67685318656","221.04","United States"
"387","Imperial Oil","IMO","67684032512","136.12","Canada"
"388","Air Products and Chemicals","APD","67522707456","303.22","United States"
"389","Bank of China (Hong Kong)","2388.HK","67168828198","6.353","Hong Kong"
"390","Hong Kong Exchanges & Clearing","0388.HK","67150902253","53.1244","Hong Kong"
"391","Paccar","PCAR","67095740416","127.47","United States"
"392","Wheaton Precious Metals","WPM","66956800000","147.43","Canada"
"393","KDDI","9433.T","66646917399","18.0271","Japan"
"394","Arthur J. Gallagher & Co.","AJG","65994989568","257.45","United States"
"395","Société Générale","GLE.PA","65960471448","89.9766","France"
"396","The Saudi National Bank","1180.SR","65884729712","11.101","Saudi Arabia"
"397","Allstate","ALL","65677320192","259.74","United States"
"398","TC Energy","TRP","64974999552","62.37","Canada"
"399","Nintendo","7974.T","64974949162","55.6208","Japan"
"400","Argenx","ARGX","64616747008","1032.86","Netherlands"
"401","Standard Chartered","STAN.L","64549808432","29.3245","United Kingdom"
"402","Rheinmetall","RHM.F","64375759683","1379.44","Germany"
"403","Baker Hughes","BKR","64007626752","64.48","United States"
"404","Monolithic Power Systems","MPWR","63892779008","1300.14","United States"
"405","Targa Resources","TRGP","63705313280","297.09","United States"
"406","Panasonic","6752.T","63513429406","27.2015","Japan"
"407","Cement Roadstone Holding","CRH","63029051392","94.74","Ireland"
"408","CITIC Securities","600030.SS","62608679897","4.00714","China"
"409","Thales","HO.PA","62358379212","303.505","France"
"410","Truist Financial Corporation","TFC","62266290176","50.97","United States"
"411","National Bank of Canada","NA.TO","61980663018","160.929","Canada"
"412","W. W. Grainger","GWW","61705183232","1306.95","United States"
"413","Luxshare Precision","002475.SZ","61690707816","7.97262","China"
"414","RELX","RELX","61165752320","35.1","United Kingdom"
"415","Z.AI","2513.HK","61157055519","131.345","China"
"416","Nike","NKE","60897624064","41.05","United States"
"417","Bloom Energy","BE","60858191872","206.63","United States"
"418","Public Storage","PSA","60716646400","325.13","United States"
"419","Nongfu Spring","9633.HK","60606662159","5.38895","China"
"420","Cencora","COR","60511297536","317.1","United States"
"421","Oneok","OKE","60489453568","96.01","United States"
"422","MetLife","MET","60440211456","95.11","United States"
"423","LG Energy Solution","373220.KS","60426952840","258.235","South Korea"
"424","Occidental Petroleum","OXY","60068208640","60.09","United States"
"425","Dominion Energy","D","60062826496","68.29","United States"
"426","KBC","KBCSF","59928494080","150.21","Belgium"
"427","Cenovus Energy","CVE","59901075456","32.48","Canada"
"428","Comfort Systems USA","FIX","59691692032","1696.06","United States"
"429","Realty Income","O","59564425216","62.95","United States"
"430","MPLX","MPLX","59554717696","58.69","United States"
"431","Teradyne","TER","59354767360","379.65","United States"
"432","CSL","CSL.AX","59314315229","123.852","Australia"
"433","Vale","VALE","59155099648","13.9","Brazil"
"434","Fastenal","FAST","59027275776","51.44","United States"
"435","TE Connectivity","TEL","59023224832","203.57","Switzerland"
"436","Diamondback Energy","FANG","58667892736","208.55","United States"
"437","Takeda Pharmaceutical","TAK","58568843264","18.34","Japan"
"438","Anglo American","AAL.L","58567592899","54.6601","United Kingdom"
"439","Alimentation Couche-Tard","ATD.TO","58531930667","63.7629","Canada"
"440","Deutsche Börse","DB1.DE","58530303576","324.65","Germany"
"441","First Abu Dhabi Bank","FAB.AE","58477805600","5.29","United Arab Emirates"
"442","Aflac","AFL","58411507712","116.51","United States"
"443","Larsen &amp; Toubro","LT.NS","58251896619","42.3383","India"
"444","Great-West Lifeco","GWO.TO","58202920749","65.0167","Canada"
"445","Saudi Telecom Company","7010.SR","57981101479","11.6124","Saudi Arabia"
"446","Vingroup Company","VIC.VN","57975670349","7.73139","Vietnam"
"447","Ford","F","57820139520","14.5","United States"
"448","Singtel","Z74.SI","57438439291","3.50899","Singapore"
"449","Unimicron","3037.TW","57067006938","35.8265","Taiwan"
"450","Garmin","GRMN","57021796352","295.67","Switzerland"
"451","NXP Semiconductors","NXPI","56994148352","226.02","Netherlands"
"452","Nebius Group","NBIS","56847802368","223.9","Netherlands"
"453","Industrial Bank","601166.SS","56807975947","2.68432","China"
"454","Cheniere Energy","LNG","56652316672","274.3","United States"
"455","Nokia","NOK","56551071744","10.13","Finland"
"456","Ciena","CIEN","56546148352","399.47","United States"
"457","Nucor","NUE","56433057792","248.74","United States"
"458","Coherent Corp.","COHR","56295895040","287.47","United States"
"459","Bayer","BAYN.DE","56248367443","57.2547","Germany"
"460","ArcelorMittal","MT","56243970048","74.59","Luxembourg"
"461","London Stock Exchange","LSEG.L","56221875316","115.964","United Kingdom"
"462","Sempra","SRE","55967330304","85.59","United States"
"463","Ametek","AME","55746756608","243.22","United States"
"464","Fujikura","5803.T","55630887824","33.5996","Japan"
"465","China Telecom","0728.HK","55018848519","0.601252","China"
"466","AngloGold Ashanti","AU","54896193536","108.54","South Africa"
"467","Delta Air Lines","DAL","54773424128","83.29","United States"
"468","Fubon Financial","2881.TW","54757371634","4.00691","Taiwan"
"469","Cardinal Health","CAH","54620409856","234.85","United States"
"470","Keysight","KEYS","54402338816","319.45","United States"
"471","Erste Group Bank","EBO.F","54365020915","139.953","Austria"
"472","Honeywell Aerospace","HONA","53999235072","170.37","United States"
"473","Nasdaq","NDAQ","53857464320","96.35","United States"
"474","Hoya","7741.T","53739757072","160.647","Japan"
"475","BASF","BAS.DE","53503746005","60.5023","Germany"
"476","Compass Group","CPG.L","53474852864","31.45","United Kingdom"
"477","Emirates NBD Bank PJSC","EMIRATESNBD.AE","53145696583","8.41366","United Arab Emirates"
"478","Edwards Lifesciences","EW","53134823424","92.28","United States"
"479","Autodesk","ADSK","53058686976","251.29","United States"
"480","E.ON","EOAN.DE","53049209635","20.2921","Germany"
"481","Devon Energy","DVN","53008998400","48.19","United States"
"482","Electronic Arts","EA","52925640704","209.7","United States"
"483","AMEC","688012.SS","52911151066","55.2399","China"
"484","PayPal","PYPL","52797501440","61.25","United States"
"485","Samsung Biologics","207940.KS","52564112850","1135.52","South Korea"
"486","Axon Enterprise","AXON","52456620032","645.72","United States"
"487","UOB","U11.SI","52435133387","31.7619","Singapore"
"488","Corteva","CTVA","52421591040","78.57","United States"
"489","Zijin Gold International Company Limited","2259.HK","52318846070","19.5487","Hong Kong"
"490","Siemens Healthineers","SHL.DE","52272869304","46.7056","Germany"
"491","Loblaw Companies","L.TO","51749966160","44.7819","Canada"
"492","Swiss Re","SREN.SW","51718588133","175.365","Switzerland"
"493","Diageo","DEO","51643109376","92.9","United Kingdom"
"494","Emirates Telecom (Etisalat Group)","EAND.AE","51622620379","5.94","United Arab Emirates"
"495","L3Harris Technologies","LHX","51601932288","277.11","United States"
"496","Cerebras Systems","CBRS","51240189952","215.69","United States"
"497","Becton Dickinson","BDX","51099766784","187.6","United States"
"498","State Street Corporation","STT","51042332672","185.81","United States"
"499","DSV","DSV.VI","51032135406","213.727","Denmark"
"500","Carrier Global","CARR","50831523840","61.2","United States"
"501","HEICO","HEI","50783481856","363.42","United States"
"502","Sumitomo","8053.T","50757127099","10.7109","Japan"
"503","Lonza","LONN.SW","50618476489","724.734","Switzerland"
"504","Entergy","ETR","50377535488","107.96","United States"
"505","Mercedes-Benz","MBG.DE","50354898177","52.5993","Germany"
"506","Nanya Technology","2408.TW","50345398273","16.2476","Taiwan"
"507","AutoZone","AZO","50231320576","3076.89","United States"
"508","Jiangsu Hengrui Medicine","600276.SS","50219718557","7.5664","China"
"509","Astera Labs","ALAB","50140663808","289.02","United States"
"510","CoreWeave","CRWV","50118131712","90.87","United States"
"511","Orange","ORA.PA","50112707824","18.8551","France"
"512","RWE","RWE.DE","50009771900","66.7056","Germany"
"513","Hindustan Unilever","HINDUNILVR.NS","49959769812","21.2632","India"
"514","Galderma Group","GALD.SW","49880064833","213.904","Switzerland"
"515","Fifth Third Bank","FITB","49825251328","54.96","United States"
"516","Antofagasta","ANTO.L","49686085823","50.3989","United Kingdom"
"517","Marubeni","8002.T","49673067895","30.5331","Japan"
"518","Xcel Energy","XEL","49602211840","79.41","United States"
"519","Ameriprise Financial","AMP","49484554240","559.78","United States"
"520","Danone","BN.PA","49420703941","76.729","France"
"521","Wabtec","WAB","49360818176","292.23","United States"
"522","Endesa","ELE.MC","49157306261","48.2243","Spain"
"523","Workday","WDAY","49004474368","198.42","United States"
"524","ORLEN","PKN.WA","48852192118","42.0798","Poland"
"525","Infosys","INFY","48722984960","12.03","India"
"526","UCB","UCB.VI","48690233068","255.374","Belgium"
"527","Block","XYZ","48622342144","80.93","United States"
"528","Rocket Lab","RKLB","48492929024","75.84","United States"
"529","Commerzbank","CBK.F","48461345144","44.8365","Germany"
"530","Franco-Nevada","FNV","48420241408","251.07","Canada"
"531","Rockwell Automation","ROK","48114057216","433.27","United States"
"532","Swire Pacific","0019.HK","48067121198","13.2492","Hong Kong"
"533","Holcim Group","HOLN.SW","48032239315","86.8379","Switzerland"
"534","Walmex","WMMVF","47986655232","2.72","Mexico"
"535","Vistra","VST","47895142400","142.7","United States"
"536","BTG Pactual","BPAC3.SA","47802636159","4.12531","Brazil"
"537","Sandvik","SAND.ST","47675559965","38.0071","Sweden"
"538","Constellation Software","CSU.TO","47655601717","2248.8","Canada"
"539","Toyota Tsusho","8015.T","47624641474","45.1087","Japan"
"540","Porsche","P911.DE","47518867992","52.1612","Germany"
"541","Sun Pharmaceutical","SUNPHARMA.NS","47496525678","19.7957","India"
"542","DNB","DNB.OL","47294811084","33.1331","Norway"
"543","Ares Management","ARES","47201054720","143.1","United States"
"544","Titan Company","TITAN.NS","47159352346","53.1485","India"
"545","Coca-Cola European Partners","CCEP","47117991936","106.68","United Kingdom"
"546","Ventas","VTR","47114121216","91.85","United States"
"547","ASM International","ASM.AS","47047464332","960.514","Netherlands"
"548","Ferguson Enterprises","FERG","47045767168","243.19","United Kingdom"
"549","Lenovo","0992.HK","46948701033","3.78476","Hong Kong"
"550","Natera","NTRA","46856949760","325.07","United States"
"551","Maersk","MAERSK-B.CO","46790413393","3241.84","Denmark"
"552","Heineken","HEIA.AS","46684958765","84.0888","Netherlands"
"553","Exelon Corporation","EXC","46670503936","45.3","United States"
"554","Hikvision","002415.SZ","46652816556","5.0904","China"
"555","Nan Ya Plastics","1303.TW","46607910228","5.87681","Taiwan"
"556","Kuwait Finance House","KFH.KW","46503634872","2513.84","Kuwait"
"557","Shengyi Technology (SYTECH)","600183.SS","46480158622","19.1355","China"
"558","Aena","AENA.MC","46436916299","30.9579","Spain"
"559","Ferrovial","FER.MC","46397430094","64.3692","Spain"
"560","Compagnie de Saint-Gobain","SGO.PA","46212602880","94.3925","France"
"561","CMOC","3993.HK","46160816067","2.15762","China"
"562","Danske Bank","DANS.VI","46133654395","57.1729","Denmark"
"563","CITIC limited","0267.HK","46109837856","1.58506","China"
"564","Revolution Medicines","RVMD","46009454592","214.66","United States"
"565","Sun Hung Kai Properties","0016.HK","45709867827","15.7741","Hong Kong"
"566","Guotai Junan Securities","601211.SS","45695179618","2.59207","China"
"567","eBay","EBAY","45674799104","102.64","United States"
"568","Medline","MDLN","45623640064","33.91","United States"
"569","Suzhou TFC Optical Communication","300394.SZ","45596995075","41.8005","China"
"570","Thomson Reuters","TRI","45466918912","104.95","Canada"
"571","United Microelectronics","UMC","45443305472","18.12","Taiwan"
"572","Woodside Energy","WDS","45417283584","23.89","Australia"
"573","Humana","HUM","45392756736","378.02","United States"
"574","JBS N.V.","JBS","45228752896","13.75","Brazil"
"575","The People's Insurance Company (PICC)","601319.SS","45207772378","1.02225","China"
"576","Maruti Suzuki India","MARUTI.NS","45116374264","143.499","India"
"577","Cathay Financial Holding","2882.TW","44994179923","3.06725","Taiwan"
"578","STMicroelectronics","STM","44988579840","50.41","Switzerland"
"579","CBRE Group","CBRE","44904443904","155.07","United States"
"580","Skandinaviska Enskilda Banken","SEB-A.ST","44890291342","23.0587","Sweden"
"581","Adani Enterprises","ADANIENT.NS","44618496959","31.3558","India"
"582","Shanghai Pudong Development Bank","600000.SS","44602716291","1.33919","China"
"583","Jardine Matheson","J36.SI","44363130000","61.53","Hong Kong"
"584","IDEXX Laboratories","IDXX","44348022784","562.2","United States"
"585","Swedbank","SWED-A.ST","44341248581","39.4595","Sweden"
"586","Take-Two Interactive","TTWO","44321845248","237.04","United States"
"587","East Money Information","300059.SZ","44261193816","2.79741","China"
"588","Sun Life Financial","SLF","44253237248","79.49","Canada"
"589","PICC Property and Casualty Company Limited","2328.HK","44190717138","1.98675","China"
"590","Atlassian","TEAM","44104376320","174.23","Australia"
"591","Samsung C&T Corporation","028260.KS","43958288805","268.636","South Korea"
"592","Hanwha Aerospace","012450.KS","43917178559","853.61","South Korea"
"593","Agilent Technologies","A","43892748288","155.41","United States"
"594","Chipotle Mexican Grill","CMG","43859386368","34.66","United States"
"595","Volkswagen","VOW3.DE","43828194972","87.4299","Germany"
"596","Credo Technology","CRDO","43788742656","234.82","United States"
"597","Teva Pharmaceutical Industries","TEVA","43663646720","37.47","Israel"
"598","Paychex","PAYX","43571150848","122.5","United States"
"599","Bank Central Asia","BBCA.JK","43567030118","0.35456","Indonesia"
"600","Sumitomo Denki Kōgyō","5802.T","43561816210","13.9636","Japan"
"601","Haleon","HLN","43412226048","9.87","United Kingdom"
"602","Ambev","ABEV","43330195456","2.81","Brazil"
"603","Reckitt Benckiser","RKT.L","43163015824","67.9881","United Kingdom"
"604","MS&amp;AD Insurance","8725.T","43127767763","30.0787","Japan"
"605","Live Nation","LYV","42908811264","184.19","United States"
"606","Mahindra &amp; Mahindra","M&M.NS","42849343181","35.6851","India"
"607","China Pacific Insurance","601601.SS","42801609919","4.44907","China"
"608","Cameco","CCJ","42673524736","97.98","Canada"
"609","BeOne Medicines","ONC","42631217152","376.86","United States"
"610","Old Dominion Freight Line","ODFL","42524696576","205.08","United States"
"611","Fomento Económico Mexicano (FEMSA)","FMX","42480746560","118.72","Mexico"
"612","D. R. Horton","DHI","42475438080","151.86","United States"
"613","Waste Connections","WCN","42452312064","168.75","United States"
"614","GigaDevice Semiconductor","603986.SS","42320848433","60.308","China"
"615","Power Corporation of Canada","POW.TO","42286766155","67.3648","Canada"
"616","Keurig Dr Pepper","KDP","42267254784","31.06","United States"
"617","Coinbase","COIN","42266673152","160.2","United States"
"618","Prysmian Group","PRY.MI","42197943919","144.393","Italy"
"619","Prudential Financial","PRU","42165899264","122.22","United States"
"620","EQT","EQT.ST","42083421607","36.0458","Sweden"
"621","Quanta Computer","2382.TW","42064510617","10.2608","Taiwan"
"622","Microchip Technology","MCHP","41855111168","77.08","United States"
"623","Banca Monte dei Paschi di Siena","BMPS.MI","41756954015","13.743","Italy"
"624","Flex","FLEX","41753616384","113.03","Singapore"
"625","Banco Santander Brasil","BSBR","41705529344","5.57","Brazil"
"626","Otsuka Holdings","4578.T","41671055971","79.314","Japan"
"627","Wuliangye Yibin","000858.SZ","41608665536","10.7194","China"
"628","Rocket Companies","RKT","41426927616","14.63","United States"
"629","Strategy 
 (MicroStrategy)","MSTR","41416613888","104.25","United States"
"630","Honda","HMC","41404080128","31.91","Japan"
"631","Goodman Group","GMG.AX","41342694088","20.2185","Australia"
"632","Legrand","LR.PA","41295622879","157.535","France"
"633","QNB (Qatar National Bank)","QNBK.QA","41250387207","4.53297","Qatar"
"634","Swisscom","SCMN.SW","41159468023","794.555","Switzerland"
"635","Adani Power","ADANIPOWER.NS","41140334975","2.13332","India"
"636","MSCI","MSCI","41095131136","565.27","United States"
"637","Kotak Mahindra Bank","KOTAKBANK.NS","41087360216","4.13085","India"
"638","Assa Abloy","ASSA-B.ST","41086869651","36.9893","Sweden"
"639","Grayscale Bitcoin Trust","GBTC","41085235200","59.34","United States"
"640","Disco Corp.","6146.T","41043954117","378.398","Japan"
"641","IQVIA","IQV","41031487488","249.28","United States"
"642","ORIX","IX","40969646080","37.51","Japan"
"643","Poste Italiane","PST.MI","40895090545","31.6472","Italy"
"644","Fujitsu","6702.T","40893496383","23.6238","Japan"
"645","Waters Corporation","WAT","40829607936","415.84","United States"
"646","Veeva Systems","VEEV","40773267456","251","United States"
"647","KB Financial Group","KB","40742354944","116.04","South Korea"
"648","Axis Bank","AXISBANK.BO","40657680931","13.061","India"
"649","Japan Post Holdings","6178.T","40549621347","14.4494","Japan"
"650","Adani Ports & SEZ","ADANIPORTS.NS","40521361555","17.5877","India"
"651","Viking Holdings","VIK","40497680384","90.77","Bermuda"
"652","NEC Corp","6701.T","40380168245","30.4447","Japan"
"653","Roper Technologies","ROP","40284303360","407.32","United States"
"654","Sandoz Group","SDZ.SW","40118772700","92.7189","Switzerland"
"655","Daimler Truck","DTG.F","40071045691","52.7103","Germany"
"656","BMW","BMW.DE","39975935711","68.1776","Germany"
"657","Consolidated Edison","ED","39941492736","108","United States"
"658","Renesas Electronics","6723.T","39897486761","21.8319","Japan"
"659","Yum! Brands","YUM","39824453632","145.93","United States"
"660","Fortescue","FMG.AX","39645867213","12.8764","Australia"
"661","JD.com","JD","39637176320","29.35","China"
"662","American International Group","AIG","39583010816","75.7","United States"
"663","SABIC","2010.SR","39551484303","13.1838","Saudi Arabia"
"664","Rosneft","ROSN.ME","39515455830","3.7","Russia"
"665","Sysco","SYY","39476924416","82.46","United States"
"666","Leonardo","LDO.MI","39404811677","68.3061","Italy"
"667","WEG ON","WEGE3.SA","39383854470","9.38643","Brazil"
"668","Komatsu","6301.T","39235986818","44.1559","Japan"
"669","Gold Fields","GFI","39220252672","43.85","South Africa"
"670","Expedia Group","EXPE","39158710272","326.27","United States"
"671","SSE","SSE.L","39118412309","32.4285","United Kingdom"
"672","CTBC Financial Holding","2891.TW","38956122867","1.97989","Taiwan"
"673","Archer Daniels Midland (ADM)","ADM","38922809344","80.76","United States"
"674","PKO Bank Polski","PKO.WA","38920146750","31.1361","Poland"
"675","Adyen","ADYEN.AS","38890438298","1232.01","Netherlands"
"676","PG&amp;E Corporation","PCG","38871777280","17.65","United States"
"677","Toyota Industries","6201.T","38809709179","129.162","Japan"
"678","Samsung Life Insurance","032830.KS","38772530941","215.913","South Korea"
"679","SAAB AB","SAAB-B.ST","38597944119","71.6569","Sweden"
"680","3i Group","III.L","38397641984","38.405","United Kingdom"
"681","Moore Threads","688795.SS","38368097808","81.6293","China"
"682","Aselsan","ASELS.IS","38327879615","8.40524","Turkey"
"683","TKO Group Holdings","TKO","38173810688","201.69","United States"
"684","ABN AMRO","ABN.AS","38166790901","46.8341","Netherlands"
"685","NetApp","NTAP","38102503424","194.48","United States"
"686","Tesco","TSCO.L","38023253390","6.1045","United Kingdom"
"687","Celestica","CLS","38004846592","301.36","Canada"
"688","The Hershey Company","HSY","37932752896","188.79","United States"
"689","Bank Leumi","LUMI.TA","37793501289","25.6819","Israel"
"690","HCL Technologies","HCLTECH.NS","37784591558","13.9645","India"
"691","ACWA POWER Company","2082.SR","37645929038","49.1397","Saudi Arabia"
"692","United Airlines Holdings","UAL","37578682368","115.78","United States"
"693","Victory Giant Technology","300476.SZ","37549236677","38.207","China"
"694","PSEG","PEG","37538553856","75.33","United States"
"695","COSCO Shipping","601919.SS","37417343100","2.45666","China"
"696","Vodafone","VOD","37369409536","16.17","United Kingdom"
"697","The Hartford","HIG","37253025792","137.53","United States"
"698","Kering","KER.PA","37251356441","303.797","France"
"699","Everpure","P","37229350912","112","United States"
"700","Dollarama","DOL.TO","37217407576","137.446","Canada"
"701","Sika","SIKA.SW","37169292855","231.672","Switzerland"
"702","Telstra","TLS.AX","37146312944","3.33476","Australia"
"703","Naspers","NPSNY","37144268800","9.93","South Africa"
"704","China State Shipbuilding Corporation (CSSC)","600150.SS","37065405857","4.92523","China"
"705","Sompo Holdings","8630.T","37028716516","41.5752","Japan"
"706","OTP Bank","OTP.BD","36961579630","145.593","Hungary"
"707","Hochtief","HOT.F","36919738349","490.654","Germany"
"708","Dubai Electricity and Water Authority (DEWA)","DEWA.AE","36894841813","0.737897","United Arab Emirates"
"709","Accton Technology","2345.TW","36885823718","65.9962","Taiwan"
"710","Givaudan","GIVN.SW","36881836360","3995.3","Switzerland"
"711","Kia","000270.KS","36828203447","94.7578","South Korea"
"712","Ecopetrol","EC","36778881024","17.89","Colombia"
"713","Kenvue","KVUE","36744396800","19.13","United States"
"714","Carnival Corporation","CCL","36555935744","26.69","United States"
"715","Kimberly-Clark","KMB","36473606144","109.88","United States"
"716","Daikin","6367.T","36415661045","130.833","Japan"
"717","Iron Mountain","IRM","36343562240","122.08","United States"
"718","Yageo","2327.TW","36149443750","17.599","Taiwan"
"719","TDK","6762.T","36050603957","18.9925","Japan"
"720","Fanuc","6954.T","35969944771","38.5465","Japan"
"721","Alcon","ALC","35897286656","74.26","Switzerland"
"722","HD Hyundai Heavy Industries","329180.KS","35866282661","341.802","South Korea"
"723","Vulcan Materials","VMC","35802603520","276.3","United States"
"724","Ubiquiti","UI","35749183488","590.68","United States"
"725","Henkel","HEN3.DE","35717686769","88.2243","Germany"
"726","Royalty Pharma","RPRX","35669782528","61.73","United Kingdom"
"727","WEC Energy Group","WEC","35628367872","109.34","United States"
"728","Emcor","EME","35542876160","805.78","United States"
"729","Talanx","TLX.DE","35536654098","137.617","Germany"
"730","Kinross Gold","KGC","35468599296","29.9","Canada"
"731","Estee Lauder","EL","35459518464","98.01","United States"
"732","M&T Bank","MTB","35443363840","244.55","United States"
"733","Weichai Power","2338.HK","35433634080","4.10101","China"
"734","MongoDB","MDB","35432677376","440.53","United States"
"735","Restaurant Brands International","QSR","35320356864","77.1","Canada"
"736","Hannover Rück","HNR1.DE","35305658361","292.757","Germany"
"737","Elbit Systems","ESLT","35246137344","752.3","Israel"
"738","UltraTech Cement","ULTRACEMCO.NS","35198474349","119.654","India"
"739","ČEZ Group","CEZ.PR","35066296544","65.3235","Czech Republic"
"740","Hindustan Aeronautics","HAL.NS","35059644230","52.4237","India"
"741","ITC","ITC.NS","35046693506","2.79707","India"
"742","PTT PCL","PTT-R.BK","34952333975","1.234","Thailand"
"743","Doosan Enerbility","034020.KS","34888963585","54.588","South Korea"
"744","Repsol","REP.MC","34845853654","32.021","Spain"
"745","Lukoil","LKOH.ME","34806429497","50.11","Russia"
"746","Wanhua Chemical","600309.SS","34781982609","11.1108","China"
"747","Huntington Bancshares","HBAN","34690523136","17.17","United States"
"748","Shinhan Financial Group","SHG","34636779520","73.56","South Korea"
"749","Prudential","PUK","34579480576","27.86","United Kingdom"
"750","Venture Global","VG","34476281856","13.79","United States"
"751","Kroger","KR","34473664512","56.27","United States"
"752","Gree Electric Appliances","000651.SZ","34464419951","6.15282","China"
"753","Experian","EXPGF","34426830848","38.95","Ireland"
"754","Sungrow Power Supply","300274.SZ","34393620495","16.5895","China"
"755","Raymond James Financial","RJF","34226917376","177.93","United States"
"756","BPER Banca","BPE.MI","34203047229","16.4136","Italy"
"757","Woolworths Group","WOW.AX","34155040404","27.9593","Australia"
"758","Dassault Systèmes","DSY.PA","34139798482","25.9813","France"
"759","Capitec Bank","CPI.JO","34130255800","294.598","South Africa"
"760","Maybank","MLYBY","34109532160","5.64","Malaysia"
"761","Ibiden","4062.T","34095066935","122","Japan"
"762","Intact Financial","IFC.TO","34091889409","192.84","Canada"
"763","CK Hutchison Holdings","0001.HK","34090554610","8.90082","Hong Kong"
"764","Twilio","TWLO","34073733120","221.87","United States"
"765","Novatek","NVTK.ME","34037797152","11.13","Russia"
"766","FirstRand","FSR.JO","33988766400","6.0783","South Africa"
"767","NTPC Limited","NTPC.NS","33953474430","3.50156","India"
"768","GE HealthCare Technologies","GEHC","33944025088","74.62","United States"
"769","Northern Trust","NTRS","33919975424","185.4","United States"
"770","DexCom","DXCM","33917184000","89.88","United States"
"771","Schindler Group","SCHN.SW","33843841933","312.191","Switzerland"
"772","Jabil","JBL","33822128128","322.77","United States"
"773","Bank Hapoalim","POLI.TA","33800531439","25.8499","Israel"
"774","Fairfax Financial","FFH.TO","33776846501","1626.3","Canada"
"775","Bajaj Finserv","BAJAJFINSV.NS","33747158170","21.0888","India"
"776","Chaozhou Three-Circle","300408.SZ","33718859576","16.8871","China"
"777","Muyuan Foods","002714.SZ","33681893488","5.83439","China"
"778","Nutrien","NTR","33643311104","70.5","Canada"
"779","Arch Capital","ACGL","33598730240","98.53","Bermuda"
"780","EQT Corporation","EQT","33552678912","53.64","United States"
"781","Bajaj Auto","BAJAJ-AUTO.NS","33450745394","121.826","India"
"782","Chunghwa Telecom","CHT","33357019136","43","Taiwan"
"783","Bank of Ningbo","002142.SZ","33320104635","5.04576","China"
"784","ResMed","RMD","33271793664","230.65","United States"
"785","Ericsson","ERIC","33227876352","10.15","Sweden"
"786","Banco Bradesco","BBD","33219606528","3.05","Brazil"
"787","Abu Dhabi Commercial Bank (ADCB)","ADCB.AE","33177450555","4.19","United Arab Emirates"
"788","Resona Holdings","8308.T","33127351875","14.7964","Japan"
"789","Steel Dynamics","STLD","33110222848","231.01","United States"
"790","Techtronic Industries","0669.HK","33001087562","18.0567","Hong Kong"
"791","Daiichi Sankyō","4568.T","32975216912","18.1217","Japan"
"792","BOE Technology","000725.SZ","32962587007","0.889815","China"
"793","Cheniere Energy
Partners","CQP","32780388352","67.72","United States"
"794","Biogen","BIIB","32736376832","221.56","United States"
"795","Grupo ACS","ACS.MC","32727264660","124.299","Spain"
"796","Advanced Info Service (AIS)","ADVANC.BK","32714495212","10.9994","Thailand"
"797","Bank of Jiangsu","600919.SS","32713171355","1.78261","China"
"798","JSW Steel","JSWSTEEL.NS","32697478716","13.3952","India"
"799","Extra Space Storage","EXR","32644114432","147.91","United States"
"800","Copart","CPRT","32607987712","33.85","United States"
"801","Hyundai Mobis","012330.KS","32561201212","365.115","South Korea"
"802","Ping An Bank","000001.SZ","32542922079","1.67696","China"
"803","Standard Bank Group","SBK.JO","32472058500","20.0088","South Africa"
"804","Alnylam Pharmaceuticals","ALNY","32463431680","242.61","United States"
"805","Celltrion","068270.KS","32439549303","141.455","South Korea"
"806","HeidelbergCement","HEI.DE","32408341298","184.346","Germany"
"807","Teck Resources","TECK","32355067904","65.95","Canada"
"808","TPG Inc.","TPG","32353492992","53.18","United States"
"809","Ahold Delhaize","AD.AS","32204661000","36.8575","Netherlands"
"810","China Resources Land","1109.HK","32190287472","4.51417","Hong Kong"
"811","Martin Marietta Materials","MLM","32167061504","535.53","United States"
"812","Ajinomoto","2802.T","32152021467","33.7258","Japan"
"813","Vestas Wind Systems","VWS.CO","32089186390","32.6996","Denmark"
"814","Yankuang Energy (Yanzhou Coal Mining)","600188.SS","32064756971","3.1947","China"
"815","Naturgy","NTGY.MC","32034172179","34.5794","Spain"
"816","Swiss Life","SLHN.SW","32030027171","1146.16","Switzerland"
"817","Centene","CNC","31961475072","64.7","United States"
"818","Epiroc","EPI-A.ST","31953090217","26.4088","Sweden"
"819","Adidas","ADS.DE","31883529339","182.126","Germany"
"820","Bridgestone","5108.T","31881484693","25.725","Japan"
"821","Universal Music Group","UMG.AS","31869470872","17.3773","Netherlands"
"822","Crown Castle","CCI","31760248832","74.65","United States"
"823","Zoetis","ZTS","31685986304","76.68","United States"
"824","Kühne + Nagel","KNIN.SW","31562755970","265.769","Switzerland"
"825","Zoom","ZM","31513667584","107.47","United States"
"826","Baidu","BIDU","31500253184","92.87","China"
"827","Ingersoll Rand","IR","31482273792","81.14","Ireland"
"828","Eternal (Zomato)","ETERNAL.NS","31464076951","3.418","India"
"829","Bharat Electronics","BEL.NS","31363726637","4.29065","India"
"830","International Container Terminal Services","ICTEF","31348742144","15.525","Philippines"
"831","Willis Towers Watson","WTW","31154819072","335.46","United Kingdom"
"832","Brookfield Infrastructure Partners","BIP","31092537344","39.42","Bermuda"
"833","Transurban","TCL.AX","31004175757","9.93665","Australia"
"834","Svenska Handelsbanken","SHB-A.ST","30977597437","15.452","Sweden"
"835","Foshan Haitian Flavouring and Food","603288.SS","30968180884","5.29276","China"
"836","Illumina","ILMN","30954999808","205","United States"
"837","Oil &amp; Natural Gas","ONGC.NS","30950409619","2.46023","India"
"838","Casey's General Stores","CASY","30941657088","836.15","United States"
"839","H&amp;M","HM-B.ST","30912172258","19.364","Sweden"
"840","Fresenius","FRE.DE","30691823030","54.4918","Germany"
"841","Oriental Land","4661.T","30630102832","18.6801","Japan"
"842","Denso","6902.T","30626589583","12.2157","Japan"
"843","Fresnillo","FNLPF","30529501184","41.43","Mexico"
"844","Haier Smart Home","600690.SS","30475027481","3.24976","China"
"845","Kraft Heinz","KHC","30451953664","25.68","United States"
"846","Kongsberg Gruppen","KOG.OL","30333759003","34.4855","Norway"
"847","Banorte","GFNORTEO.MX","30270286294","10.902","Mexico"
"848","Ameren","AEE","30253430784","109.28","United States"
"849","KONE","KNEBV.HE","30222136163","58.312","Finland"
"850","TechnipFMC","FTI","30204499968","77.02","United Kingdom"
"851","Las Vegas Sands","LVS","30169921536","46.58","United States"
"852","Teledyne Technologies","TDY","30050467840","648.63","United States"
"853","Novonesis","NZYM.VI","29967168381","64.2757","Denmark"
"854","Ashtead","AHT.L","29917450074","72.3405","United Kingdom"
"855","Coupang","CPNG","29905768448","16.66","United States"
"856","Zscaler","ZS","29851578368","184.6","United States"
"857","ON Semiconductor","ON","29813491712","76.58","United States"
"858","Citizens Financial Group","CFG","29802471424","70.76","United States"
"859","Lens Technology","300433.SZ","29682854193","5.62309","China"
"860","Publicis Groupe","PUB.PA","29625205019","118.633","France"
"861","Nestlé India","NESTLEIND.NS","29624701774","15.363","India"
"862","Dai-ichi Life Holdings","8750.T","29587001769","11.0989","Japan"
"863","Bayan Resources","BYAN.JK","29476616381","0.884298","Indonesia"
"864","Sampo","SAMPO.HE","29440480684","11.1799","Finland"
"865","ATI Inc.","ATI","29411442688","215.99","United States"
"866","Gulf Development Public Company","GULF.BK","29360741300","1.96527","Thailand"
"867","Kyocera","6971.T","29349473664","22.8036","Japan"
"868","Cboe Global Markets","CBOE","29319008256","280.75","United States"
"869","Credicorp","BAP","29304141824","368.98","Bermuda"
"870","Aviva","AV.L","29293967583","9.79388","United Kingdom"
"871","Trip.com","TCOM","29287587840","46.51","China"
"872","Sumitomo Mitsui Trust Holdings","8309.T","29279880222","10.632","Japan"
"873","Banco BPM","BAMI.MI","29272420274","19.4393","Italy"
"874","Halliburton","HAL","29255630848","35.02","United States"
"875","7-Eleven","3382.T","29188644896","12.8751","Japan"
"876","Reddit","RDDT","29188476928","151.71","United States"
"877","Veolia","VIE.PA","29144448985","39.8014","France"
"878","China General Nuclear Power Group (CGN)","003816.SZ","29079624104","0.57585","China"
"879","VICI Properties","VICI","29035415552","26.37","United States"
"880","DTE Energy","DTE","28961695744","139.18","United States"
"881","Atmos Energy","ATO","28949430272","171.31","United States"
"882","Airports of Thailand","AOT.BK","28945735874","2.0262","Thailand"
"883","Neste","NESTE.HE","28837526520","37.535","Finland"
"884","Cognizant Technology Solutions","CTSH","28819890176","60.93","United States"
"885","Blue Owl Capital","OWL","28746344448","11.77","United States"
"886","Fortis","FTS","28727906304","56.23","Canada"
"887","Mettler Toledo","MTD","28553900032","1425.09","United States"
"888","Insmed","INSM","28533727232","130.66","United States"
"889","Mindray","300760.SZ","28532868289","23.5459","China"
"890","Williams-Sonoma","WSM","28531179520","242.31","United States"
"891","Ryanair","RYAAY","28425926656","54.79","Ireland"
"892","BioNTech","BNTX","28416239616","113.12","Germany"
"893","Taishin Financial Holdings","2887.TW","28414136090","1.13136","Taiwan"
"894","Inpex","1605.T","28380101224","24.4189","Japan"
"895","Chroma ATE Inc.","2360.TW","28288223350","66.7819","Taiwan"
"896","LPL Financial","LPLA","28286593024","359.23","United States"
"897","Edison International","EIX","28260739072","73.44","United States"
"898","Pembina Pipeline","PBA","28217049088","48.52","Canada"
"899","SMC corp","6273.T","27986372446","445.155","Japan"
"900","China Coal Energy Company Limited","601898.SS","27955548349","2.10847","China"
"901","Hexagon AB","HEXA-B.ST","27952917058","10.4957","Sweden"
"902","Hapag-Lloyd","HLAG.DE","27945065069","158.995","Germany"
"903","Amadeus IT Group","AMS.MC","27878088770","66.3785","Spain"
"904","Shriram Transport Finance","SHRIRAMFIN.NS","27844237332","11.8338","India"
"905","Nomura Holdings","NMR","27793860608","9.51","Japan"
"906","Mitsubishi Estate","8802.T","27705740868","23.0749","Japan"
"907","Fiserv","FISV","27694411776","52.08","United States"
"908","Ørsted","ORSTED.CO","27687712818","20.9587","Denmark"
"909","Itaúsa","ITSA3.SA","27659151088","2.46706","Brazil"
"910","Roblox","RBLX","27639203840","38.69","United States"
"911","American Water","AWK","27565699072","138.71","United States"
"912","Dassault Aviation","AM.PA","27542647427","357.477","France"
"913","Life Insurance Corporation of India (LIC)","LICI.NS","27481897079","4.34497","India"
"914","DMart","DMART.NS","27472633693","42.1201","India"
"915","PT DCI Indonesia Tbk","DCII.JK","27456704457","11.5183","Indonesia"
"916","Otis Worldwide","OTIS","27389157376","71.95","United States"
"917","HP","HPQ","27380809728","29.94","United States"
"918","FirstEnergy","FE","27330873344","47.25","United States"
"919","BT Group","BT-A.L","27272053376","2.76772","United Kingdom"
"920","Astellas Pharma","4503.T","27265612050","15.2066","Japan"
"921","Dover Corporation","DOV","27256584192","202.38","United States"
"922","Yuanta Financial Holding","2885.TW","27144935256","1.95789","Taiwan"
"923","Xylem","XYL","27133503488","116.21","United States"
"924","Eversource Energy","ES","27116814336","71.99","United States"
"925","Roivant Sciences","ROIV","27014881280","37.4","United Kingdom"
"926","Philips","PHG","26996547584","27.62","Netherlands"
"927","China State Construction Engineering","601668.SS","26991519200","0.653225","China"
"928","Dollar General","DG","26979950592","122.31","United States"
"929","George Weston","WN.TO","26877550205","71.8075","Canada"
"930","ADNOC Drilling Company","ADNOCDRILL.AE","26836573319","1.68","United Arab Emirates"
"931","Tenaris","TS","26800887808","53.09","Luxembourg"
"932","LabCorp","LH","26798684160","330.44","United States"
"933","New China Life Insurance","601336.SS","26750906855","8.57526","China"
"934","Exor","EXO.AS","26743413040","81.3668","Netherlands"
"935","First Quantum Minerals","FM.TO","26740786310","32.0554","Canada"
"936","Corpay","CPAY","26728708096","407.08","United States"
"937","PPL","PPL","26707816448","35.49","United States"
"938","China National Nuclear Power","601985.SS","26687447957","1.29752","China"
"939","Quest Diagnostics","DGX","26683863040","241.76","United States"
"940","ST Engineering","S63.SI","26676875412","8.55219","Singapore"
"941","GlobalFoundries","GFS","26658330624","48.58","United States"
"942","Mediobanca","MB.MI","26645781340","33.0374","Italy"
"943","Hansoh Pharma","3692.HK","26642468745","4.3943","China"
"944","CenterPoint Energy","CNP","26612299776","40.4","United States"
"945","Samsung Electro-Mechanics","009155.KS","26526726172","351.128","South Korea"
"946","Emaar Properties","EMAAR.AE","26521665579","3.0006","United Arab Emirates"
"947","Anta Sports","2020.HK","26514511346","9.5703","China"
"948","Bank Rakyat Indonesia","BBRI.JK","26504023051","0.176019","Indonesia"
"949","MTR Corporation","0066.HK","26435330067","4.25403","Hong Kong"
"950","Qnity Electronics","Q","26385113088","126.04","United States"
"951","Chocoladefabriken Lindt &amp; Sprüngli","LISP.SW","26356442559","11424.1","Switzerland"
"952","Michelin","ML.PA","26354799935","36.9476","France"
"953","Bending Spoons","BSP","26336192512","41.46","Italy"
"954","China Everbright Bank","601818.SS","26287595955","0.444907","China"
"955","Formula One Group","FWONK","26284275712","104.84","United States"
"956","AvalonBay Communities","AVB","26283393024","184.06","United States"
"957","Tapestry","TPR","26263871488","131.72","United States"
"958","Helvetia Baloise Holding AG","HBAN.SW","26203901548","264.518","Switzerland"
"959","Aristocrat","ALL.AX","26190691915","43.8679","Australia"
"960","EnBW Energie","EBK.DE","26149964371","80.6075","Germany"
"961","Asian Paints","ASIANPAINT.NS","26127094538","27.2542","India"
"962","LG Electronics","066570.KS","26120266065","145.436","South Korea"
"963","Imperial Brands","IMB.L","26084520606","34.3753","United Kingdom"
"964","Regions Financial","RF","26060525568","30.59","United States"
"965","Incyte","INCY","26040580096","128.47","United States"
"966","Sany Heavy Industry","600031.SS","25995848367","2.82717","China"
"967","OMV","OMV.F","25992490877","79.7313","Austria"
"968","AIB Group (Allied Irish Banks)","A5G.IR","25980537831","12.4065","Ireland"
"969","Synchrony Financial","SYF","25906028544","79.62","United States"
"970","Affirm","AFRM","25897705472","77.33","United States"
"971","Cincinnati Financial","CINF","25859516416","168.49","United States"
"972","AST SpaceMobile","ASTS","25852395520","66.43","United States"
"973","W. R. Berkley","WRB","25841147904","69.61","United States"
"974","Texas Pacific Land Corporation","TPL","25739970560","373.18","United States"
"975","S.F. Express","002352.SZ","25705641540","4.88208","China"
"976","EchoStar","ECHO","25689546752","88.435","United States"
"977","Pop Mart International Group","9992.HK","25671112362","19.5742","China"
"978","Coal India","COALINDIA.NS","25653629210","4.16271","India"
"979","Geely","0175.HK","25608246199","2.3744","China"
"980","Tower Semiconductor","TSEM","25597054976","226.46","Israel"
"981","Powergrid Corporation of India","POWERGRID.NS","25596744593","2.75216","India"
"982","J. B. Hunt","JBHT","25580238848","272.42","United States"
"983","Smurfit Westrock","SW","25549510656","48.71","Ireland"
"984","SharkNinja","SN","25531559936","181.24","United States"
"985","National Bank of Kuwait","NBK.KW","25498070319","2777.6","Kuwait"
"986","DSM-Firmenich","DSFIR.AS","25482799666","103.388","Switzerland"
"987","Symbotic","SYM","25437429760","42.02","United States"
"988","nVent Electric","NVT","25392273408","156.88","United Kingdom"
"989","NRG Energy","NRG","25347180544","120.58","United States"
"990","Fox Corporation","FOX","25342672896","60.39","United States"
"991","CLP Group","0002.HK","25338703087","10.0294","Hong Kong"
"992","Dollar Tree","DLTR","25336297472","131.84","United States"
"993","PPG Industries","PPG","25324414976","113.92","United States"
"994","WuXi Biologics","WXXWY","25294491648","12.32","China"
"995","Carpenter Technology","CRS","25272887296","509.96","United States"
"996","Suzuki Motor","7269.T","25229172692","13.077","Japan"
"997","Darden Restaurants","DRI","25193781248","221.89","United States"
"998","Mitsui Fudosan","8801.T","25140913043","9.33848","Japan"
"999","Hubbell","HUBB","25133662208","475.64","United States"
"1000","Huatai Securities","601688.SS","25117531393","2.78253","China"
"1001","Fair Isaac (FICO)","FICO","25087596544","1161.59","United States"
"1002","Hindustan Zinc","HINDZINC.NS","25029398837","5.92367","India"
"1003","Hua Hong Semiconductor Limited","1347.HK","24971929483","14.3714","China"
"1004","Omnicom Group","OMC","24918093824","87.43","United States"
"1005","PulteGroup","PHM","24892755968","130.68","United States"
"1006","Curtiss-Wright","CW","24869439488","673.34","United States"
"1007","West Pharmaceutical Services","WST","24827865088","352.79","United States"
"1008","International Consolidated Airlines","BABWF","24783390720","5.65","Spain"
"1009","Okta","OKTA","24760672256","141.21","United States"
"1010","Amrize","AMRZ","24753852416","45.26","Switzerland"
"1011","Coterra Energy","CTRA","24724652032","32.56","United States"
"1012","East Japan Railway","9020.T","24713781926","21.8886","Japan"
"1013","VeriSign","VRSN","24681912320","273.03","United States"
"1014","PBBank (Public Bank Bhd)","1295.KL","24678280134","1.27138","Malaysia"
"1015","Equity Residential","EQR","24609972224","63.66","United States"
"1016","First Citizens BancShares","FCNCA","24514201600","2170.72","United States"
"1017","Nan Ya PCB","8046.TW","24469812143","37.8693","Taiwan"
"1018","Verisk Analytics","VRSK","24429021184","186.45","United States"
"1019","Klabin","KLBN11.SA","24419738970","3.43647","Brazil"
"1020","Veralto","VLTO","24403714048","100.1","United States"
"1021","China Jushi Co., Ltd.","600176.SS","24392300782","6.0933","China"
"1022","Hana Financial Group","086790.KS","24362948971","90.8126","South Korea"
"1023","China International Capital Corporation","601995.SS","24335609533","5.04129","China"
"1024","Telefónica","TEF.MC","24308008497","4.31893","Spain"
"1025","Northern Star","NST.AX","24289333261","17.0475","Australia"
"1026","Fujifilm","4901.T","24284391347","20.3049","Japan"
"1027","Global Payments","GPN","24276090880","91.74","United States"
"1028","Bombardier","BBD-B.TO","24273596354","246.05","Canada"
"1029","Expeditors International","EXPD","24235452416","186.44","United States"
"1030","Terumo","4543.T","24167114305","16.3834","Japan"
"1031","ZTE","000063.SZ","24115195304","5.04129","China"
"1032","Canon","7751.T","24080387981","28.5328","Japan"
"1033","Alfa Laval","ALFA.ST","24013147461","58.0973","Sweden"
"1034","Arxis, Inc.","ARXS","24001335296","55.71","United States"
"1035","Shenzhen Inovance","300124.SZ","23995966689","8.86244","China"
"1036","Aeon","8267.T","23950741786","8.65703","Japan"
"1037","Hydro One","H.TO","23946437325","39.9043","Canada"
"1038","T. Rowe Price","TROW","23940440064","112.23","United States"
"1039","Brown &amp; Brown","BRO","23921295360","71.49","United States"
"1040","Shandong Gold Mining","600547.SS","23919089514","5.1886","China"
"1041","Principal Financial Group","PFG","23902642176","111.64","United States"
"1042","First Solar","FSLR","23901280256","222.4","United States"
"1043","Tata Steel","TATASTEEL.NS","23900322957","1.91596","India"
"1044","Aker BP","AKRBP.OL","23841774033","37.7698","Norway"
"1045","InterContinental Hotels Group","IHG","23833444352","161.56","United Kingdom"
"1046","China Securities (CSC Financial)","601066.SS","23815687836","3.66639","China"
"1047","Industrivarden","INDU-A.ST","23810094220","55.1288","Sweden"
"1048","SoFi","SOFI","23790725120","18.42","United States"
"1049","Coca-Cola FEMSA","KOF","23787724800","113.23","Mexico"
"1050","Divis Laboratories","DIVISLAB.NS","23766374686","89.5261","India"
"1051","Unipol Assicurazioni","UNI.MI","23761639903","33.1308","Italy"
"1052","Yili Group","600887.SS","23746572978","3.75418","China"
"1053","Gazprom","GAZP.ME","23673512220","0.99","Russia"
"1054","Supermicro","SMCI","23662616576","36.58","United States"
"1055","Hindalco Industries","HINDALCO.NS","23609665450","10.6358","India"
"1056","Naver","035420.KS","23605210478","157.81","South Korea"
"1057","KeyCorp (KeyBank)","KEY","23583541248","22.1","United States"
"1058","GF Securities","000776.SZ","23577579228","3.01317","China"
"1059","Grupo Cibest (Bancolombia)","CIB","23538614272","99.67","Colombia"
"1060","Church & Dwight","CHD","23485558784","99.01","United States"
"1061","Global Unichip Corp.","3443.TW","23479299958","175.204","Taiwan"
"1062","Raiffeisen Bank International","RAW.F","23474604092","71.4953","Austria"
"1063","Aluminum Corporation of China","601600.SS","23458699235","1.36746","China"
"1064","Next plc","NXT.L","23443023237","205.367","United Kingdom"
"1065","NN Group","NN.AS","23427758485","90.0935","Netherlands"
"1066","Geberit","GEBN.SW","23360810384","708.467","Switzerland"
"1067","AerCap","AER","23294676992","148.2","Ireland"
"1068","Roku","ROKU","23272095744","156.8","United States"
"1069","US Foods","USFD","23259877376","107.52","United States"
"1070","Partners Group","PGHN.SW","23234794791","901.162","Switzerland"
"1071","Grasim Industries","GRASIM.NS","23140205811","34.1174","India"
"1072","XPO Logistics","XPO","23116380160","197.43","United States"
"1073","Steris","STE","23098750976","236.91","Ireland"
"1074","SGS","SGSN.SW","23065325280","116.618","Switzerland"
"1075","MTU Aero Engines","MTX.DE","23027171123","427.453","Germany"
"1076","QBE Insurance","QBE.AX","23023439186","15.4104","Australia"
"1077","Viper Energy","VNOM","22992451584","43.88","United States"
"1078","Central Japan Railway","9022.T","22985105896","24.2106","Japan"
"1079","Eicher Motors","EICHERMOT.NS","22981226776","83.7137","India"
"1080","Innovent Biologics","1801.HK","22977045532","13.1982","China"
"1081","Expand Energy","EXE","22973145088","96.03","United States"
"1082","China Merchants Securities","600999.SS","22969027173","2.64117","China"
"1083","Dow","DOW","22934319104","31.75","United States"
"1084","Verbund AG","OEWA.F","22890471909","65.8879","Austria"
"1085","Zhejiang Sanhua Intelligent Controls Co.,Ltd","002050.SZ","22866849328","5.43412","China"
"1086","Samsara","IOT","22842234880","39.2","United States"
"1087","CSG N.V. (The Czechoslovak Group)","CSG.AS","22838783835","22.8388","Czech Republic"
"1088","Terna","TRN.MI","22829216134","11.3762","Italy"
"1089","Abu Dhabi Islamic Bank (ADIB)","ADIB.AE","22824854135","6.28","United Arab Emirates"
"1090","VAT Group","VACN.SW","22812945581","761.271","Switzerland"
"1091","Constellation Brands","STZ","22805796864","133.52","United States"
"1092","Ems-Chemie","EMSN.SW","22783516744","974.111","Switzerland"
"1093","Rivian","RIVN","22774847488","15.73","United States"
"1094","SK Group","034730.KS","22731003986","416.762","South Korea"
"1095","Loews Corporation","L","22730317824","111.19","United States"
"1096","United Therapeutics","UTHR","22695182336","529.14","United States"
"1097","ULTA Beauty","ULTA","22691907584","527.85","United States"
"1098","Largan Precision","3008.TW","22628664502","173.004","Taiwan"
"1099","HENGTONG Optic-Electric","600487.SS","22603245018","9.1645","China"
"1100","Snam","SRG.MI","22581027724","6.72897","Italy"
"1101","Equifax","EFX","22568849408","192.1","United States"
"1102","Packaging Corporation of America","PKG","22533851136","252.91","United States"
"1103","Tradeweb","TW","22522087424","103.3","United States"
"1104","Ralph Lauren","RL","22519703552","377.96","United States"
"1105","Constellation Oil Services Holding","QG21.F","22466204822","14.7812","Luxembourg"
"1106","Bandai Namco","7832.T","22460192635","35.0193","Japan"
"1107","EDP Group","EDP.F","22437148548","5.42757","Portugal"
"1108","Coca-Cola HBC","CCH.L","22407517959","61.4807","Switzerland"
"1109","Adani Green Energy","ADANIGREEN.NS","22398074566","13.5979","India"
"1110","AXIA Energia SA","AXIA3.SA","22381154469","9.82953","Brazil"
"1111","China Minsheng Bank","600016.SS","22345613596","0.510379","China"
"1112","Amundi","AMUN.PA","22327013521","110.748","France"
"1113","China Unicom","0762.HK","22298935040","0.728771","Hong Kong"
"1114","Markel Group","MKL","22240471040","1795.04","United States"
"1115","Dr. Sulaiman Al Habib Medical Services Group Company","4013.SR","22223405944","63.4954","Saudi Arabia"
"1116","LY Corporation","4689.T","22206917761","3.23755","Japan"
"1117","Fuyao Glass Industry Group","600660.SS","22150105095","8.48746","China"
"1118","Legal &amp; General","LGEN.L","22131499112","4.05696","United Kingdom"
"1119","BCE Inc.","BCE","22100862976","23.7","Canada"
"1120","Tenaga Nasional","TNABY","22048729088","15.13","Malaysia"
"1121","Coles Group","COL.AX","22046329302","16.414","Australia"
"1122","MTN Group","MTN.JO","22024268900","12.0156","South Africa"
"1123","Entegris","ENTG","21973843968","144.28","United States"
"1124","Nornickel","GMKN.ME","21970288403","1.4","Russia"
"1125","Formosa Petrochemical","6505.TW","21943835950","2.30358","Taiwan"
"1126","Amcor","AMCR","21938302976","47.45","Switzerland"
"1127","Guardant Health","GH","21919600640","163.34","United States"
"1128","China Northern Rare Earth (CNREHT)","600111.SS","21909326971","6.06056","China"
"1129","Bunge Global SA","BG","21901580288","114","United States"
"1130","MasTec","MTZ","21848565760","272.07","United States"
"1131","QNB Finansbank","QNBTR.IS","21818159876","3.96694","Turkey"
"1132","CMS Energy","CMS","21812813824","70.61","United States"
"1133","TVS Motor","TVSMOTOR.NS","21809888549","45.8937","India"
"1134","ENEOS Holdings","5020.T","21762028523","8.17433","Japan"
"1135","Lundin Mining","LUN.TO","21748254061","25.5472","Canada"
"1136","International Paper","IP","21744140288","41.06","United States"
"1137","Bank of Nanjing","601009.SS","21689822084","1.75433","China"
"1138","F5","FFIV","21667260416","382.63","United States"
"1139","FTAI Aviation","FTAI","21661952000","210.91","United States"
"1140","Bank Mandiri","BMRI.JK","21660406276","0.232076","Indonesia"
"1141","Evolution Mining","EVN.AX","21656869633","10.6627","Australia"
"1142","Nippon Steel","5401.T","21655860231","4.14364","Japan"
"1143","MFHC","2886.TW","21653376771","1.45977","Taiwan"
"1144","Tenet Healthcare","THC","21620961280","268.52","United States"
"1145","Riyad Bank","1010.SR","21600546892","5.42268","Saudi Arabia"
"1146","Traton","8TRA.DE","21542057713","43.0841","Germany"
"1147","Sociedad Química y Minera","SQM","21531377664","75.38","Chile"
"1148","Coeur Mining","CDE","21514680320","20.93","United States"
"1149","Kingspan Group","KRX.IR","21423556032","119.042","Ireland"
"1150","Circle Internet Group","CRCL","21423169536","78.59","United States"
"1151","Capgemini","CAP.PA","21399934649","128.914","France"
"1152","General Mills","GIS","21379833856","39.99","United States"
"1153","ASICS Corporation","7936.T","21354463428","30.1229","Japan"
"1154","LyondellBasell","LYB","21339885568","66.06","United States"
"1155","CIMB Group","1023.KL","21324097584","1.97274","Malaysia"
"1156","LS ELECTRIC Co., Ltd.","010120.KS","21302620006","143.177","South Korea"
"1157","International Flavors & Fragrances","IFF","21274439680","83.33","United States"
"1158","Genmab","GMAB","21268695040","34.11","Denmark"
"1159","JX Advanced Metals","5016.T","21265997020","22.9045","Japan"
"1160","Uniper","UN0.DE","21261649192","51.0514","Germany"
"1161","Woodward","WWD","21253543936","359.95","United States"
"1162","ASUS","2357.TW","21241729539","28.5984","Taiwan"
"1163","Burlington Stores","BURL","21205217280","337.5","United States"
"1164","Banco de Chile","BCH","21092366336","41.76","Chile"
"1165","Bouygues","EN.PA","21067347586","54.5561","France"
"1166","Lennar","LEN","21030146048","87.3","United States"
"1167","Royal Gold","RGLD","21024370688","248.14","United States"
"1168","Technoprobe","TPRO.MI","21019829680","32.8271","Italy"
"1169","Fidelity National Information Services","FIS","21016305664","40.66","United States"
"1170","China National Uranium","001280.SZ","20981866530","10.1451","China"
"1171","InterGlobe Aviation (IndiGo)","INDIGO.NS","20980468602","54.2598","India"
"1172","Singapore Exchange","S68.SI","20968459551","19.622","Singapore"
"1173","CK Infrastructure","1038.HK","20916512510","8.30149","Hong Kong"
"1174","Pan American Silver","PAAS","20855283712","50.3","Canada"
"1175","Fortum","FORTUM.HE","20854061307","23.2418","Finland"
"1176","Banca Mediolanum","BMED.MI","20763009046","28.0841","Italy"
"1177","Unity Software","U","20732590080","47.11","United States"
"1178","China Tower","0788.HK","20697978947","1.18401","China"
"1179","Alpha Dhabi","ALPHADHABI.AE","20693786244","2.07","United Arab Emirates"
"1180","FedEx Freight","FDXF","20658919424","138.17","United States"
"1181","MACOM Technology Solutions","MTSI","20618622976","269.98","United States"
"1182","Tyson Foods","TSN","20597977088","58.55","United States"
"1183","CK Asset Holdings","1113.HK","20556033879","5.87352","Hong Kong"
"1184","Charter Communications","CHTR","20549523456","152.47","United States"
"1185","Rubrik","RBRK","20537573376","99.78","United States"
"1186","Hwatsing Technology","688120.SS","20529162994","41.366","China"
"1187","Bank of Shanghai","601229.SS","20508543119","1.44335","China"
"1188","Cellnex Telecom","CLNX.MC","20495367029","30.9229","Spain"
"1189","Bank of Ireland Group","BIRG.IR","20473894132","21.7114","Ireland"
"1190","Stellantis","STLA","20456568832","5.43","Netherlands"
"1191","Reliance","RS","20385974272","399.31","United States"
"1192","Snap-on","SNA","20376864768","393.93","United States"
"1193","Broadridge Financial Solutions","BR","20359329792","176.03","United States"
"1194","Kaō","4452.T","20346266601","22.4881","Japan"
"1195","Toast","TOST","20322480128","35.16","United States"
"1196","Mizrahi-Tefahot","MZTF.TA","20313303717","78.0032","Israel"
"1197","Southwest Airlines","LUV","20263002112","41.42","United States"
"1198","Western Midstream","WES","20249686016","49.01","United States"
"1199","Industrias Peñoles","PE&OLES.MX","20242402346","50.9274","Mexico"
"1200","Sieyuan Electric","002028.SZ","20214974409","25.8314","China"
"1201","TD Synnex","SNX","20132014080","251.78","United States"
"1202","Rongsheng Petrochemical","002493.SZ","20066583469","2.00878","China"
"1203","Wärtsilä","WRT1V.HE","20041817574","33.9953","Finland"
"1204","Pernod Ricard","RI.PA","20039620042","79.5794","France"
"1205","Exact Sciences","EXAS","20026083328","104.91","United States"
"1206","Indian Oil","IOC.NS","20010115755","1.41702","India"
"1207","China Overseas Land &amp; Investment","0688.HK","20000099774","1.82735","Hong Kong"
"1208","Banco Sabadell","SAB.MC","19996006734","4.21379","Spain"
"1209","Banco do Brasil","BBAS3.SA","19971833652","3.49838","Brazil"
"1210","NiSource","NI","19964088320","41.63","United States"
"1211","Vonovia","VNA.DE","19892643744","23.4463","Germany"
"1212","Beiersdorf","BEI.DE","19876471482","90.9579","Germany"
"1213","Torrent Pharmaceuticals","TORNTPHARM.NS","19840168305","52.1605","India"
"1214","Alinma Bank","1150.SR","19807701991","6.60257","Saudi Arabia"
"1215","Essex Property Trust","ESS","19806629888","287.36","United States"
"1216","Borouge","BOROUGE.AE","19806026526","0.66","United Arab Emirates"
"1217","Adani Energy Solutions","ADANIENSOL.NS","19801176495","16.1913","India"
"1218","Amer Sports","AS","19793586176","34.02","Finland"
"1219","Galp Energia","GZ5.F","19747675969","24.4977","Portugal"
"1220","Telenor","TEL.OL","19745236075","14.5112","Norway"
"1221","Lasertec","6920.T","19743358864","220.275","Japan"
"1222","Rogers Communications","RCI","19734429696","36.53","Canada"
"1223","Galaxy Entertainment","0027.HK","19712802037","4.50142","Hong Kong"
"1224","Great Wall Motors","601633.SS","19659977226","2.29298","China"
"1225","Samsung Fire & Marine Insurance Co., Ltd.","000810.KS","19643851368","444.738","South Korea"
"1226","YPF S.A.","YPF","19627278336","50.06","Argentina"
"1227","BE Semiconductor","BESI.AS","19623781540","247.897","Netherlands"
"1228","CVC Capital Partners plc","CVC.AS","19612113204","17.9556","Jersey"
"1229","Hanwha Ocean (DSME)","042660.KS","19525343503","63.7338","South Korea"
"1230","Sumitomo Realty &amp; Development","8830.T","19464922241","21.0747","Japan"
"1231","Essity","ESSITY-B.ST","19457117358","28.7518","Sweden"
"1232","Santos","STO.AX","19453348970","5.98975","Australia"
"1233","Chery Automobile","9973.HK","19406533720","3.341","China"
"1234","Straumann","STMN.SW","19396897968","121.648","Switzerland"
"1235","Kaspi.kz Joint Stock Company","KKS.F","19391802476","100.234","Kazakhstan"
"1236","China Galaxy Securities","601881.SS","19377832581","1.77219","China"
"1237","SBA Communications","SBAC","19353653248","182.43","United States"
"1238","SS&C Technologies","SSNC","19307411456","82.28","United States"
"1239","Wipro","WIT","19290632192","1.95","India"
"1240","Permian Resources","PR","19280564224","23.02","United States"
"1241","Associated British Foods","ABF.L","19270976650","27.5683","United Kingdom"
"1242","Evergy","EVRG","19270803456","83.58","United States"
"1243","CRRC","1766.HK","19249759007","0.67075","China"
"1244","Zimmer Biomet","ZBH","19214915584","100.74","United States"
"1245","HD Hyundai Electric","267260.KS","19208777460","533.685","South Korea"
"1246","Nidec","6594.T","19203534141","16.7525","Japan"
"1247","Norsk Hydro","NHY.OL","19190841851","9.7564","Norway"
"1248","ITT","ITT","19185295360","213.55","United States"
"1249","KE Holdings","BEKE","19176794112","17.38","China"
"1250","Julius Bär","BAER.SW","19150300763","93.0692","Switzerland"
"1251","Telecom Italia","TIT.MI","19132052198","8.96846","Italy"
"1252","Xi'an Eswin Material Technology Co.,Ltd.","688783.SS","19124049406","4.73625","China"
"1253","Lite-On Technology","2301.TW","19116874039","8.42238","Taiwan"
"1254","Hyosung Heavy Industries Corporation","298040.KS","19116696105","2052.97","South Korea"
"1255","WSP Global","WSP.TO","19086159748","141.571","Canada"
"1256","IHH Healthcare","Q0F.SI","19084496856","2.10067","Malaysia"
"1257","E.SUN Bank","2884.TW","19056894799","1.17693","Taiwan"
"1258","MKS Instruments","MKSI","19041105920","281.6","United States"
"1259","Konami Holdings","9766.T","19031143407","140.393","Japan"
"1260","Zhongjin Gold","600489.SS","19027170367","3.9253","China"
"1261","Baosteel","600019.SS","19025495520","0.873447","China"
"1262","Magna International","MGA","18996584448","71.01","Canada"
"1263","Saudi Electricity","5110.SR","18976390514","4.55441","Saudi Arabia"
"1264","Polyus","PLZL.ME","18918996574","13.21","Russia"
"1265","Multiply Group","MULTIPLY.AE","18916540944","0.55","United Arab Emirates"
"1266","INNIO N.V.","INIO","18915000320","25.22","Germany"
"1267","Arca Continental","AC.MX","18906671158","11.1334","Mexico"
"1268","Resonac Holdings Corporation","4004.T","18876854841","99.5053","Japan"
"1269","Dupont De Nemours","DD","18859509760","139.68","United States"
"1270","KGHM Polska Miedź","KGH.WA","18844119682","94.2206","Poland"
"1271","Kuaishou Technology","1024.HK","18825156473","4.35095","China"
"1272","Best Buy","BBY","18802534400","89.21","United States"
"1273","Samvardhana Motherson","MOTHERSON.NS","18748611192","1.78029","India"
"1274","Euronext","ENX.PA","18747877546","187.967","Netherlands"
"1275","Krung Thai Bank","KTB.BK","18736950245","1.34065","Thailand"
"1276","SBI Life Insurance","SBILIFE.NS","18683055339","18.6207","India"
"1277","Viatris","VTRS","18658859008","16.245","United States"
"1278","Solar Industries India","SOLARINDS.NS","18657909578","206.187","India"
"1279","Hyundai Motor India","HYUNDAI.NS","18649501191","22.9521","India"
"1280","Kubota","6326.T","18628221294","16.5379","Japan"
"1281","Luzhou Laojiao","000568.SZ","18627367123","12.6553","China"
"1282","Eurobank Ergasias Services and Holdings","EUROB.AT","18611233361","5.18692","Greece"
"1283","Knorr-Bremse","KBX.DE","18605795155","115.421","Germany"
"1284","SiTime","SITM","18605250560","618.71","United States"
"1285","Grupo Carso","GCARSOA1.MX","18553970267","8.23554","Mexico"
"1286","Genuine Parts Company","GPC","18547650560","134.54","United States"
"1287","Advantech","2395.TW","18544383502","21.3388","Taiwan"
"1288","Banco Comercial Português (Millennium bcp)","BCP.LS","18518544614","1.26168","Portugal"
"1289","HD Korea Shipbuilding &amp; Offshore Engineering","009540.KS","18489242853","261.463","South Korea"
"1290","IHI Corporation","7013.T","18486141437","17.4371","Japan"
"1291","Bank Pekao (Bank Polska Kasa Opieki)","PEO.WA","18476498175","70.3947","Poland"
"1292","Tractor Supply","TSCO","18465660928","35.44","United States"
"1293","AVIC Shenyang Aircraft Company Limited","600760.SS","18455197990","6.50993","China"
"1294","The Saudi British Bank","1060.SR","18432183040","8.97033","Saudi Arabia"
"1295","SPEEH Hidroelectrica","H2O.RO","18412033398","40.9336","Romania"
"1296","Leidos","LDOS","18403670016","146.31","United States"
"1297","Swire Properties","1972.HK","18398765523","3.19563","Hong Kong"
"1298","Wolters Kluwer","WKL.AS","18378619082","82.5","Netherlands"
"1299","APi Group","APG","18371133440","42.51","United States"
"1300","Carlsberg","CARL-B.CO","18361677116","138.923","Denmark"
"1301","Telefonica Brasil","VIV","18358757376","11.49","Brazil"
"1302","Sinopac Financial Holdings","2890.TW","18326730659","1.23979","Taiwan"
"1303","Korea Zinc","010130.KS","18314822164","898.083","South Korea"
"1304","Sichuan Biokin Pharmaceutical","688506.SS","18307626189","44.3419","China"
"1305","Onto Innovation","ONTO","18306469888","299.5","United States"
"1306","KPN","KPN.AS","18228393737","4.7535","Netherlands"
"1307","Telia Company","TELIA.ST","18208899236","4.63082","Sweden"
"1308","Alliant Energy","LNT","18188822528","70.15","United States"
"1309","PT Amman Mineral Internasional Tbk","AMMN.JK","18185302092","0.251135","Indonesia"
"1310","Ovintiv","OVV","18133895168","65.56","United States"
"1311","Kasikornbank","KBANK.BK","18120087148","7.64778","Thailand"
"1312","News Corp","NWS","18111698944","33.53","United States"
"1313","Daiwa House","1925.T","18062511991","29.1638","Japan"
"1314","PharmaEssentia","6446.TW","18046188382","43.6832","Taiwan"
"1315","CF Industries","CF","18012264448","119.02","United States"
"1316","Sumitomo Metal Mining","5713.T","17999811069","67.0415","Japan"
"1317","Wistron Corporation","3231.TW","17988981344","5.65682","Taiwan"
"1318","Zangge Mining Company","000408.SZ","17978147008","11.459","China"
"1319","Wilmar International","F34.SI","17976907270","2.87958","Singapore"
"1320","Sonova","SOON.SW","17973238245","302.556","Switzerland"
"1321","Vodacom","VOD.JO","17970302700","9.30254","South Africa"
"1322","Bank of Hangzhou","600926.SS","17970148213","2.47898","China"
"1323","Brambles","BXB.AX","17964300295","13.4494","Australia"
"1324","EVE Energy","300014.SZ","17960703735","8.26427","China"
"1325","Fortive","FTV","17956315136","58.9","United States"
"1326","Jones Lang LaSalle","JLL","17952665600","390.21","United States"
"1327","Invitation Homes","INVH","17940068352","30.2","United States"
"1328","Halma","HLMA.L","17934242167","47.4855","United Kingdom"
"1329","Shanghai International Port Group (SIPG)","600018.SS","17908994363","0.769288","China"
"1330","Annaly Capital Management","NLY","17893181440","23.74","United States"
"1331","KEPCO","9503.T","17886457487","16.0552","Japan"
"1332","Kazatomprom","0ZQ.F","17876214300","68.9252","Kazakhstan"
"1333","East West Bancorp","EWBC","17866344448","130.4","United States"
"1334","Nomura Research Institute","4307.T","17850828768","31.8707","Japan"
"1335","China Steel","2002A.TW","17842744617","1.17065","Taiwan"
"1336","PTT Exploration and Production","PTTEP.BK","17841950524","4.49421","Thailand"
"1337","Air China","601111.SS","17838177842","0.870471","China"
"1338","Weyerhaeuser","WY","17744521216","24.62","United States"
"1339","Hongkong Land","H78.SI","17732884480","8.32","Hong Kong"
"1340","ageas","AGS.BR","17696357554","84.5794","Belgium"
"1341","Nutanix","NTNX","17684367360","65.42","United States"
"1342","SEGRO","SGRO.L","17679110667","13.0667","United Kingdom"
"1343","JDE Peet's","JDEP.AS","17677496401","36.4135","Netherlands"
"1344","Carlyle Group","CG","17602840576","49.4","United States"
"1345","IonQ","IONQ","17566681088","43.36","United States"
"1346","POSCO","PKX","17565194240","58.07","South Korea"
"1347","Pidilite","PIDILITIND.NS","17542353925","17.2357","India"
"1348","James Hardie Industries","JHX","17531779072","30.2","Ireland"
"1349","Nippon Paint","4612.T","17467229528","7.53073","Japan"
"1350","Hong Kong and China Gas","0003.HK","17465440138","0.935989","Hong Kong"
"1351","DLF","DLF.NS","17451253933","7.05012","India"
"1352","National Bank of Greece","ETE.AT","17450114266","19.0771","Greece"
"1353","Rollins","ROL","17446332416","36.26","United States"
"1354","Henderson Land Development","0012.HK","17409798675","3.59604","Hong Kong"
"1355","Jacobs Engineering","J","17401579520","147.37","United States"
"1356","DiDi","DIDIY","17399013376","3.86","China"
"1357","Unibail-Rodamco-Westfield","URW.PA","17324899164","119.918","France"
"1358","Singapore Airlines","C6L.SI","17293564422","5.48378","Singapore"
"1359","IDEX","IEX","17283629056","234.45","United States"
"1360","Nordson","NDSN","17268107264","309.92","United States"
"1361","Franklin Resources","BEN","17264453632","33.98","United States"
"1362","Bankinter","BKT.MC","17260007950","19.2056","Spain"
"1363","Tourmaline Oil","TOU.TO","17255853578","44.405","Canada"
"1364","Hyatt Hotels","H","17246265344","183.01","United States"
"1365","SAIC Motor","600104.SS","17241633731","1.49989","China"
"1366","Swedish Orphan Biovitrum","SOBI.ST","17212300382","49.3615","Sweden"
"1367","Flutter Entertainment","FLUT","17208137728","99.16","Ireland"
"1368","Clean Harbors","CLH","17167468544","325.22","United States"
"1369","Nippon Yūsen","9101.T","17157324177","42.5153","Japan"
"1370","CDW Corporation","CDW","17152390144","137.2","United States"
"1371","Furukawa Electric","5801.T","17151955058","24.381","Japan"
"1372","Falabella","FALABELLA.SN","17138995920","6.83143","Chile"
"1373","Woori Financial Group","WF","17125826560","70.57","South Korea"
"1374","Dick's Sporting Goods","DKS","17120939008","191.29","United States"
"1375","NVR","NVR","17105362944","6418.86","United States"
"1376","Chow Tai Fook","1929.HK","17085601279","1.73171","Hong Kong"
"1377","Romgaz","SNG.RO","17081432732","4.43187","Romania"
"1378","DWS Group","DWS.F","17067757932","85.3388","Germany"
"1379","Lundin Gold","LUG.TO","17035905081","70.445","Canada"
"1380","Ascendis Pharma","ASND","17029211136","259.62","Denmark"
"1381","Hua Nan Financial Holdings","2880.TW","16991642664","1.22093","Taiwan"
"1382","Medpace","MEDP","16977823744","608.27","United States"
"1383","Hologic","HOLX","16968846336","76.01","United States"
"1384","Plains All American Pipeline","PAA","16926539776","23.99","United States"
"1385","Jio Financial Services","JIOFIN.NS","16924589331","2.56311","India"
"1386","Zebra Technologies","ZBRA","16893181952","354.65","United States"
"1387","C. H. Robinson","CHRW","16887344128","144.52","United States"
"1388","Santander Polska","SPL.WA","16834695066","164.74","Poland"
"1389","FinecoBank","FBK.MI","16825028065","27.5","Italy"
"1390","HF Sinclair","DINO","16821908480","94.62","United States"
"1391","Powszechny Zakład Ubezpieczeń","PZU.WA","16782008922","19.4344","Poland"
"1392","Cholamandalam Investment and Finance","CHOLAFIN.NS","16779275637","19.6463","India"
"1393","Alteogen","196170.KQ","16766058936","241.019","South Korea"
"1394","WESCO International","WCC","16756793344","343.85","United States"
"1395","ASR Nederland","ASRNL.AS","16723275243","80.9346","Netherlands"
"1396","Mashreqbank","MASQ.AE","16698367804","83.238","United Arab Emirates"
"1397","Datang International Power Generation Company","601991.SS","16687845754","0.901719","China"
"1398","Lattice Semiconductor","LSCC","16681048064","117.68","United States"
"1399","Ball Corporation","BALL","16672356352","62.62","United States"
"1400","REA Group","REA.AX","16660431701","127.315","Australia"
"1401","Tata Motors","TATAMOTORS.NS","16633915542","4.51722","India"
"1402","Power Assets","0006.HK","16617901264","7.79779","Hong Kong"
"1403","Evergreen Marine","2603.TW","16601838363","7.66813","Taiwan"
"1404","EDP Renováveis","EDPR.LS","16601124964","15.6659","Spain"
"1405","SDIC Power Holdings","600886.SS","16579504863","2.07127","China"
"1406","Industries Qatar","IQCD.QA","16549408156","2.73544","Qatar"
"1407","CNH Industrial","CNH","16547953664","10.29","United Kingdom"
"1408","PTC","PTC","16540695552","152.44","United States"
"1409","Gen Digital","GEN","16485087232","27.54","United States"
"1410","RBC Bearings","RBC","16479901696","520.54","United States"
"1411","Trent Limited","TRENT.NS","16472097058","30.891","India"
"1412","Ryan Specialty","RYAN","16462155776","42.21","United States"
"1413","China Tourism Group Duty Free","601888.SS","16444907639","7.91459","China"
"1414","Banco Santander-Chile","BSAC","16432502784","34.88","Chile"
"1415","BridgeBio Pharma","BBIO","16411635712","83.95","United States"
"1416","ABB India","ABB.NS","16400583324","77.3947","India"
"1417","W. P. Carey","WPC","16390730752","71.95","United States"
"1418","Inspur","000977.SZ","16383659930","11.1569","China"
"1419","Jazz Pharmaceuticals","JAZZ","16368860160","252.16","Ireland"
"1420","Al Dar Properties","ALDAR.AE","16356393199","2.08","United Arab Emirates"
"1421","ZTO Express","ZTO","16347755520","21.51","China"
"1422","Sterling Infrastructure","STRL","16346505216","534.4","United States"
"1423","Brookfield Renewable Partners","BEP","16340774912","33.52","Bermuda"
"1424","Kimco Realty","KIM","16313596928","24.32","United States"
"1425","Fabrinet","FN","16288737280","454.55","Cayman Islands"
"1426","KGI Financial Holding","2883.TW","16270673542","0.958517","Taiwan"
"1427","Azrieli Group","AZRG.TA","16267334091","130.644","Israel"
"1428","Yum China","YUMC","16254484480","47.58","China"
"1429","Performance Food Group","PFGC","16231867392","103.34","United States"
"1430","Banco de Crédito e Inversiones","BCI.SN","16224664554","74.2193","Chile"
"1431","Akamai","AKAM","16216981504","112.84","United States"
"1432","Airtel Africa","AAF.L","16194937970","4.45993","United Kingdom"
"1433","mBank","MBK.WA","16176919976","380.402","Poland"
"1434","Computershare","CPU.AX","16173347634","27.9628","Australia"
"1435","Ganfeng Lithium","002460.SZ","16157697009","7.70627","China"
"1436","Keppel","BN4.SI","16116382607","8.95344","Singapore"
"1437","PMetal (Press Metal Aluminium)","8869.KL","16111668888","1.95539","Malaysia"
"1438","Host Hotels & Resorts","HST","16082917376","23.15","United States"
"1439","Boliden","BOL.ST","16082009468","56.6343","Sweden"
"1440","Sabesp","SBS","16071346176","4.57","Brazil"
"1441","SITC International","1308.HK","16071088915","5.97299","Hong Kong"
"1442","RB Global","RBA","16055333888","86.18","Canada"
"1443","Secom","9735.T","16009125008","40.1302","Japan"
"1444","TransUnion","TRU","16006263808","83.54","United States"
"1445","Elia Group","ELI.BR","15976300744","146.379","Belgium"
"1446","Ipsen","IPN.PA","15933415959","192.874","France"
"1447","Pershing Square Inc.","PS","15924000768","39.81","United States"
"1448","Emera","EMA.TO","15893979553","51.7466","Canada"
"1449","Türkiye Petrol Rafinerileri","TUPRS.IS","15893774593","8.24881","Turkey"
"1450","JD Health","6618.HK","15878574089","4.97834","China"
"1451","Vodafone Idea","IDEA.NS","15865070886","0.146434","India"
"1452","Albemarle","ALB","15845719040","134.28","United States"
"1453","Topicus","TOI.V","15838111513","74.2281","Canada"
"1454","Admiral Group","ADM.L","15829347351","52.9583","United Kingdom"
"1455","Neurocrine Biosciences","NBIX","15810512896","155.54","United States"
"1456","Telus","TU","15797250048","10.03","Canada"
"1457","Bank of Beijing","601169.SS","15761678626","0.74548","China"
"1458","Aramark","ARMK","15759504384","59.78","United States"
"1459","BAWAG Group","0B2.F","15750517120","204.556","Austria"
"1460","China Three Gorges Renewables","600905.SS","15739053567","0.550554","China"
"1461","Shionogi","4507.T","15737923296","18.494","Japan"
"1462","Huagong Tech","000988.SZ","15729260467","15.6432","China"
"1463","Hua Xia Bank","600015.SS","15724294436","0.988022","China"
"1464","Saudi Arabian Fertilizer Company","2020.SR","15721618583","33.0262","Saudi Arabia"
"1465","Reinsurance Group of America","RGA","15718110208","240.7","United States"
"1466","ING Bank Slaski","ING.WA","15703047510","120.7","Poland"
"1467","Huaneng Power International","600011.SS","15696759418","0.992486","China"
"1468","Mid-America Apartment Communities","MAA","15687873536","131.47","United States"
"1469","Continental","CON.DE","15687384410","78.4346","Germany"
"1470","TCL Technology Group Corporation","000100.SZ","15661388945","0.75292","China"
"1471","Grupo Financiero Inbursa","GFINBURO.MX","15660749394","2.61098","Mexico"
"1472","SCB (Siam Commercial Bank)","SCB.BK","15645456151","4.64656","Thailand"
"1473","Whitecap Resources","WCP.TO","15641561097","12.8642","Canada"
"1474","Mapfre","MAP.MC","15640627326","5.09579","Spain"
"1475","Lamar Advertising","LAMR","15636619264","153.98","United States"
"1476","Coloplast","COLO-B.CO","15626187109","69.3363","Denmark"
"1477","Hitachi Energy India","POWERINDIA.NS","15625909619","350.574","India"
"1478","China Satellite Communications","601698.SS","15620263777","3.69764","China"
"1479","Sun Communities","SUI","15606689792","122.06","United States"
"1480","South32","S32.AX","15582099680","3.47712","Australia"
"1481","Evolution Gaming","EVO.ST","15535473172","82.8841","Sweden"
"1482","Nippon Sanso","4091.T","15535130712","35.8901","Japan"
"1483","SCREEN Holdings","7735.T","15516312330","82.0588","Japan"
"1484","CGI","GIB","15516160000","74.93","Canada"
"1485","Varun Beverages","VBL.NS","15500417651","4.58258","India"
"1486","Metso","METSO.HE","15488430542","18.7033","Finland"
"1487","Talen Energy","TLN","15445161984","322.35","United States"
"1488","Pro Medicus","PME.AX","15427707385","147.676","Australia"
"1489","Cemex","CX","15381872640","10.66","Mexico"
"1490","SK Innovation","096770.KS","15366320350","90.7408","South Korea"
"1491","Pinnacle Financial Partners","PNFP","15363621888","101.67","United States"
"1492","Asahi Group","2502.T","15347969111","10.4932","Japan"
"1493","Futu Holdings","FUTU","15340081152","109.42","Hong Kong"
"1494","UL Solutions","ULS","15326860288","76.04","United States"
"1495","IREN (Iris Energy)","IREN","15310103552","42.84","Australia"
"1496","HANMI Semiconductor","042700.KS","15274947533","161.038","South Korea"
"1497","Pan Pacific International Holdings","7532.T","15263914114","5.10588","Japan"
"1498","Daiwa Securities Group","8601.T","15245132122","10.979","Japan"
"1499","Lincoln Electric","LECO","15237628928","279.56","United States"
"1500","APA Corporation","APA","15222773760","43.45","United States"
"1501","Informa plc","INF.L","15218718298","12.1818","United Kingdom"
"1502","Unisplendour","000938.SZ","15218577245","5.32103","China"
"1503","Kerry Group","KRZ.IR","15215376637","95.736","Ireland"
"1504","Doosan","000150.KS","15213199426","850.74","South Korea"
"1505","Bharat Heavy Electricals Limited","BHEL.NS","15193089852","4.36324","India"
"1506","Zhejiang Century Huatong","002602.SZ","15189934195","2.06086","China"
"1507","McCormick & Company","MKC","15184735232","56.48","United States"
"1508","Public Power Corporation","PPC.AT","15150704339","25.7944","Greece"
"1509","Sartorius","SRT.DE","15149555928","219.393","Germany"
"1510","Moncler","MONC.MI","15146903816","55.6893","Italy"
"1511","The Phoenix Holdings","PHOE.TA","15143212691","60.0981","Israel"
"1512","Nexon","3659.T","15117154886","19.4089","Japan"
"1513","Kirin Holdings","2503.T","15109779377","18.9609","Japan"
"1514","Shanghai Electric Group","601727.SS","15099620457","0.971654","China"
"1515","First Financial Holding","2892.TW","15093472318","1.04965","Taiwan"
"1516","Lifco","LIFCO-B.ST","15091665488","33.2257","Sweden"
"1517","Guidewire Software","GWRE","15084388352","181.18","United States"
"1518","Stanley Black &amp; Decker","SWK","15071461376","99.8","United States"
"1519","LATAM Airlines","LTM","15044110336","51.39","Chile"
"1520","Cummins India","CUMMINSIND.NS","15043723922","54.2703","India"
"1521","Textron","TXT","15004879872","86.29","United States"
"1522","Fisher & Paykel Healthcare","FPH.NZ","15001118956","25.543","New Zealand"
"1523","Guosen Securities","002736.SZ","14995722664","1.46418","China"
"1524","LG Chem","051910.KS","14991574463","191.524","South Korea"
"1525","GFL Environmental","GFL","14984167424","41.52","Canada"
"1526","Cooper Companies","COO","14964700160","76.73","United States"
"1527","Alamos Gold","AGI","14960924672","35.74","Canada"
"1528","Gjensidige Forsikring","GJF.OL","14960887237","29.9239","Norway"
"1529","Grupo Bimbo","BIMBOA.MX","14955837005","3.48111","Mexico"
"1530","Solventum","SOLV","14947345408","87.81","United States"
"1531","H World Group Limited","HTHT","14942581760","48.59","China"
"1532","COSCO Shipping Energy","600026.SS","14930653524","2.73194","China"
"1533","Mitsui O.S.K. Lines","9104.T","14921342487","43.4239","Japan"
"1534","Union Bank of India","UNIONBANK.NS","14893596830","1.95106","India"
"1535","Millicom","TIGO","14884262912","88.75","Luxembourg"
"1536","CapitaLand Mall Trust","C38U.SI","14879054026","1.88825","Singapore"
"1537","Lingyi iTECH","002600.SZ","14874000063","1.83171","China"
"1538","SK Telecom","SKM","14871826432","38.74","South Korea"
"1539","BWX Technologies","BWXT","14866582528","162.26","United States"
"1540","BOSCH India","BOSCHLTD.NS","14864657574","503.953","India"
"1541","GlobalWafers","6488.TWO","14860291232","31.0811","Taiwan"
"1542","MMG Limited","1208.HK","14841755624","1.15532","Australia"
"1543","Masco","MAS","14838353920","75.25","United States"
"1544","Tech Mahindra","TECHM.NS","14811079087","16.7187","India"
"1545","Omega Healthcare Investors","OHI","14798345216","46.92","United States"
"1546","Equinox Gold","EQX","14780041216","12.66","Canada"
"1547","Anhui Conch Cement","AHCHF","14775768064","2.8","China"
"1548","Tencent Music Entertainment","TME","14768210944","9.02","China"
"1549","Kawasaki Heavy Industries","7012.T","14724641851","16.8629","Japan"
"1550","Healthpeak Properties","DOC","14717745152","20.76","United States"
"1551","Olympus","7733.T","14676895397","13.809","Japan"
"1552","Origin Energy","ORG.AX","14647462947","8.50238","Australia"
"1553","CACI International Inc","CACI","14644923392","662.68","United States"
"1554","QXO, Inc.","QXO","14638993408","14.11","United States"
"1555","Ryohin Keikaku","7453.T","14636933007","27.5738","Japan"
"1556","IGM Financial","IGM.TO","14621724455","63.328","Canada"
"1557","Covestro","1COV.F","14602743520","70.3271","Germany"
"1558","Lundbergföretagen","LUND-B.ST","14601196296","58.8758","Sweden"
"1559","Dubai Islamic Bank","DIB.AE","14581737572","2.01764","United Arab Emirates"
"1560","Yangzijiang Shipbuilding (Holdings) Ltd.","BS6.SI","14553088790","3.69782","China"
"1561","Siemens India","SIEMENS.NS","14544541962","40.8416","India"
"1562","Telkom Indonesia","TLK","14530830336","14.74","Indonesia"
"1563","Carlisle Companies","CSL","14520678400","365.63","United States"
"1564","Tongfu Microelectronics Co.,Ltd","002156.SZ","14519974747","9.56774","China"
"1565","Corebridge Financial","CRBG","14518810624","32.57","United States"
"1566","Power Financial","PWF-PS.TO","14496548604","15.7713","Canada"
"1567","Lennox","LII","14492674048","419.34","United States"
"1568","Sunoco","SUN","14487141376","76.89","United States"
"1569","Grab Holdings","GRAB","14483208192","3.54","Singapore"
"1570","Endeavour Mining","EDV.TO","14457762740","59.9797","United Kingdom"
"1571","Ebara Corporation","6361.T","14433199255","31.6941","Japan"
"1572","iFLYTEK","002230.SZ","14393534783","5.99211","China"
"1573","Logitech","LOGI","14386131968","100.47","Switzerland"
"1574","HMM","011200.KS","14377803064","15.243","South Korea"
"1575","Nitto Denko","6988.T","14354639087","21.6994","Japan"
"1576","Korea Electric Power","KEP","14354317312","11.18","South Korea"
"1577","Dynatrace","DT","14334503936","49.6","United States"
"1578","CSPC Pharmaceutical Group Limited","1093.HK","14333224986","1.2567","China"
"1579","Piraeus Financial Holdings","TPEIR.AT","14320595635","11.6238","Greece"
"1580","Polycab India","POLYCAB.NS","14317277290","95.0461","India"
"1581","Penske Automotive Group","PAG","14305313792","217.86","United States"
"1582","Regency Centers","REG","14283648000","76.4","United States"
"1583","LTM Limited","LTM.NS","14283198815","48.179","India"
"1584","Figma","FIG","14279334912","26.79","United States"
"1585","BSE","BSE.NS","14261157942","35.1148","India"
"1586","CG Power and Industrial Solutions","CGPOWER.NS","14256604654","9.04923","India"
"1587","RPM International","RPM","14252617728","111.66","United States"
"1588","United Utilities","UU.L","14249672508","19.1821","United Kingdom"
"1589","UPM-Kymmene","UPM.HE","14236517579","26.9977","Finland"
"1590","Bureau Veritas","BVI.PA","14235840495","32.0561","France"
"1591","Warner Music Group","WMG","14233816064","27.21","United States"
"1592","Orient Overseas Container Line","0316.HK","14231511964","21.5507","Hong Kong"
"1593","Wayfair","W","14229222400","107.8","United States"
"1594","Eurofins Scientific","ERF.PA","14228442813","82.5467","Luxembourg"
"1595","Invesco","IVZ","14220715008","32.21","United States"
"1596","Ares Capital","ARCC","14216851456","19.8","United States"
"1597","Pharmaron Beijing","300759.SZ","14213283966","7.73603","China"
"1598","Tyler Technologies","TYL","14205523968","346.88","United States"
"1599","Emaar Development","EMAARDEV.AE","14202472243","3.55062","United Arab Emirates"
"1600","MiniMax Group","0100.HK","14179665661","40.602","China"
"1601","Rede D'Or Sao Luiz","RDOR3.SA","14173366596","6.5111","Brazil"
"1602","Tryg","TRYG.CO","14169668318","23.7787","Denmark"
"1603","Punjab National Bank","PNB.NS","14164662728","1.23247","India"
"1604","VeriSilicon Microelectronics","688521.SS","14158745395","26.9221","China"
"1605","Nextpower","NXT","14153165824","92.12","United States"
"1606","China Communications Construction","601800.SS","14137756176","0.871959","China"
"1607","U-Haul","UHAL","14126574592","72.67","United States"
"1608","T&amp;D Holdings","8795.T","14126335743","29.6497","Japan"
"1609","Japan Exchange Group","8697.T","14108602433","13.8531","Japan"
"1610","Qatar Islamic Bank","QIBK.QA","14093200192","5.96429","Qatar"
"1611","Madison Air Solutions","MAIR","14078337024","28.06","United States"
"1612","AMH (American Homes 4 Rent)","AMH","14073653248","34.33","United States"
"1613","LTIMindtree","LTIM.NS","14069121851","47.4605","India"
"1614","LONGi Green Energy Technology","601012.SS","14049957147","1.85403","China"
"1615","Symrise","SY1.DE","14032120721","102.29","Germany"
"1616","Kingdom Holding","4280.SR","14026063772","3.78469","Saudi Arabia"
"1617","Sekisui House","1928.T","14013175688","21.6173","Japan"
"1618","Avery Dennison","AVY","14009978880","183.16","United States"
"1619","True Corporation","TRUE.BK","14001917291","0.405241","Thailand"
"1620","Erie Indemnity","ERIE","13981264896","267.38","United States"
"1621","Kajima","1812.T","13981185928","30.3311","Japan"
"1622","Banque Saudi Fransi","1050.SR","13976551984","5.64641","Saudi Arabia"
"1623","Abu Dhabi National Oil Company (ADNOC)","ADNOCDIST.AE","13954691382","1.12","United Arab Emirates"
"1624","Everest Group","EG","13954071552","363.93","Bermuda"
"1625","B3","B3SA3.SA","13925660077","2.79019","Brazil"
"1626","Uni-President Enterprises","1216.TW","13910402306","2.44815","Taiwan"
"1627","Israel Discount Bank","DSCT.TA","13908945931","11.3679","Israel"
"1628","ADNOC Logistics &amp; Services","ADNOCLS.AE","13900136427","1.88","United Arab Emirates"
"1629","UDR Apartments","UDR","13898041344","37.51","United States"
"1630","IES Holdings","IESC","13894847488","697.38","United States"
"1631","Somnigroup International","SGI","13888328704","66.02","United States"
"1632","Toll Brothers","TOL","13887921152","148.58","United States"
"1633","Mueller Industries","MLI","13874708480","62.73","United States"
"1634","Unum","UNM","13874008064","87.64","United States"
"1635","Charles River Laboratories","CRL","13844273152","290","United States"
"1636","Meritz Financial Group","138040.KS","13840710217","83.998","South Korea"
"1637","Allegion","ALLE","13840586752","162.76","Ireland"
"1638","ARC Resources","ARX.TO","13837214864","24.4528","Canada"
"1639","Embraer","EMBJ","13836253184","77.75","Brazil"
"1640","Trimble","TRMB","13815905280","59.25","United States"
"1641","Emirates Integrated Telecommunications Company","DU.AE","13798913752","3.04416","United Arab Emirates"
"1642","Britannia Industries","BRITANNIA.NS","13797794453","57.2836","India"
"1643","Hecla Mining","HL","13776433152","20.54","United States"
"1644","Baxter","BAX","13772773376","26.64","United States"
"1645","BB Seguridade Participações","BBSE3.SA","13770278213","7.09352","Brazil"
"1646","GD Power Development","600795.SS","13747265763","0.770776","China"
"1647","Assurant","AIZ","13727297536","278.31","United States"
"1648","AEGON","AEG","13721555968","9.28","Netherlands"
"1649","Asahi Kasei","3407.T","13713786102","10.2345","Japan"
"1650","Bharat Petroleum","BPCL.NS","13695585040","3.20546","India"
"1651","Daifuku","6383.T","13675840854","36.7419","Japan"
"1652","CoStar Group","CSGP","13667314688","33.73","United States"
"1653","Metro","MRU.TO","13653012116","64.7268","Canada"
"1654","Eiffage","FGR.PA","13646728275","139.252","France"
"1655","DigitalOcean","DOCN","13638499328","116.66","United States"
"1656","Equitable Holdings","EQH","13627378688","49.96","United States"
"1657","Chubu Electric Power","9502.T","13603222940","18.0081","Japan"
"1658","Alcoa","AA","13601892352","51.54","United States"
"1659","lululemon athletica","LULU","13564015616","119.45","Canada"
"1660","China Southern Airlines","600029.SS","13535788926","0.746968","China"
"1661","Shanghai United Imaging Healthcare","688271.SS","13520336209","16.405","China"
"1662","DT Midstream","DTM","13519067136","132.52","United States"
"1663","Check Point Software","CHKP","13513019392","132.35","Israel"
"1664","Scentre Group","SCG.AX","13495200878","2.58381","Australia"
"1665","Suncorp","SUN.AX","13491151235","12.7269","Australia"
"1666","Prada","1913.HK","13489184596","5.27163","Italy"
"1667","BorgWarner","BWA","13488823296","66.23","United States"
"1668","CNA Financial","CNA","13486750720","49.84","United States"
"1669","Tatneft","TATN.ME","13486643950","6.17","Russia"
"1670","Exelixis","EXEL","13476846592","54.39","United States"
"1671","Vår Energi","VAR.OL","13444493838","5.38588","Norway"
"1672","Hormel Foods","HRL","13432437760","24.41","United States"
"1673","BioMarin Pharmaceutical","BMRN","13420469248","69.33","United States"
"1674","Brown Forman","BF-A","13398836224","29.2","United States"
"1675","Graco","GGG","13391962112","82.69","United States"
"1676","Five Below","FIVE","13385899008","242.08","United States"
"1677","Satellite Chemical","002648.SZ","13343255899","3.96101","China"
"1678","Revvity","RVTY","13328995328","119.45","United States"
"1679","Dongfang Electric Corporation","600875.SS","13328105483","3.85388","China"
"1680","Texas Roadhouse","TXRH","13320513536","202.93","United States"
"1681","Bank of Baroda","BANKBARODA.NS","13316894096","2.57512","India"
"1682","Harmony Gold","HMY","13315912704","21.09","South Africa"
"1683","WH Group","0288.HK","13309645187","1.03737","Hong Kong"
"1684","ICON plc","ICLR","13308329984","172.49","Ireland"
"1685","Eastroc Beverage Group","605499.SS","13304187111","18.1207","China"
"1686","Delivery Hero","DHER.F","13256846259","43.2593","Germany"
"1687","Seres Group","601127.SS","13203885240","7.57979","China"
"1688","Bajaj Holdings &amp; Investment","BAJAJHLDNG.NS","13191135173","118.526","India"
"1689","Watsco","WSO","13185851392","319.64","United States"
"1690","RenaissanceRe","RNR","13181922304","317.24","Bermuda"
"1691","Globe Life","GL","13176606720","171.46","United States"
"1692","Jiangsu Eastern Shenghong","000301.SZ","13172293534","1.99241","China"
"1693","Equity LifeStyle Properties","ELS","13171231744","65.73","United States"
"1694","Hasbro","HAS","13163679744","93.33","United States"
"1695","Western Mining","601168.SS","13162259080","5.5234","China"
"1696","Banque Cantonale Vaudoise","BCVN.SW","13143229049","153.03","Switzerland"
"1697","AGNC Investment","AGNC","13135134720","11.08","United States"
"1698","J.M. Smucker Company","SJM","13129223168","122.84","United States"
"1699","Ally Financial","ALLY","13114048512","43.11","United States"
"1700","Sage Group","SGE.L","13111082740","14.6078","United Kingdom"
"1701","Apollo Hospitals","APOLLOHOSP.NS","13105259278","91.145","India"
"1702","Pinterest","PINS","13102078976","23.39","United States"
"1703","Osaka Gas","9532.T","13074455691","34.4514","Japan"
"1704","Insurance Australia Group","IAG.AX","13071835284","5.59115","Australia"
"1705","Link REIT","0823.HK","13065239138","5.00639","Hong Kong"
"1706","Clorox","CLX","13048456192","107.9","United States"
"1707","Acciona","ANA.MC","13040069289","245.093","Spain"
"1708","Carrefour","CA.PA","13036286709","18.4229","France"
"1709","Concordia Financial Group","7186.T","13012963895","11.7078","Japan"
"1710","Samsung SDS","018260.KS","13011174713","168.211","South Korea"
"1711","Etihad Etisalat (Mobily)","7020.SR","13000852854","16.9392","Saudi Arabia"
"1712","Orion Corporation","ORNAV.HE","13000493364","92.2897","Finland"
"1713","Fidelity National Financial","FNF","12985895936","48.42","United States"
"1714","Diploma plc","DPLM.L","12970619057","96.7272","United Kingdom"
"1715","Modon Holding PSC","MODON.AE","12952677523","0.79","United Arab Emirates"
"1716","Investment AB Latour","LATO-B.ST","12947338973","20.2518","Sweden"
"1717","Chifeng Jilong Gold Mining","600988.SS","12928621607","6.80307","China"
"1718","OBIC","4684.T","12909778723","29.9841","Japan"
"1719","Klépierre","LI.PA","12885597215","44.9299","France"
"1720","SEI Investments","SEIC","12885259264","107.36","United States"
"1721","Penumbra","PEN","12874039296","326.84","United States"
"1722","Tongling Nonferrous Metals Group Co.,Ltd.","000630.SZ","12869739892","0.95975","China"
"1723","Corcept Therapeutics","CORT","12865870848","119.02","United States"
"1724","Gaming and Leisure Properties","GLPI","12848571392","42.9","United States"
"1725","KT&amp;G (Korea Tobacco)","033780.KS","12845248959","123.738","South Korea"
"1726","iA Financial","IAG.TO","12839447879","145.267","Canada"
"1727","Samsung Heavy Industries","010140.KS","12836028939","15.0278","South Korea"
"1728","Sino Land","0083.HK","12835356656","1.33895","Hong Kong"
"1729","Lodha Group","LODHA.NS","12832066083","12.8458","India"
"1730","Almarai","2280.SR","12829279265","12.9068","Saudi Arabia"
"1731","Zhejiang NHU Co., Ltd.","002001.SZ","12818689976","4.17082","China"
"1732","Obayashi","1802.T","12789066174","18.6044","Japan"
"1733","Taisei Corporation","1801.T","12769480302","78.336","Japan"
"1734","Impala Platinum","IMP.JO","12760066800","14.2069","South Africa"
"1735","MOL Group","MOL.BD","12743575094","16.1181","Hungary"
"1736","Goldwind Science&amp;Technology","002202.SZ","12720701686","3.01168","China"
"1737","Crown Holdings","CCK","12716278784","116.92","United States"
"1738","Applied Industrial Technologies","AIT","12704777216","346.19","United States"
"1739","Elm Company","7203.SR","12699088955","158.739","Saudi Arabia"
"1740","CP All","CPALL.BK","12693295948","1.42444","Thailand"
"1741","Recordati","REC.MI","12693148618","61.9743","Italy"
"1742","Fresenius Medical Care","FMS","12688109568","23.84","Germany"
"1743","Aéroports de Paris","ADP.PA","12679482525","128.154","France"
"1744","BELIMO Holding","BEAN.SW","12674112780","1030.42","Switzerland"
"1745","Bolloré","BOL.PA","12663721777","4.50701","France"
"1746","Jerónimo Martins","JEM.F","12634757890","20.1051","Portugal"
"1747","Power Finance Corp","PFC.NS","12632644099","3.82796","India"
"1748","Taiwan Cooperative Financial","5880.TW","12628032483","0.785669","Taiwan"
"1749","Indra Sistemas","IDR.MC","12619242376","72.1028","Spain"
"1750","Severn Trent","SVT.L","12615573182","41.7676","United Kingdom"
"1751","Amkor Technology","AMKR","12614232064","50.89","United States"
"1752","Sino Biopharmaceutical","1177.HK","12613180450","0.709643","China"
"1753","Arrowhead Pharmaceuticals","ARWR","12594027520","89.41","United States"
"1754","Webster Financial","WBS","12568934400","77.57","United States"
"1755","Wharf REIC","1997.HK","12567752387","4.13927","Hong Kong"
"1756","DraftKings","DKNG","12565252096","25.31","United States"
"1757","Tata Power","TATAPOWER.NS","12560355512","3.93084","India"
"1758","SKF (Svenska Kullagerfabriken)","SKF-B.ST","12553056180","27.5538","Sweden"
"1759","Swiss Prime Site","SPSN.SW","12539052509","156.283","Switzerland"
"1760","Keyera","KEY.TO","12521981153","42.6729","Canada"
"1761","Chime Financial","CHYM","12519810048","33.07","United States"
"1762","Fuji Electric","6504.T","12518738640","85.75","Japan"
"1763","Watts Water Technologies","WTS","12509296640","374.72","United States"
"1764","Mitsubishi HC Capital","8593.T","12507433882","8.72328","Japan"
"1765","Wise PLC","WISE.L","12495161798","12.7018","United Kingdom"
"1766","Stifel","SF","12490863616","82.72","United States"
"1767","Tōkyō Gas","9531.T","12488621289","37.7893","Japan"
"1768","SBI Holdings","8473.T","12480494005","19.3079","Japan"
"1769","Madrigal Pharmaceuticals","MDGL","12479924224","540.16","United States"
"1770","Deckers Brands","DECK","12470172672","91.57","United States"
"1771","Harel Group","HARL.TA","12461298594","60.6356","Israel"
"1772","Li Auto","LI","12459561984","12.71","China"
"1773","Muthoot Finance","MUTHOOTFIN.NS","12450837016","31.0132","India"
"1774","Generac","GNRC","12438978560","210.81","United States"
"1775","Coca-Cola Consolidated","COKE","12436873216","186.84","United States"
"1776","Hensoldt","HAG.F","12418948695","107.523","Germany"
"1777","Aurora Innovation","AUR","12415741952","6.195","United States"
"1778","Indian Bank","INDIANB.NS","12411967047","9.21477","India"
"1779","Schroders","SDR.L","12397465388","7.95055","United Kingdom"
"1780","J&amp;T Global Express","1519.HK","12388981829","1.28412","China"
"1781","Kakao","035720.KS","12359936548","28.0472","South Korea"
"1782","China Gold International Resources","CGG.TO","12345195319","31.1422","Canada"
"1783","Allegro.eu","ALE.WA","12344736937","12.1837","Poland"
"1784","SM Investments Corporation","SVTMF","12335586304","10.153","Philippines"
"1785","GEA Group","G1A.F","12333747350","75.7593","Germany"
"1786","LIG Defense & Aerospace","079550.KS","12332299806","564.53","South Korea"
"1787","LG Corp","003550.KS","12311213656","79.8376","South Korea"
"1788","HDFC Life","HDFCLIFE.NS","12288495721","5.65786","India"
"1789","Huntington Ingalls Industries","HII","12284778496","311.76","United States"
"1790","Grupo Aeroportuario del Pacífico","PAC","12278201344","206.35","Mexico"
"1791","Accor","AC.PA","12276942864","53.2477","France"
"1792","Tele2","TEL2-B.ST","12268743430","17.6889","Sweden"
"1793","Smith & Nephew","SNN","12266421248","29.31","United Kingdom"
"1794","GoDaddy","GDDY","12264562688","96.84","United States"
"1795","TTM Technologies","TTMI","12260500480","116.38","United States"
"1796","Nova Ltd.","NVMI","12255866880","385.33","Israel"
"1797","Canara Bank","CANBK.NS","12254565098","1.35101","India"
"1798","Elanco","ELAN","12240734208","24.5","United States"
"1799","Pershing Square Holdings","PSHZF","12225084416","56.685","United States"
"1800","Toromont","TIH.TO","12220569810","149.884","Canada"
"1801","Halozyme Therapeutics","HALO","12214654976","107.62","United States"
"1802","Intertek","ITRK.L","12214248372","79.5736","United Kingdom"
"1803","Bitmine Immersion Technologies","BMNR","12209301504","20.24","United States"
"1804","Hudbay Minerals","HBM","12200656896","27.47","Canada"
"1805","National Silicon Industry Group","688126.SS","12196202806","3.6902","China"
"1806","Gartner","IT","12176386048","192.82","United States"
"1807","China Railway Construction","601186.SS","12164100356","0.895767","China"
"1808","Rexel","RXL.PA","12160316921","41.3551","France"
"1809","BXP, Inc.","BXP","12158580736","67.22","United States"
"1810","AkzoNobel","AKZA.AS","12138163351","70.8178","Netherlands"
"1811","Hong Kong Telecom","6823.HK","12131878236","1.60036","Hong Kong"
"1812","Cipla","CIPLA.NS","12119106822","15.0016","India"
"1813","S-OIL","010950.KS","12092354398","103.868","South Korea"
"1814","Dycom Industries","DY","12090291200","402.76","United States"
"1815","Crane Company","CR","12077963264","208.96","United States"
"1816","AltaGas","ALA.TO","12054658502","38.636","Canada"
"1817","Swatch","UHR.SW","12052532378","231.797","Switzerland"
"1818","Pinnacle West Capital","PNW","12050640896","99.43","United States"
"1819","HubSpot","HUBS","12050166784","241.65","United States"
"1820","Bunzl","BNZL.L","12047881478","37.5201","United Kingdom"
"1821","American Healthcare REIT","AHR","12033531904","55.2","United States"
"1822","Manhattan Associates","MANH","12010241024","205.99","United States"
"1823","Encompass Health","EHC","12010062848","121.74","United States"
"1824","Kokusai Electric","6525.T","11988452952","51.368","Japan"
"1825","Haisco Pharmaceutical Group","002653.SZ","11985269624","10.5052","China"
"1826","China Resources Microelectronics","688396.SS","11984628453","9.02314","China"
"1827","Getlink","GET.PA","11978605969","22.0794","France"
"1828","Washington H. Soul Pattinson and Company (Soul Patts)","SOL.AX","11966294265","31.4969","Australia"
"1829","Owens Corning","OC","11954531328","151.23","United States"
"1830","Yara International","YAR.OL","11953044952","46.9252","Norway"
"1831","Ivanhoe Mines","IVN.TO","11939853687","8.37078","Canada"
"1832","AIER Eye Hospital","300015.SZ","11928017655","1.28264","China"
"1833","Hero MotoCorp","HEROMOTOCO.NS","11913191679","59.5239","India"
"1834","“K” Line","9107.T","11901914365","19.8695","Japan"
"1835","SG Micro","300661.SZ","11900611847","17.3588","China"
"1836","Toray Industries","3402.T","11893446341","8.16486","Japan"
"1837","Lotus Bakeries","LOTB.BR","11888705708","14626.2","Belgium"
"1838","The Magnum Ice Cream Company","MICC","11885280256","19.41","Netherlands"
"1839","American Financial Group","AFG","11881816064","143.29","United States"
"1840","Saputo","SAP.TO","11872573813","29.9101","Canada"
"1841","Power Construction Corporation of China","601669.SS","11867736578","0.688937","China"
"1842","Yamaha Motor","7272.T","11867378987","12.2252","Japan"
"1843","Paramount Skydance","PSKY","11863235584","10.6","United States"
"1844","Globus Medical","GMED","11860697088","88.34","United States"
"1845","Jindal Steel &amp; Power","JINDALSTEL.NS","11860049903","11.6562","India"
"1846","DocuSign","DOCU","11859569664","62.11","United States"
"1847","CCL Industries","CCL-B.TO","11852991797","70.1116","Canada"
"1848","Rentokil Initial","RTO","11846457344","23.54","United Kingdom"
"1849","GAIL","GAIL.NS","11846309267","1.8017","India"
"1850","Tianqi Lithium","002466.SZ","11833582624","6.90722","China"
"1851","Arab National Bank","1080.SR","11816105652","5.9527","Saudi Arabia"
"1852","Seven Group Holdings
 (SGH)","SGH.AX","11805236385","29.0056","Australia"
"1853","China Resources Power Holdings","0836.HK","11790691934","2.27749","Hong Kong"
"1854","Advanced Energy","AEIS","11787244544","294.31","United States"
"1855","First Horizon Corporation","FHN","11782838272","24.87","United States"
"1856","Samsung SDI","006405.KS","11769498764","149.561","South Korea"
"1857","LG Electronics India Ltd.","LGEINDIA.NS","11750888716","17.312","India"
"1858","BrightSpring Health Services","BTSG","11739285504","59.33","United States"
"1859","Instacart (Maplebear Inc.)","CART","11730107392","50.67","United States"
"1860","Indian Railway Finance","IRFC.NS","11723614162","0.897089","India"
"1861","BJ's Wholesale Club","BJ","11720888320","91.79","United States"
"1862","Semtech","SMTC","11677430784","125.36","United States"
"1863","Subaru","7270.T","11667363590","16.5569","Japan"
"1864","Zhaojin Mining Industry Company","1818.HK","11654435950","3.28999","China"
"1865","Essential Utilities","WTRG","11649111040","41.05","United States"
"1866","Lynas","LYC.AX","11649037932","11.5738","Australia"
"1867","Far EasTone","4904.TW","11621300036","3.22124","Taiwan"
"1868","Aditya Birla Capital","ABCAPITAL.NS","11619359465","4.24522","India"
"1869","Alpha Services and Holdings","ALPHA.AT","11618598196","5.14953","Greece"
"1870","(HLBank) Hong Leong Bank","5819.KL","11596211924","5.65551","Malaysia"
"1871","Zydus Lifesciences","ZYDUSLIFE.NS","11595853764","11.6249","India"
"1872","Bank of Chengdu","601838.SS","11591762293","2.73492","China"
"1873","Jack Henry &amp; Associates","JKHY","11585541120","163.06","United States"
"1874","Align Technology","ALGN","11582338048","163.04","United States"
"1875","Akeso","9926.HK","11581874526","12.5734","China"
"1876","GarantiBank","GARAN.IS","11562936382","2.75308","Turkey"
"1877","Innolux","3481.TW","11562744999","1.44877","Taiwan"
"1878","Formosa Plastics","1301.TW","11543157314","1.81333","Taiwan"
"1879","Marico","MARICO.NS","11528353933","8.89412","India"
"1880","HDFC Asset Management Company Limited","HDFCAMC.NS","11527706397","26.8845","India"
"1881","Rohm","6963.T","11526198435","29.8579","Japan"
"1882","Industrial Bank of Korea (IBK)","024110.KS","11525975315","14.454","South Korea"
"1883","Skanska","SKA-B.ST","11514853993","27.8083","Sweden"
"1884","NIO","NIO","11475954688","4.58","China"
"1885","Evercore","EVR","11475031040","298.38","United States"
"1886","China Eastern Airlines","600115.SS","11470307863","0.519307","China"
"1887","XPeng","XPEV","11469556736","11.99","China"
"1888","Aritzia","ATZ.TO","11464677747","100.058","Canada"
"1889","Axsome Therapeutics","AXSM","11429493760","218.2","United States"
"1890","United Spirits","UNITDSPR.BO","11419565114","16.0826","India"
"1891","Ooredoo","ORDS.AE","11408227318","3.56","United Arab Emirates"
"1892","Aker ASA","AKER.OL","11404850367","154.342","Norway"
"1893","Sime Darby Plantation","5285.KL","11397646770","1.64808","Malaysia"
"1894","Antero Resources","AR","11396763648","37.07","United States"
"1895","M&G plc","MNG.L","11385109336","4.72405","United Kingdom"
"1896","TFI International","TFII","11384556544","138.51","Canada"
"1897","Chiba Bank","CHBAY","11380982784","82.32","Japan"
"1898","DaVita","DVA","11378075648","177.27","United States"
"1899","Leonardo DRS","DRS","11358903296","42.56","United States"
"1900","Kratos Defense &amp; Security Solutions","KTOS","11356210176","60.56","United States"
"1901","Knight-Swift Transportation","KNX","11350602752","69.74","United States"
"1902","Realtek","2379.TW","11346811909","22.1245","Taiwan"
"1903","Koç Holding","KCHOL.IS","11346290044","4.47584","Turkey"
"1904","Service Corporation International","SCI","11340822528","83.21","United States"
"1905","Guangdong HAID Group","002311.SZ","11334818363","6.84622","China"
"1906","SCSK Corporation","9719.T","11306209179","36.1482","Japan"
"1907","Strabag","XD4.F","11301517077","97.8972","Austria"
"1908","Bio-Techne","TECH","11293157376","72.48","United States"
"1909","Regal Rexnord","RRX","11286656000","169.49","United States"
"1910","Shizuoka Financial Group","5831.T","11281418049","21.2514","Japan"
"1911","HD Hyundai","267250.KS","11278927227","159.603","South Korea"
"1912","Zensho Holdings","7550.T","11269378056","72.0262","Japan"
"1913","Enlight Renewable Energy","ENLT","11265782784","80.58","Israel"
"1914","Iamgold","IAG","11260120064","19.72","Canada"
"1915","Orient Securities Company Limited (DFZQ)","600958.SS","11252159675","1.32431","China"
"1916","Cathay Pacific","0293.HK","11251913876","1.8503","Hong Kong"
"1917","Avidity Biosciences","RNAM","11249150976","72.82","United States"
"1918","JFrog","FROG","11246312448","91.21","United States"
"1919","Puig Brands","PUIG.MC","11246100255","19.965","Spain"
"1920","Mowi","MNHVF","11207266304","21.2","Norway"
"1921","Sichuan Chuantou Energy","600674.SS","11191902977","2.29596","China"
"1922","GMR Airports","GMRAIRPORT.NS","11191679601","1.05992","India"
"1923","Zhejiang Huayou Cobalt","603799.SS","11191267901","5.91027","China"
"1924","Sanlam","SLM.JO","11183498900","5.35159","South Africa"
"1925","Glaukos","GKOS","11180405760","189.55","United States"
"1926","Dayforce","DAY","11180042240","69.86","United States"
"1927","Japan Post Insurance","7181.T","11152357396","10.2913","Japan"
"1928","Pilbara Minerals","PLS.AX","11151542578","3.45932","Australia"
"1929","Confluent","CFLT","11133729792","30.99","United States"
"1930","Domino's Pizza","DPZ","11132665856","336.52","United States"
"1931","Capcom","9697.T","11106759582","26.5516","Japan"
"1932","UMB Financial","UMBF","11096300544","146.1","United States"
"1933","Tata Consumer Products","TATACONSUM.NS","11085339235","11.2008","India"
"1934","SSAB","SSAB-B.ST","11079387298","11.1053","Sweden"
"1935","Tempus AI","TEM","11051628544","61.25","United States"
"1936","Bangkok Bank","BBL.BK","11050583776","5.78915","Thailand"
"1937","Verisure plc","VSURE.ST","11047451434","10.6846","Switzerland"
"1938","Advanced Drainage Systems","WMS","11040096256","146.41","United States"
"1939","MIXUE Group","2097.HK","11027480213","29.0488","China"
"1940","Lufthansa","LHA.DE","11026253677","9.1729","Germany"
"1941","YTL Power International","6742.KL","11019943784","1.27138","Malaysia"
"1942","Taiwan Mobile","3045.TW","11011097464","3.59837","Taiwan"
"1943","Ooredoo Qatar","ORDS.QA","11008799753","3.43681","Qatar"
"1944","Shimano","7309.T","11004349343","129.477","Japan"
"1945","Niterra","5334.T","10958912801","56.2013","Japan"
"1946","Vinhomes","VHM.VN","10935735328","2.66244","Vietnam"
"1947","Vedanta","VEDL.NS","10922008838","2.79707","India"
"1948","Camden Property Trust","CPT","10898465792","108.4","United States"
"1949","Jefferies Financial Group","JEF","10891641856","53.55","United States"
"1950","Eldorado Gold","EGO","10891439104","41.76","Canada"
"1951","SailPoint","SAIL","10884241408","19.19","United States"
"1952","Popular, Inc. (Banco Popular de Puerto Rico)","BPOP","10878699520","170.57","United States"
"1953","EastGroup Properties","EGP","10878342144","202.3","United States"
"1954","Indian Hotels Company","INDHOTEL.NS","10873885125","7.6392","India"
"1955","MGM Resorts","MGM","10873838592","43.22","United States"
"1956","Bentley Systems","BSY","10851176448","35.92","United States"
"1957","Subsea 7","SUBC.OL","10845342386","36.6214","Luxembourg"
"1958","Unicharm","8113.T","10839421784","6.29906","Japan"
"1959","Nitori Holdings","9843.T","10838792409","19.1817","Japan"
"1960","Paytm","PAYTM.NS","10832761101","16.8963","India"
"1961","Budweiser APAC","1876.HK","10830839076","0.818672","Hong Kong"
"1962","Sichuan Road and Bridge Group (SRBG)","600039.SS","10829863019","1.24544","China"
"1963","Marks &amp; Spencer","MKS.L","10828582040","5.23457","United Kingdom"
"1964","CSPC Innovation Pharmaceutical","300765.SZ","10822084855","7.70478","China"
"1965","Hyundai Rotem Company","064350.KS","10819655468","99.1335","South Korea"
"1966","Mazagon Dock Shipbuilders Limited","MAZDOCK.NS","10816431004","26.8145","India"
"1967","Cytokinetics","CYTK","10807681024","77.74","United States"
"1968","Jonhon Optronic Technology","002179.SZ","10791086780","5.13801","China"
"1969","Hyundai Glovis","086280.KS","10786684382","143.822","South Korea"
"1970","Praxis Precision Medicines","PRAX","10782419968","386.19","United States"
"1971","LPP SA","LPP.WA","10779465768","5799.44","Poland"
"1972","Kikkoman","2801.T","10765207690","11.6037","Japan"
"1973","Salik Company","SALIK.AE","10762130054","1.43495","United Arab Emirates"
"1974","Donaldson Company","DCI","10756546560","92.8","United States"
"1975","Formosa Chemicals &amp; Fibre","1326.TW","10753219892","1.83847","Taiwan"
"1976","Rakuten","4755.T","10741685127","4.92289","Japan"
"1977","Brookfield Property Partners","BPYPP","10725319680","16.23","Bermuda"
"1978","Ashok Leyland","ASHOKLEY.NS","10714816420","1.82415","India"
"1979","Focus Media Information Technology","002027.SZ","10701905454","0.741016","China"
"1980","Hikari Tsushin","9435.T","10700981713","244.883","Japan"
"1981","Globalstar","GSAT","10683797504","82.46","United States"
"1982","Discovery Limited","DSY.JO","10672613100","15.9467","South Africa"
"1983","Dutch Bros","BROS","10664143872","50.27","United States"
"1984","Ambuja Cements","AMBUJACEM.NS","10664084081","4.2917","India"
"1985","Lupin Limited","LUPIN.NS","10661634943","23.3176","India"
"1986","Orkla","ORK.OL","10652684929","11.0766","Norway"
"1987","Antero Midstream","AM","10642190336","22.42","United States"
"1988","D'Ieteren Group","DIE.BR","10640202091","202.336","Belgium"
"1989","New York Times","NYT","10638265344","65.96","United States"
"1990","BIDV  (Commercial Bank for Investment and Development of Vietnam)","BID.VN","10636837616","1.36751","Vietnam"
"1991","The Ensign Group","ENSG","10635961344","182.49","United States"
"1992","Edison","EDNR.MI","10623066839","2.24299","Italy"
"1993","Xero","XRO.AX","10608818187","61.2072","New Zealand"
"1994","Astra International","ASII.JK","10607158050","0.26571","Indonesia"
"1995","FactSet","FDS","10602088448","298.1","United States"
"1996","Ternium","TX","10600614912","54","Luxembourg"
"1997","Pentair","PNR","10599706624","65.59","United Kingdom"
"1998","Kymera Therapeutics","KYMR","10585905152","127.31","United States"
"1999","Unicaja Banco","UNI.MC","10579835138","4.11916","Spain"
"2000","Nordex","NDX1.F","10565159400","44.6028","Germany"
"2001","Darling Ingredients","DAR","10563326976","66.94","United States"
"2002","ViaSat","VSAT","10561737728","76.67","United States"
"2003","Gildan","GIL","10561489920","57.03","Canada"
"2004","Dundee Precious Metals","DPM.TO","10550300195","48.0939","Canada"
"2005","Littelfuse","LFUS","10537178112","414.87","United States"
"2006","TMX Group","X.TO","10524317251","38.2157","Canada"
"2007","Shinkin Central Bank","8421.T","10522352645","1208.32","Japan"
"2008","Abivax","ABVX","10519317504","120.56","France"
"2009","Insulet","PODD","10507854848","151.51","United States"
"2010","Chongqing Changan","000625.SZ","10502178143","1.05944","China"
"2011","Molina Healthcare","MOH","10501073920","201.17","United States"
"2012","Beazley","BEZ.L","10499444254","17.6301","United Kingdom"
"2013","BDO Unibank","BDOUY","10492470272","19.665","Philippines"
"2014","Forgent Power Solutions","FPS","10490619904","34.46","United States"
"2015","G Mining Ventures","GMIN.TO","10484205512","35.3892","Canada"
"2016","AES","AES","10483418112","14.7","United States"
"2017","Petro Rabigh","2380.SR","10475904418","4.76749","Saudi Arabia"
"2018","Canadian Utilities","CU.TO","10472432258","38.4548","Canada"
"2019","Vienna Insurance Group","WSV2.F","10467289644","81.7757","Austria"
"2020","Arrow Electronics","ARW","10464118784","205.56","United States"
"2021","Summit Therapeutics","SMMT","10458497024","13.11","United Kingdom"
"2022","Luckin Coffee","LKNCY","10449537024","36.5","China"
"2023","On Holding","ONON","10447551488","31.26","Switzerland"
"2024","Murphy USA","MUSA","10444448768","568.24","United States"
"2025","Acuity Brands","AYI","10442417152","348.83","United States"
"2026","Tsingtao","600600.SS","10435721830","7.64973","China"
"2027","Phoenix Group","PHNX.L","10432668584","10.4178","United Kingdom"
"2028","Sanmina","SANM","10426293248","194.53","United States"
"2029","POSCO Future M","003670.KS","10418994541","117.138","South Korea"
"2030","Citic Pacific Special Steel Group","000708.SZ","10416500098","2.06383","China"
"2031","CapitaLand Investment Limited","9CI.SI","10411211913","2.08494","Singapore"
"2032","SPX Technologies","SPXC","10410847232","207.86","United States"
"2033","JSW Energy","JSWENERGY.NS","10408448288","5.68031","India"
"2034","Brenntag","BNR.DE","10403843513","72.0561","Germany"
"2035","China Railway Group","0390.HK","10401290193","0.424001","China"
"2036","Lineage","LINE","10389854208","41.77","United States"
"2037","South State Corp","SSB","10385002496","107.09","United States"
"2038","Banca Transilvania","TLV.RO","10379639001","8.32925","Romania"
"2039","Quebecor","QBR-B.TO","10374516986","46.4198","Canada"
"2040","Modine Manufacturing","MOD","10364413952","195.14","United States"
"2041","Aptiv","APTV","10352476160","48.92","Ireland"
"2042","Wintrust Financial","WTFC","10349954048","153.41","United States"
"2043","Applied Optoelectronics","AAOI","10333515776","122.19","United States"
"2044","Wynn Resorts","WYNN","10307686400","100.1","United States"
"2045","Allison Transmission","ALSN","10307390464","124.82","United States"
"2046","China Merchants Shekou Industrial Zone","001979.SZ","10303269971","1.14277","China"
"2047","Bharat Forge","BHARATFORG.NS","10303002563","21.5504","India"
"2048","BİM Birleşik Mağazalar","BIMAS.IS","10300635450","8.6868","Turkey"
"2049","Skyworks Solutions","SWKS","10299801600","68.48","United States"
"2050","Ayvens","AYV.PA","10283178991","13.1425","France"
"2051","Mitsui Mining &amp; Smelting","5706.T","10278486134","179.64","Japan"
"2052","First Majestic Silver","AG","10277097472","20.85","Canada"
"2053","WiseTech Global","WTC.AX","10276514178","30.5573","Australia"
"2054","Suzano","SUZ","10271216640","8.34","Brazil"
"2055","Saipem","SPM.MI","10268085757","5.29206","Italy"
"2056","Menora Mivtachim Holdings","MMHD.TA","10263974407","164.27","Israel"
"2057","Smiths Group","SMIN.L","10256064066","35.301","United Kingdom"
"2058","Laurus Labs","LAURUSLABS.NS","10250599361","18.9716","India"
"2059","Italgas","IG.MI","10241232075","10.0748","Italy"
"2060","Cullen/Frost Bankers","CFR","10235905024","164.7","United States"
"2061","San’an Optoelectronics","600703.SS","10229696169","2.05044","China"
"2062","Boubyan Bank","BOUBYAN.KW","10218293834","2165.42","Kuwait"
"2063","Federal Realty Investment Trust","FRT","10218127360","117.56","United States"
"2064","AtkinsRéalis","ATRL.TO","10206551445","63.7774","Canada"
"2065","APR Co., Ltd.","278470.KS","10204937847","272.581","South Korea"
"2066","Cognex","CGNX","10201093120","60.64","United States"
"2067","Apogee Therapeutics","APGE","10195895296","134.71","United States"
"2068","Shoprite","SHP.JO","10184540900","18.8374","South Africa"
"2069","Anker Innovations","300866.SZ","10183433097","17.3172","China"
"2070","Henry Schein","HSIC","10171627520","89.29","United States"
"2071","Hanwha Systems","272210.KS","10167343213","54.3728","South Korea"
"2072","Idemitsu Kosan","5019.T","10164654525","8.48035","Japan"
"2073","Krystal Biotech","KRYS","10162463744","343.34","United States"
"2074","ENKA","ENKAI.IS","10161242129","1.73319","Turkey"
"2075","Universal Health Services","UHS","10156529664","172.33","United States"
"2076","Westlake Corporation","WLK","10153435136","79.45","United States"
"2077","Freedom Holding","FRHC","10151805952","159.15","Kazakhstan"
"2078","Indus Towers","INDUSTOWER.NS","10141921430","3.84571","India"
"2079","Hut 8","HUT","10117137408","82.08","Canada"
"2080","Old Republic International","ORI","10111211520","41.88","United States"
"2081","Ionis Pharmaceuticals","IONS","10104006656","60.8","United States"
"2082","Tingyi (master kang)","0322.HK","10098617511","1.79164","China"
"2083","Evonik Industries","EVK.DE","10098480974","21.6706","Germany"
"2084","MP Materials","MP","10094797824","56.68","United States"
"2085","GBL","GBLB.VI","10093750955","84.8715","Belgium"
"2086","Qantas Airways","QAN.AX","10092303504","6.66951","Australia"
"2087","Bank Albilad","1140.SR","10091620509","6.72775","Saudi Arabia"
"2088","Dr. Reddy's Laboratories","RDY","10087630848","12.11","India"
"2089","Max Healthcare Institute","MAXHEALTH.NS","10078087777","10.3548","India"
"2090","bioMérieux","BIM.PA","10072950357","85.3972","France"
"2091","Merlin Properties","MRL.MC","10061721049","16.25","Spain"
"2092","Dongfeng Motor","0489.HK","10055763756","1.2185","China"
"2093","LG Innotek","011070.KS","10049200147","424.653","South Korea"
"2094","Chart Industries","GTLS","10047718400","209.9","United States"
"2095","Sofina","SOF.VI","10041794918","283.178","Belgium"
"2096","Godrej","GODREJCP.NS","10036069112","9.80751","India"
"2097","Mankind Pharma","MANKIND.NS","10033264656","25.0462","India"
"2098","Trelleborg AB","TREL-B.ST","10032072033","45.142","Sweden"
"2099","Fosun Pharma","600196.SS","10029259425","3.75567","China"
"2100","Protagonist Therapeutics","PTGX","10025902080","154.94","United States"
"2101","Vicor","VICR","10021298176","217.35","United States"
"2102","Novatek Microelectronics","3034.TW","10020751076","16.4676","Taiwan"
"2103","Paycom","PAYC","10013111296","222.16","United States"
"2104","Brinker International","EAT","10012583936","233.46","United States"
"2105","Aisin Seiki","7259.T","9992640093","14.2443","Japan"
"2106","Shenzhen Transsion Holdings","688036.SS","9979615576","8.669","China"
"2107","Life Time Group","LTH","9977576448","44.65","United States"
"2108","Oscar Health","OSCR","9969232896","32.3","United States"
"2109","Shimizu Corporation","1803.T","9968339288","14.6766","Japan"
"2110","Zions Bancorporation","ZION","9967155200","68.29","United States"
"2111","Kesko","KESKOA.HE","9958556638","25","Finland"
"2112","Flowserve","FLS","9954888704","77.89","United States"
"2113","Repligen","RGEN","9952986112","176.36","United States"
"2114","Sainsbury's","SBRY.L","9951182398","4.56885","United Kingdom"
"2115","PayPay Corporation","PAYP","9940460544","14.68","Japan"
"2116","TopBuild","BLD","9935550464","354.53","United States"
"2117","Ackermans &amp; Van Haaren","ACKB.BR","9920781685","303.505","Belgium"
"2118","Porsche SE","PAH3.DE","9917347218","32.3832","Germany"
"2119","Old National Bank","ONB","9912388608","25.91","United States"
"2120","Frontline","FRO","9895587840","44.45","Bermuda"
"2121","Renault","RNO.PA","9867768751","34.1005","France"
"2122","NGK Insulators","5333.T","9860901496","35.0319","Japan"
"2123","Centrica","CNA.L","9826406879","2.12718","United Kingdom"
"2124","Compass","COMP","9825851392","12.8","United States"
"2125","Rambus","RMBS","9824243712","90.85","United States"
"2126","Barito Pacific","BRPT.JK","9823474249","0.104827","Indonesia"
"2127","Chewy","CHWY","9822086144","23.99","United States"
"2128","Nuvalent","NUVL","9792580608","123.96","United States"
"2129","Nykaa","NYKAA.NS","9791394204","3.41748","India"
"2130","Aurobindo Pharma","AUROPHARMA.NS","9767416883","16.9757","India"
"2131","Bio-Rad Laboratories","BIO","9748179968","364.26","United States"
"2132","Zhejiang Zheneng Electric","600023.SS","9716617696","0.724648","China"
"2133","Mitsubishi Chemical Holdings","4188.T","9708955097","7.14583","Japan"
"2134","Madison Square Garden Sports","MSGS","9701808128","402.9","United States"
"2135","Wan Hai Lines","2615.TW","9700694628","3.45695","Taiwan"
"2136","Enel Américas","ENELAM.SN","9700312995","0.0941881","Chile"
"2137","IMI plc","IMI.L","9693531815","40.8691","United Kingdom"
"2138","OGE Energy","OGE","9685146624","46.93","United States"
"2139","Komerční banka","KOMB.PR","9679439670","51.253","Czech Republic"
"2140","OPC Energy","OPCE.TA","9677260377","31.1946","Israel"
"2141","Sirius XM","SIRI","9663707136","28.67","United States"
"2142","Pearson","PSO","9662628864","16.06","United Kingdom"
"2143","Alchip Technologies","3661.TW","9661597522","117.693","Taiwan"
"2144","Ascendas Reit","A17U.SI","9628703762","1.92759","Singapore"
"2145","Isuzu","7202.T","9626627779","14.0077","Japan"
"2146","Dillard's","DDS","9618073600","615.87","United States"
"2147","Financière de Tubize","TUB.BR","9609729725","215.888","Belgium"
"2148","Ryder","R","9607424000","250.54","United States"
"2149","Addtech AB","ADDT-B.ST","9603496816","35.5581","Sweden"
"2150","Syensqo","SYENS.BR","9601053837","94.1589","Belgium"
"2151","Chandra Asri Petrochemical","TPIA.JK","9596933399","0.110993","Indonesia"
"2152","Demant","DEMANT.CO","9588262148","45.4638","Denmark"
"2153","Bangkok Dusit Medical Services (BDMS)","BDMS.BK","9587496556","0.603291","Thailand"
"2154","Saia","SAIA","9581267968","359.19","United States"
"2155","Procore","PCOR","9561029632","62.92","United States"
"2156","VIAVI Solutions","VIAV","9559088128","38.74","United States"
"2157","JSC Halyk Bank","H4L1.F","9558436417","35.0467","Kazakhstan"
"2158","Sodexo","SW.PA","9555707744","65.479","France"
"2159","APA Group","APA.AX","9549591504","7.21404","Australia"
"2160","Mebuki Financial Group","7167.T","9540446471","10.1651","Japan"
"2161","Liberty Live Holdings","LLYVA","9518875648","103.46","United States"
"2162","Red Eléctrica","RED.MC","9512269090","17.6285","Spain"
"2163","Korea Aerospace Industries","047810.KS","9495237025","97.4119","South Korea"
"2164","Prio SA (Petro Rio)","PRIO3.SA","9494682134","11.9057","Brazil"
"2165","Mallplaza","MALLPLAZA.SN","9491645872","4.33408","Chile"
"2166","Booz Allen Hamilton","BAH","9483267072","78.84","United States"
"2167","New Oriental","EDU","9482586112","56.88","China"
"2168","Janus Living","JAN","9482485760","30.56","United States"
"2169","Nordnet AB","SAVE.ST","9463654101","38.0813","Sweden"
"2170","Spyre Therapeutics","SYRE","9458749440","108.92","United States"
"2171","Thyssenkrupp","TKA.F","9454336530","15.1869","Germany"
"2172","Avantor","AVTR","9441969152","13.96","United States"
"2173","CPFL Energia","CPFE3.SA","9428773315","8.18289","Brazil"
"2174","Masimo","MASI","9423817728","179.95","United States"
"2175","Range Resources","RRC","9421958144","40.32","United States"
"2176","Vaxcyte","PCVX","9419374592","63.3","United States"
"2177","CareTrust REIT","CTRE","9409195008","39.82","United States"
"2178","Genscript Biotech","1548.HK","9403371864","4.29994","China"
"2179","Valmont Industries","VMI","9402613760","484.33","United States"
"2180","CubeSmart","CUBE","9399661568","41.46","United States"
"2181","BlueScope Steel","BSL.AX","9395169325","21.4464","Australia"
"2182","Affiliated Managers Group","AMG","9387118592","355.41","United States"
"2183","Tetra Tech","TTEK","9371226112","36.6","United States"
"2184","OTE Group","OTE.F","9363954773","22.7804","Greece"
"2185","Federal Bank","FEDERALBNK.NS","9362822438","3.7914","India"
"2186","China Rare Earth Resources And Technology","000831.SZ","9354471079","8.81482","China"
"2187","Pandora","PNDORA.CO","9349070658","124.987","Denmark"
"2188","Oshkosh Corporation","OSK","9343343616","149.85","United States"
"2189","The Weir Group","WEIR.L","9337749871","35.9681","United Kingdom"
"2190","Dixon Technologies","DIXON.NS","9332741438","153.494","India"
"2191","RHB Bank","1066.KL","9313942970","2.13383","Malaysia"
"2192","Chongqing Rural Commercial Bank","3618.HK","9312137580","0.819947","China"
"2193","Indutrade","INDT.ST","9300762498","25.5289","Sweden"
"2194","Immunovant","IMVT","9286608896","44.96","United States"
"2195","Info Edge","NAUKRI.NS","9282099453","14.33","India"
"2196","Agree Realty","ADC","9278577664","74.39","United States"
"2197","The Toro Company","TTC","9278214144","97.43","United States"
"2198","Mineral Resources","MIN.AX","9263376607","46.6581","Australia"
"2199","Primerica","PRI","9263058944","300.97","United States"
"2200","Persistent Systems","PERSISTENT.NS","9260324166","59.2733","India"
"2201","Kinetik","KNTK","9256925184","54.71","United States"
"2202","Hyundai Engineering and Construction","000720.KS","9248737265","82.2765","South Korea"
"2203","360 Security Technology","601360.SS","9238311798","1.31984","China"
"2204","Sanrio Company","8136.T","9229935729","7.61276","Japan"
"2205","Banca Popolare di Sondrio","BPSO.MI","9223399404","20.5062","Italy"
"2206","Shiseido","4911.T","9218631799","23.0686","Japan"
"2207","FirstCash","FCFS","9193954304","211.98","United States"
"2208","Qiagen","QGEN","9189027840","44.5","Netherlands"
"2209","HELLA","HLE.F","9177050251","82.5935","Germany"
"2210","American Airlines","AAL","9174902784","13.86","United States"
"2211","Jyske Bank","JYSK.CO","9171225514","162.482","Denmark"
"2212","Mohawk Industries","MHK","9160906752","135.24","United States"
"2213","Andritz","AZ2.F","9158765392","93.4579","Austria"
"2214","Shree Cement","SHREECEM.NS","9153686727","253.7","India"
"2215","Elastic NV","ESTC","9148993536","87.34","United States"
"2216","IDBI Bank","IDBI.NS","9131506901","0.849253","India"
"2217","JD Logistics","2618.HK","9128527226","1.49197","China"
"2218","Brixmor Property Group","BRX","9126382592","29.74","United States"
"2219","Powerchip Semiconductor Manufacturing","6770.TW","9114117558","2.11188","Taiwan"
"2220","Match Group","MTCH","9113175040","39.7","United States"
"2221","Rural Electrification Corp","RECLTD.NS","9111758416","3.46031","India"
"2222","Solstice Advanced Materials","SOLS","9108308992","57.34","United States"
"2223","Mengniu Dairy","2319.HK","9104917420","2.35528","China"
"2224","Siam Cement","SCC.BK","9104204495","7.58684","Thailand"
"2225","SPIE","SPIE.PA","9101426775","53.8785","France"
"2226","Full Truck Alliance","YMM","9099279360","8.7","China"
"2227","Thai Beverage","Y92.SI","9095510300","0.361914","Thailand"
"2228","Houlihan Lokey","HLI","9091533824","130.09","United States"
"2229","Bid Corp","BID.JO","9078741200","27.0213","South Africa"
"2230","Bank of Ayudhya","BAY.BK","9077036607","1.234","Thailand"
"2231","ServiceTitan","TTAN","9064677376","95.02","United States"
"2232","Central Pattana","CPN.BK","9059415570","2.01859","Thailand"
"2233","InPost","INPST.AS","9052296906","18.1075","Luxembourg"
"2234","KT Corporation","KT","9049009152","19","South Korea"
"2235","Chang Hwa Commercial Bank","2801.TW","9039463774","0.749529","Taiwan"
"2236","MISC Berhad","3816.KL","9004930313","2.01735","Malaysia"
"2237","Storebrand","STB.OL","8998941079","21.5521","Norway"
"2238","Medibank","MPL.AX","8997705123","3.26714","Australia"
"2239","Banca Generali","BGN.MI","8992374365","78.6799","Italy"
"2240","Crinetics Pharmaceuticals","CRNX","8985203712","84.69","United States"
"2241","Hotai Motor","2207.TW","8981575013","16.1219","Taiwan"
"2242","Toppan","7911.T","8978931896","31.9717","Japan"
"2243","Vanguard International Semiconductor","5347.TWO","8972583894","4.77687","Taiwan"
"2244","FormFactor","FORM","8960900096","114.95","United States"
"2245","Autoliv","ALV","8954714112","122.27","Sweden"
"2246","Infratil","IFT.NZ","8946537025","8.95269","New Zealand"
"2247","Suntory","2587.T","8937523021","28.9241","Japan"
"2248","Bruker","BRKR","8935873536","58.65","United States"
"2249","Twist Bioscience","TWST","8928910336","142.39","United States"
"2250","Meridian Energy","MEZ.AX","8925852376","3.30273","New Zealand"
"2251","Fukuoka Financial Group","8354.T","8919380328","47.1972","Japan"
"2252","China Taiping Insurance","0966.HK","8918626532","2.48152","Hong Kong"
"2253","PChem (Petronas Chemicals Group)","5183.KL","8902106904","1.11276","Malaysia"
"2254","InterDigital","IDCC","8899459072","344.86","United States"
"2255","AirTAC International","1590.TW","8893777986","44.4689","Taiwan"
"2256","Voya Financial","VOYA","8887501824","98.1","United States"
"2257","Hyundai Autoever Corporation","307950.KS","8881511509","323.87","South Korea"
"2258","Voestalpine","VAS.F","8880982067","51.7991","Austria"
"2259","YTO Express","600233.SS","8875286923","2.59207","China"
"2260","Jackson Financial","JXN","8875173888","131.04","United States"
"2261","NNN REIT","NNN","8874907648","46.24","United States"
"2262","Smithfield Foods","SFD","8872911872","22.55","United States"
"2263","Eisai","4523.T","8863283289","31.4038","Japan"
"2264","Gaztransport & Technigaz","GTT.PA","8862662515","239.019","France"
"2265","Snap","SNAP","8861875200","5.24","United States"
"2266","Hainan Airlines","900945.SS","8859204608","0.205","China"
"2267","Ryman Hospitality Properties","RHP","8853443584","128.34","United States"
"2268","Securitas AB","SECU-B.ST","8842334634","15.4467","Sweden"
"2269","Accelleron Industries","ACLN.SW","8837040471","93.9701","Switzerland"
"2270","Kunlun Tech","300418.SZ","8830132492","6.87151","China"
"2271","Aurubis","NDA.F","8823612945","202.103","Germany"
"2272","Element Solutions","ESI","8816562176","36.18","United States"
"2273","Finning","FTT.TO","8797362503","67.6112","Canada"
"2274","Auckland Airport","AIA.AX","8795996286","5.18898","New Zealand"
"2275","YANGHE","002304.SZ","8793666786","5.83736","China"
"2276","Columbia Banking System","COLB","8787124224","31.07","United States"
"2277","AeroVironment","AVAV","8779099136","172.74","United States"
"2278","Western Alliance Bancorporation","WAL","8771709952","80.4","United States"
"2279","Empresas Copec","COPEC.SN","8767189540","6.74475","Chile"
"2280","Core &amp; Main","CNM","8765428736","45.29","United States"
"2281","PBF Energy","PBF","8761059328","73.91","United States"
"2282","Prosperity Bancshares","PB","8760886272","72.9","United States"
"2283","Gerdau","GGB","8751084544","4.46","Brazil"
"2284","Bank of the Philippine Islands","BPHLY","8736351232","32.99","Philippines"
"2285","StandardAero","SARO","8736272384","26.4","United States"
"2286","Stora Enso","STEAV.HE","8733781469","11.0748","Finland"
"2287","Timken Company","TKR","8733375488","125.67","United States"
"2288","kyowa Kirin","4151.T","8715209074","16.6452","Japan"
"2289","HealthEquity","HQY","8714175488","103.95","United States"
"2290","Sagax","SAGA-B.ST","8711538992","17.6094","Sweden"
"2291","CITIC Metal","601061.SS","8705601415","1.77665","China"
"2292","Alexandria Real Estate Equities","ARE","8699416576","50.55","United States"
"2293","Zurich Airport","FHZN.SW","8696327757","283.287","Switzerland"
"2294","Zain (Mobile Telecommunications Company)","ZAIN.KW","8693569995","2009.12","Kuwait"
"2295","Nedbank","NED.JO","8687774800","19.0144","South Africa"
"2296","Coforge","COFORGE.NS","8675062329","19.5962","India"
"2297","A. O. Smith","AOS","8670966784","63.8","United States"
"2298","MinebeaMitsumi","6479.T","8661149025","21.5668","Japan"
"2299","PetGas (Petronas Gas)","6033.KL","8650515805","4.37175","Malaysia"
"2300","Dai Nippon Printing","7912.T","8646725514","20.1471","Japan"
"2301","Kinsale Capital Group","KNSL","8642589696","379.42","United States"
"2302","PB Fintech","POLICYBZR.NS","8631528183","18.6813","India"
"2303","Buenaventura Mining Company","BVN","8630473728","33.98","Peru"
"2304","Dino Polska","DNP.WA","8624216160","8.79663","Poland"
"2305","Turkish Airlines","THYAO.IS","8622153591","6.28307","Turkey"
"2306","Vicinity Centres","VCX.AX","8620739872","1.85778","Australia"
"2307","ImmunityBio","IBRX","8616469504","8.13","United States"
"2308","SBI Shinsei Bank","8303.T","8610645233","9.7076","Japan"
"2309","Shanghai Airport (AVINEX)","600009.SS","8601073420","3.45659","China"
"2310","ASMPT
 (ASM Pacific Technology)","0522.HK","8599593814","20.5051","Hong Kong"
"2311","First Industrial Realty Trust","FR","8599151616","62.76","United States"
"2312","SM Energy","SM","8596045824","36.14","United States"
"2313","Eastman Chemical","EMN","8592789504","75.16","United States"
"2314","Rexford Industrial","REXR","8587545600","37.56","United States"
"2315","China Resources Beer","0291.HK","8579548304","2.64474","Hong Kong"
"2316","Alstom","ALO.PA","8579473882","18.5456","France"
"2317","Qingdao Port International","601298.SS","8567228472","1.31984","China"
"2318","NewMarket Corp","NEU","8560198656","930.82","United States"
"2319","Primo Brands","PRMB","8559968768","23.65","United States"
"2320","Hualu Hengsheng","600426.SS","8552014061","3.10989","China"
"2321","Qorvo","QRVO","8540385280","96.81","United States"
"2322","Ecopro","086520.KQ","8528458768","62.9806","South Korea"
"2323","BOK Financial","BOKF","8527665152","140.35","United States"
"2324","Jardine Cycle &amp; Carriage","C07.SI","8510973434","21.5339","Singapore"
"2325","AU Small Finance Bank","AUBANK.NS","8506024579","11.3564","India"
"2326","Makita","6586.T","8497811030","32.9812","Japan"
"2327","Zabka Group","ZAB.WA","8494666489","8.50151","Poland"
"2328","TIM S.A.","TIMB","8494107648","17.78","Brazil"
"2329","Kyoto Financial Group","5844.T","8492366650","30.1418","Japan"
"2330","Rush Enterprises","RUSHA","8490325504","78.33","United States"
"2331","VZ Holding","VZN.SW","8485841996","215.468","Switzerland"
"2332","ICICI Lombard","ICICIGI.NS","8481132082","16.9788","India"
"2333","Commercial International Bank","CIN.F","8479453247","2.57009","Egypt"
"2334","AL Sydbank A/S","ALSYDB.CO","8479440266","99.9111","Denmark"
"2335","BKW AG","BKW.SW","8471639456","160.538","Switzerland"
"2336","Equatorial Energia","EQTL3.SA","8466726472","6.73942","Brazil"
"2337","Levi Strauss &amp; Co.","LEVI","8466712576","22","United States"
"2338","Wuhan Guide Infrared","002414.SZ","8464578890","1.982","China"
"2339","Sunway","5211.KL","8460998395","1.25155","Malaysia"
"2340","AptarGroup","ATR","8451838976","132.93","United States"
"2341","Bharti Hexacom","BHARTIHEXA.NS","8448660127","16.8973","India"
"2342","Sembcorp","U96.SI","8446679977","4.74422","Singapore"
"2343","Commerce Bancshares","CBSH","8443852288","58.87","United States"
"2344","Avolta AG","AVOL.SW","8431841720","59.5853","Switzerland"
"2345","Alkermes","ALKS","8418360832","50.18","Ireland"
"2346","Capstone Copper","CS.TO","8415733619","11.0161","Canada"
"2347","Hulic","3003.T","8407499503","11.0705","Japan"
"2348","Stantec","STN","8407498240","74.8","Canada"
"2349","Nemetschek","NEM.F","8406236051","72.8388","Germany"
"2350","Zhejiang Chint Electrics","601877.SS","8403378720","3.91042","China"
"2351","Celcomdigi","6947.KL","8402005841","0.716233","Malaysia"
"2352","Games Workshop Group","GAW.L","8394596837","254.037","United Kingdom"
"2353","China Merchants Port","0144.HK","8393909268","1.9995","Hong Kong"
"2354","Havells India","HAVELLS.NS","8386016818","13.3629","India"
"2355","Sibanye-Stillwater","SBSW","8383861760","11.59","South Africa"
"2356","AECOM","ACM","8370415616","65.04","United States"
"2357","Otsuka","4768.T","8367195548","22.0653","Japan"
"2358","CarMax","KMX","8365659648","58.95","United States"
"2359","CAE Inc.","CAE","8361638912","25.98","Canada"
"2360","CAVA Group","CAVA","8359819776","71.57","United States"
"2361","Abu Dhabi Ports","ADPORTS.AE","8357212803","1.64","United Arab Emirates"
"2362","Deutsche Wohnen","DWNI.DE","8346757323","21.028","Germany"
"2363","A2A","A2A.MI","8329070594","2.66238","Italy"
"2364","Pirelli","PIRC.MI","8326722332","7.67523","Italy"
"2365","Lincoln National Corporation","LNC","8324129792","43.48","United States"
"2366","Founder Securities","601901.SS","8304984517","1.00885","China"
"2367","Clearway Energy","CWEN","8301767680","33.66","United States"
"2368","PhosAgro","PHOR.ME","8293854247","64.05","Russia"
"2369","UGI Corporation","UGI","8268780544","38.55","United States"
"2370","Lear Corporation","LEA","8258599424","124.05","United States"
"2371","Tongwei Co.,Ltd","600438.SS","8253035620","1.8332","China"
"2372","West Japan Railway","9021.T","8252636975","18.1343","Japan"
"2373","The Lottery Corporation","TLC.AX","8246239685","3.70489","Australia"
"2374","ANA Holdings","9202.T","8237219366","19.0366","Japan"
"2375","IndusInd Bank","INDUSINDBK.NS","8233859501","10.5679","India"
"2376","Silicon Motion","SIMO","8232802304","242.8","Hong Kong"
"2377","Zillow","Z","8225926656","36.58","United States"
"2378","Zurn Elkay Water Solutions","ZWS","8225200640","49.59","United States"
"2379","CTP N.V.","CTPNV.AS","8223201436","16.7757","Netherlands"
"2380","Quiñenco","QUINENCO.SN","8215250510","4.94073","Chile"
"2381","KBC Ancora","KBCA.BR","8213996800","106.659","Belgium"
"2382","Rational AG","RAA.F","8208714894","721.963","Germany"
"2383","Melrose Industries","MRO.L","8200554869","6.58099","United Kingdom"
"2384","Choice Properties REIT","CHP-UN.TO","8199132900","11.3277","Canada"
"2385","Yunnan Energy New Material","002812.SZ","8198949283","8.35503","China"
"2386","Hess Midstream","HESM","8195590144","39.75","United States"
"2387","XP Inc.","XP","8193778176","16.53","Brazil"
"2388","Yaskawa","6506.T","8186053944","31.5615","Japan"
"2389","Silan Microelectronics","600460.SS","8176125533","4.91332","China"
"2390","UiPath","PATH","8175937536","15.78","United States"
"2391","PSP Swiss Property","PSPN.SW","8167020624","178.055","Switzerland"
"2392","Lithia Motors","LAD","8166947840","371.51","United States"
"2393","Hindustan Petroleum","HINDPETRO.NS","8162990565","3.83631","India"
"2394","Davide Campari-Milano","CPR.MI","8162949922","6.80607","Italy"
"2395","Celsius Holdings","CELH","8162910208","32.26","United States"
"2396","Nippon Express","9147.T","8154996254","34.3189","Japan"
"2397","Credito Emiliano","CE.MI","8144554408","23.9486","Italy"
"2398","Idacorp","IDA","8141846016","140.76","United States"
"2399","Canadian Tire","CTC.TO","8126448045","155.82","Canada"
"2400","Sunny Optical","2382.HK","8122776220","7.56188","China"
"2401","NIBE Industrier","NIBE-B.ST","8113467297","4.0244","Sweden"
"2402","Buzzi Unicem","BZU.MI","8103864166","45.9112","Italy"
"2403","10x Genomics","TXG","8102807552","62.19","United States"
"2404","Schaeffler","SHA0.DE","8102165474","8.57477","Germany"
"2405","Toho Co.","9602.T","8091029966","9.72653","Japan"
"2406","Waaree Energies Limited (WEL)","WAAREEENER.NS","8090879264","28.1274","India"
"2407","GameStop","GME","8089903616","18.03","United States"
"2408","Chord Energy","CHRD","8085986304","147.83","United States"
"2409","NTPC Green Energy","NTPCGREEN.NS","8078426855","0.958712","India"
"2410","MBME GROUP","MBME.AE","8073257081","2.94","United Arab Emirates"
"2411","X-Energy, Inc.","XE","8066367488","19.85","United States"
"2412","Randstad","RAND.AS","8065400764","45.9696","Netherlands"
"2413","Planet Labs","PL","8061825536","22.62","United States"
"2414","Yokogawa Electric Corporation","6841.T","8059090655","32.2051","Japan"
"2415","Shanghai Allist Pharmaceuticals","688578.SS","8056543421","17.9034","China"
"2416","Japan Airlines","9201.T","8052286628","18.7338","Japan"
"2417","ALS Global","ALQ.AX","8050812314","15.8623","Australia"
"2418","Multi Commodity Exchange","MCX.NS","8031006123","31.5543","India"
"2419","Svenska Cellulosa Aktiebolaget (SCA)","SCA-B.ST","8030535941","11.4339","Sweden"
"2420","St. James's Place","STJ.L","8030246243","15.9556","United Kingdom"
"2421","SK Innovation","096775.KS","8029357697","47.4148","South Korea"
"2422","Wharf Holdings","0004.HK","8027850717","2.62689","Hong Kong"
"2423","Applied Digital","APLD","8025896448","28.23","United States"
"2424","Yuntianhua","600096.SS","8021104686","4.39997","China"
"2425","China Zheshang Bank","2016.HK","8020180481","0.292018","China"
"2426","ENN Natural Gas Co.,Ltd.","600803.SS","8018327903","2.59058","China"
"2427","Morningstar","MORN","8014774272","213.65","United States"
"2428","SRF Limited","SRF.NS","8004321607","27.0046","India"
"2429","Janus Henderson","JHG","8004228608","51.95","United Kingdom"
"2430","Oklo","OKLO","7987597312","42.94","United States"
"2431","NHPC Limited","NHPC.NS","7982058957","0.794627","India"
"2432","Valley Bank","VLY","7979619328","14.44","United States"
"2433","Investec","INVR.L","7978939614","9.04733","United Kingdom"
"2434","StoneX Group","SNEX","7978797056","66.15","United States"
"2435","Metlen Energy &amp; Metals","MTLN.AT","7970782447","55.8879","Greece"
"2436","Huadong Medicine (HD Medicine)","000963.SZ","7969514773","4.5443","China"
"2437","Intermediate Capital Group (ICG)","ICG.L","7966001931","27.6091","United Kingdom"
"2438","Norwegian Cruise Line","NCLH","7962317312","17.34","United States"
"2439","Fortune Electric Co., Ltd.","1519.TW","7960558312","22.9101","Taiwan"
"2440","Ecopro BM","247540.KQ","7957441093","81.344","South Korea"
"2441","ASX","ASX.AX","7954651502","40.7075","Australia"
"2442","TMBThanachart Bank (ttb)","TTB.BK","7952755734","0.0877514","Thailand"
"2443","Oil India","OIL.NS","7950998439","4.88809","India"
"2444","Hai Di Lao Hot Pot","6862.HK","7948533113","1.46774","China"
"2445","National Fuel Gas","NFG","7943869440","83.58","United States"
"2446","Rhythm Pharmaceuticals","RYTM","7938334720","115.73","United States"
"2447","Yealink Network Technology","300628.SZ","7936502372","6.26441","China"
"2448","Molson Coors","TAP","7922427904","42.49","United States"
"2449","Paylocity","PCTY","7921935360","149.31","United States"
"2450","Simpson Manufacturing Company","SSD","7919059968","193.22","United States"
"2451","Stockland","SGP.AX","7918550927","3.25646","Australia"
"2452","TG Therapeutics","TGTX","7912139264","51.69","United States"
"2453","Empyrean Technology","301269.SZ","7910166807","14.4379","China"
"2454","OUTsurance Group","OUT.JO","7904155300","5.10562","South Africa"
"2455","Element Fleet Management","EFN.TO","7901268227","20.1913","Canada"
"2456","Omron","6645.T","7900709087","40.1807","Japan"
"2457","Acciona Energías Renovables","ANE.MC","7893831120","24.3224","Spain"
"2458","Korea Investment Holdings","071050.KS","7887718549","135.071","South Korea"
"2459","Galaxy Digital Holdings","7LX.F","7887111260","22.3715","United States"
"2460","GS Holdings Corp.","078930.KS","7884617379","83.2807","South Korea"
"2461","NKT A/S","NKT.CO","7883091767","147.484","Denmark"
"2462","Smoore International Holdings","6969.HK","7864472341","1.26945","China"
"2463","Companhia Paranaense de Energia (COPEL)","ELPC","7862043648","10.59","Brazil"
"2464","Vornado Realty Trust","VNO","7859917824","38.38","United States"
"2465","Dahua Technology","002236.SZ","7856347421","2.40309","China"
"2466","South Bow","SOBO","7844999680","37.61","Canada"
"2467","GAC (Guangzhou Automobile Group)","601238.SS","7844480266","0.769288","China"
"2468","Cinda Securities","601059.SS","7841492603","2.41797","China"
"2469","Food &amp; Life Companies","3563.T","7834061548","34.4704","Japan"
"2470","First International Bank of Israel","FIBI.TA","7826875706","78.0368","Israel"
"2471","Empire Company","EMP-A.TO","7823748353","34.9543","Canada"
"2472","Builders FirstSource","BLDR","7806123008","72.55","United States"
"2473","Kunlun Energy Company","0135.HK","7806076174","0.905385","Hong Kong"
"2474","Edenred","EDEN.PA","7803965551","33.9486","France"
"2475","Commercial Bank of Dubai","CBD.AE","7803148718","2.61395","United Arab Emirates"
"2476","SenseTime","0020.HK","7801617669","0.192554","China"
"2477","Huadian Power International","600027.SS","7792441776","0.671081","China"
"2478","Grupo Aeroportuario del Sureste
(ASUR)","ASR","7791519744","259.44","Mexico"
"2479","A1 Telekom Austria","TA1.F","7789032616","11.729","Austria"
"2480","Indoritel","DNET.JK","7772218125","0.547957","Indonesia"
"2481","DB Insurance","005830.KS","7764876717","128.041","South Korea"
"2482","Axalta","AXTA","7762505728","36.27","United States"
"2483","Conagra Brands","CAG","7762334208","16.22","United States"
"2484","IDFC FIRST Bank","IDFCFIRSTB.NS","7760730947","0.90064","India"
"2485","Sasol","SSL","7756556288","12.1","South Africa"
"2486","ALK-Abelló","ALK-B.CO","7740776232","34.9337","Denmark"
"2487","Mobileye","MBLY","7736707584","9.1","Israel"
"2488","TeraWulf","WULF","7734014464","15.5","United States"
"2489","Telekom Malaysia","4863.KL","7723032655","2.01239","Malaysia"
"2490","UNO Minda","UNOMINDA.NS","7720092232","13.3691","India"
"2491","AGC","5201.T","7706912175","36.2813","Japan"
"2492","Hiscox","HSX.L","7701031784","24.1512","Bermuda"
"2493","Isetan Mitsukoshi Holdings","3099.T","7687377580","22.0969","Japan"
"2494","National Mineral Development Corporation","NMDC.NS","7682268862","0.873798","India"
"2495","Konecranes","KCR.HE","7678971757","32.3131","Finland"
"2496","CAR Group (Carsales)","CAR.AX","7674940379","20.2577","Australia"
"2497","Swiggy","SWIGGY.NS","7664920916","2.92554","India"
"2498","Sumco Corporation","3436.T","7659580066","21.9013","Japan"
"2499","Tokyo Century","8439.T","7657528189","15.6672","Japan"
"2500","Pure Health Holding","PUREHEALTH.AE","7654280584","0.69","United Arab Emirates"
"2501","Zoomlion","1157.HK","7648280852","0.884344","China"
"2502","ICICI Prulife","ICICIPRULI.NS","7646016418","5.27401","India"
"2503","Adani Total Gas","ATGL.NS","7642946439","6.94933","India"
"2504","Joby Aviation","JOBY","7636038656","7.72","United States"
"2505","CPI Property Group","O5G.DE","7626623347","0.852804","Luxembourg"
"2506","Akbank","AKBNK.IS","7624363105","1.46622","Turkey"
"2507","Bank Muscat","BKMB.OM","7623380062","1.01558","Oman"
"2508","Petrovietnam Gas","GAS.VN","7622557844","3.15902","Vietnam"
"2509","Hanover Insurance Group","THG","7622494720","218.91","United States"
"2510","AppFolio","APPF","7622445056","215.22","United States"
"2511","SM Prime Holdings","SPHXF","7620299776","0.2672","Philippines"
"2512","Ozon","OZON.ME","7602761487","34.8","United States"
"2513","Barry Callebaut","BARN.SW","7594376811","1385.15","Switzerland"
"2514","Technology One","TNE.AX","7594093284","23.1974","Australia"
"2515","ENGIE Brasil","EGIE3.SA","7588786288","5.35787","Brazil"
"2516","Babcock International Group","BAB.L","7586095609","15.4042","United Kingdom"
"2517","Taiyo Yuden","6976.T","7568796302","60.4793","Japan"
"2518","Vista Energy","VIST","7568442880","68.42","Mexico"
"2519","Sonic Healthcare","SHL.AX","7567128460","15.3107","Australia"
"2520","Sangfor Technologies","300454.SZ","7556858847","17.5106","China"
"2521","Capital Power","CPX.TO","7553455538","48.0867","Canada"
"2522","Shandong Hi-Speed","600350.SS","7553454910","1.56238","China"
"2523","NEXTDC","NXT.AX","7553284890","9.93309","Australia"
"2524","Armstrong World Industries","AWI","7548140544","178.6","United States"
"2525","VPBank (Vietnam Prosperity Joint Stock Commercial Bank)","VPB.VN","7546304471","0.951144","Vietnam"
"2526","Commercial Metals Company","CMC","7540155392","68.16","United States"
"2527","Desay SV","002920.SZ","7535933014","12.627","China"
"2528","Giant Network Group","002558.SZ","7533809591","3.96399","China"
"2529","Bajaj Housing Finance Limited (BHFL)","BAJAJHFL.NS","7533315001","0.904505","India"
"2530","ESCO Technologies","ESE","7533143040","290.77","United States"
"2531","Samyang Foods","003230.KS","7532598111","1009.99","South Korea"
"2532","Reece Group","REH.AX","7530487787","12.2429","Australia"
"2533","Hitachi Construction Machinery","6305.T","7530409417","35.3979","Japan"
"2534","Wallenius Wilhelmsen","WAWI.OL","7525204820","17.7955","Norway"
"2535","Lion Finance Group PLC","BGEO.L","7524746780","174.667","United Kingdom"
"2536","Steel Authority of India","SAIL.NS","7521772976","1.82102","India"
"2537","Pegatron","4938.TW","7517950367","2.80955","Taiwan"
"2538","Central Bancompany","CBC","7496510464","31.3","United States"
"2539","Oracle Corp Japan","4716.T","7491978699","58.4602","Japan"
"2540","Federal Signal","FSS","7485532672","122.63","United States"
"2541","The Yokohama Rubber Company","5101.T","7484052384","47.4433","Japan"
"2542","Richter Gedeon","RIG2.F","7474604208","40.9813","Hungary"
"2543","Terreno Realty","TRNO","7474273280","68.59","United States"
"2544","Yes Bank","YESBANK.NS","7471331549","0.238033","India"
"2545","Pilgrim's Pride","PPC","7448034816","31.28","United States"
"2546","National Aluminum &amp; Alloy","NATIONALUM.NS","7446816212","4.0546","India"
"2547","Compagnie du Cambodge","CBDG.PA","7446713965","122.664","France"
"2548","Shimadzu","7701.T","7445745721","25.7692","Japan"
"2549","Taesa (Transmissora Aliança de Energia Elétrica)","TAEE11.SA","7433137333","7.1922","Brazil"
"2550","First American Financial Corporation","FAF","7430837760","72.78","United States"
"2551","M3, Inc","2413.T","7426699077","11.1273","Japan"
"2552","Navan","NAVN","7421386240","29.18","United States"
"2553","SalMar ASA","SALM.OL","7419207784","54.7389","Norway"
"2554","Motor Oil (Hellas) Corinth Refineries","MOH.AT","7416328320","68.4579","Greece"
"2555","Industrial Securities","601377.SS","7414574272","0.858567","China"
"2556","Bank Negara Indonesia","BBNI.JK","7406752916","0.199002","Indonesia"
"2557","Dabur","DABUR.NS","7406696347","4.17524","India"
"2558","Lamb Weston","LW","7404842496","53.86","United States"
"2559","Argan","AGX","7402302976","528.01","United States"
"2560","DCC plc","DCC.L","7402247080","86.6529","Ireland"
"2561","Sprouts Farmers Market","SFM","7397334016","79.33","United States"
"2562","Hexcel","HXL","7395217920","97.79","United States"
"2563","Dropbox","DBX","7390875136","33.99","United States"
"2564","OneMain Financial","OMF","7386812928","64.21","United States"
"2565","Etsy","ETSY","7384758784","80.46","United States"
"2566","Nissan","7201.T","7383958673","2.11189","Japan"
"2567","Terex","TEX","7383779840","64.6","United States"
"2568","Meiji Holdings","2269.T","7382983598","27.2267","Japan"
"2569","NOV","NOV","7375532544","20.69","United States"
"2570","HK Electric Investments","2638.HK","7369162610","0.833974","Hong Kong"
"2571","PJT Partners","PJT","7368890368","172.99","United States"
"2572","KakaoBank","323410.KS","7365520794","15.4582","South Korea"
"2573","Ramsay Health Care","RHC.AX","7363255586","31.8991","Australia"
"2574","Ralliant Corporation","RAL","7358667264","66.51","United States"
"2575","99 Speed Mart Retail","5326.KL","7348699353","0.874845","Malaysia"
"2576","Maxis Berhad","6012.KL","7346316364","0.936803","Malaysia"
"2577","Macerich","MAC","7346255872","24.9","United States"
"2578","VinFast Auto","VFS","7346143744","3.14","Vietnam"
"2579","Ono Pharmaceutical","4528.T","7345822380","15.6325","Japan"
"2580","Sysmex","6869.T","7341391120","12.1306","Japan"
"2581","SSR Mining","SSRM","7341034496","35.38","Canada"
"2582","The Hachijuni Bank","8359.T","7339883433","16.1278","Japan"
"2583","Clearwater Analytics","CWAN","7330872320","24.56","United States"
"2584","Apar Industries","APARINDS.NS","7328960516","175.031","India"
"2585","Noble Corporation","NE","7322788864","45.87","United Kingdom"
"2586","Kirby Corporation","KEX","7321776128","138.67","United States"
"2587","Charter Hall Group","CHC.AX","7317197815","15.4744","Australia"
"2588","MSA Safety","MSA","7307885056","189.43","United States"
"2589","JFE Holdings","5411.T","7305268660","11.4838","Japan"
"2590","Silicon Labs","SLAB","7304651264","218.92","United States"
"2591","Fannie Mae","FNMA","7295951872","6.3","United States"
"2592","Air Lease Corporation","AL","7282301440","65","United States"
"2593","SentinelOne","S","7280398336","21.32","United States"
"2594","Orica","ORI.AX","7278630719","15.7022","Australia"
"2595","Krafton","259960.KS","7278533091","161.397","South Korea"
"2596","Riot Platforms","RIOT","7272518144","19.38","United States"
"2597","AXIS Capital","AXS","7265424896","98.55","Bermuda"
"2598","Hims &amp; Hers Health","HIMS","7253713920","31.09","United States"
"2599","Kingfisher","KGF.L","7252138525","4.43271","United Kingdom"
"2600","Avnet","AVT","7250326528","88.34","United States"
"2601","Bilibili","BILI","7244334592","17.31","China"
"2602","NH Investment & Securities Co., Ltd.","005940.KS","7240351769","19.3317","South Korea"
"2603","Gap Inc.","GAP","7235576832","20.1","United States"
"2604","Nippon Building Fund","8951.T","7230698941","820.272","Japan"
"2605","Fluor Corporation","FLR","7230042112","54.06","United States"
"2606","Zeta Global","ZETA","7226681856","28.79","United States"
"2607","Powell Industries","POWL","7221117440","198.21","United States"
"2608","Fortis Healthcare","FORTIS.NS","7220923961","9.56467","India"
"2609","Sojitz Corporation","2768.T","7209982511","34.6533","Japan"
"2610","Baycurrent","6532.T","7205263442","49.0207","Japan"
"2611","D-Wave Quantum","QBTS","7195539456","19.32","Canada"
"2612","GitLab","GTLB","7195139584","42.6","United States"
"2613","Phoenix Mills","PHOENIXLTD.NS","7189286410","20.1007","India"
"2614","Kanzhun","BZ","7185939968","16.08","China"
"2615","Bachem","BANB.SW","7182349385","95.8471","Switzerland"
"2616","Computacenter","CCC.L","7179552796","68.4102","United Kingdom"
"2617","Matador Resources","MTDR","7177744384","58","United States"
"2618","Shanghai Lujiazui Finance & Trade Zone Development Co.,Ltd.","600663.SS","7177557240","1.42549","China"
"2619","TKMS","TKMS.DE","7176093855","112.967","Germany"
"2620","STAG Industrial","STAG","7169519616","36.43","United States"
"2621","Gotion High-tech Co.,Ltd.","002074.SZ","7166551887","3.94911","China"
"2622","Loar Holdings","LOAR","7166231040","76.49","United States"
"2623","IOI Corporation Berhad","1961.KL","7165282801","1.14002","Malaysia"
"2624","Shanghai Zhangjiang Hi-Tech Park Development","600895.SS","7159851891","4.62317","China"
"2625","Prestige Group","PRESTIGE.NS","7155368793","16.6122","India"
"2626","President Chain Store (PSCS)","2912.TW","7155162674","6.88246","Taiwan"
"2627","CG Oncology","CGON","7151505408","80.68","United States"
"2628","Discovery Silver Corp.","DSV.TO","7151108427","8.78388","Canada"
"2629","Allegro MicroSystems","ALGM","7148518400","38.35","United States"
"2630","Hinge Health","HNGE","7138227712","88.46","United States"
"2631","Arcosa","ACA","7132763648","145.25","United States"
"2632","Aura Minerals","AUGO","7126131200","85","United States"
"2633","Victory Capital","VCTR","7123423232","115.81","United States"
"2634","POOLCORP","POOL","7122423296","195.99","United States"
"2635","Oberoi Realty","OBEROIRLTY.NS","7116491979","19.5722","India"
"2636","EVA Air","2618.TW","7111207522","1.31678","Taiwan"
"2637","Campbell's","CPB","7100290560","23.81","United States"
"2638","ICL Group","ICL","7098950656","5.5","Israel"
"2639","Brother Industries","6448.T","7094368639","28.6969","Japan"
"2640","Asahi Intecc","7747.T","7071565597","26.6525","Japan"
"2641","The Mosaic Company","MOS","7066820096","22.23","United States"
"2642","Swissquote","SQN.SW","7066650158","47.1477","Switzerland"
"2643","Nexans","NEX.PA","7051565407","161.332","France"
"2644","Getinge","GETI-B.ST","7048583323","25.8787","Sweden"
"2645","Biocon","BIOCON.NS","7047669011","4.32825","India"
"2646","ISS A/S","ISS.CO","7039626234","45.3701","Denmark"
"2647","Sinotrans Limited","601598.SS","7034449869","0.980582","China"
"2648","Spirax-Sarco Engineering","SPX.L","7032580898","95.2977","United Kingdom"
"2649","Camtek","CAMT","7030794240","150.655","Israel"
"2650","Light &amp; Wonder","LNW","7028988928","86.22","United States"
"2651","Hamilton Lane","HLNE","7027934208","104.86","United States"
"2652","Galicia Financial Group","GGAL","7027234304","41.47","Argentina"
"2653","PACS Group","PACS","7005135360","44.26","United States"
"2654","Chemed","CHE","7001578496","535.7","United States"
"2655","Bezeq","BEZQ.TA","6995015358","2.53863","Israel"
"2656","EnerSys","ENS","6994850304","193.95","United States"
"2657","JAC Motors","600418.SS","6993470365","3.10245","China"
"2658","Scor","SCR.PA","6992083688","39.1355","France"
"2659","NexGen Energy","NXE","6989764096","10.56","Canada"
"2660","Ultrapar Participacoes","UGP","6979811328","6.55","Brazil"
"2661","Bank Millennium","MIL.WA","6973605651","5.75341","Poland"
"2662","Umm Al Qura for development and construction","4325.SR","6969850211","4.84472","Saudi Arabia"
"2663","Changjiang Securities","000783.SZ","6969678154","1.26032","China"
"2664","AGCO","AGCO","6969557504","99.52","United States"
"2665","B2Gold","BTG","6962042880","5.27","Canada"
"2666","Localiza","RENT3.SA","6948594177","6.29051","Brazil"
"2667","Iyogin Holdings","5830.T","6945408668","24.1917","Japan"
"2668","Vipshop","VIPS","6939909120","14.45","China"
"2669","CD Projekt","CDR.WA","6938492897","69.4471","Poland"
"2670","Brunello Cucinelli","BC.MI","6936635165","102.009","Italy"
"2671","Kinden Corporation","1944.T","6927610849","42.1178","Japan"
"2672","Global-e","GLBE","6926975488","41.24","Israel"
"2673","De' Longhi","DLG.MI","6912362417","46.5654","Italy"
"2674","Bosideng","3998.HK","6908657000","0.592326","Hong Kong"
"2675","Land Securities Group","LAND.L","6902362234","9.2643","United Kingdom"
"2676","YTL Corporation Berhad","1773.T","6901746946","0.59312","Malaysia"
"2677","Shin Kong Financial Holding","2888.TW","6901126407","0.389619","Taiwan"
"2678","Scholar Rock Holding","SRRK","6882085888","56.51","United States"
"2679","Strathcona Resources","SCR.TO","6875164984","32.0916","Canada"
"2680","Nissan Chemical","4021.T","6871754891","51.5131","Japan"
"2681","Oberbank","OBS.VI","6862305446","97.1963","Austria"
"2682","Rockwool","ROCK-B.CO","6860190861","33.1839","Denmark"
"2683","Fraport","FRA.DE","6854134978","74.1238","Germany"
"2684","Sailun Group","601058.SS","6849699272","2.08318","China"
"2685","Alibaba Health Information Technology","0241.HK","6848023745","0.423363","Hong Kong"
"2686","Kimberly-Clark de México","KIMBERA.MX","6844910496","2.28099","Mexico"
"2687","Enact Holdings","ACT","6834312704","49.71","United States"
"2688","Duolingo","DUOL","6832198656","146.03","United States"
"2689","Beijer Ref","BEIJ-B.ST","6826368561","13.4642","Sweden"
"2690","easyJet","EZJ.L","6820487818","9.12408","United Kingdom"
"2691","Hankyu Hanshin Holdings","9042.T","6815788938","29.5487","Japan"
"2692","Samsung E&A","028050.KS","6811804383","34.7541","South Korea"
"2693","Bank of India","BANKINDIA.NS","6790272002","1.49149","India"
"2694","Belite Bio","BLTE","6787870208","168.55","United States"
"2695","Tsuruha Holdings","3391.T","6785630236","14.9763","Japan"
"2696","Ormat Technologies","ORA","6784342528","110.32","United States"
"2697","International Games System","3293.TWO","6783783937","24.0729","Taiwan"
"2698","Luzerner Kantonalbank","LUKN.SW","6778631173","136.889","Switzerland"
"2699","China National Chemical Engineering (CNCEC)","601117.SS","6777395013","1.11004","China"
"2700","Healthcare Realty Trust","HR","6776528384","19.32","United States"
"2701","NextVision Stabilized Systems","NXSN.TA","6773961660","73.233","Israel"
"2702","Samsung Epis Holdings","0126Z0.KS","6773726860","272.223","South Korea"
"2703","Sinopharm","1099.HK","6772988102","2.17037","China"
"2704","Ypsomed","YPSN.SW","6770962608","515.021","Switzerland"
"2705","Kandenko","1942.T","6768413410","34.0097","Japan"
"2706","Suzlon","SUZLON.NS","6767869714","0.49236","India"
"2707","EnPro Industries","NPO","6764978688","319.59","United States"
"2708","Amorepacific","090430.KS","6763731360","98.1292","South Korea"
"2709","AT&amp;S Austria Technologie &amp; Systemtechnik","ATS.VI","6762441521","174.065","Austria"
"2710","Schaeffler India","SCHAEFFLER.NS","6758689211","43.2408","India"
"2711","Ingredion","INGR","6757305344","107.15","United States"
"2712","Shanghai Commercial and Savings Bank","5876.TW","6743074177","1.37649","Taiwan"
"2713","Essential Properties Realty Trust","EPRT","6743062528","31.1","United States"
"2714","Liquidia Corporation","LQDA","6742704640","75.33","United States"
"2715","Triple Flag Precious Metals","TFPM","6742478848","32.73","Canada"
"2716","Ampol","ALD.AX","6739934834","28.2832","Australia"
"2717","OceanaGold","OGC.TO","6732431343","30.2653","Canada"
"2718","Arcellx","ACLX","6732325376","115.07","United States"
"2719","Alkem Laboratories","ALKEM.NS","6729847839","56.2861","India"
"2720","TAL Education Group","TAL","6722978816","12.12","China"
"2721","MSC Industrial Direct","MSM","6719985152","120.33","United States"
"2722","ENN Energy","2688.HK","6717658462","6.04185","China"
"2723","Umicore","UMI.VI","6713944475","27.8972","Belgium"
"2724","Square Enix","9684.T","6711290433","18.6076","Japan"
"2725","BOC Aviation","2588.HK","6708261443","9.66594","Singapore"
"2726","Daito Trust Construction","1878.T","6701019884","20.5762","Japan"
"2727","Glenmark Pharmaceuticals","GLENMARK.NS","6698720240","23.7354","India"
"2728","Elisa","ELISA.HE","6696857073","41.7056","Finland"
"2729","IMCD","IMCD.AS","6692226942","113.364","Netherlands"
"2730","Indian Overseas Bank","IOB.NS","6689514411","0.347388","India"
"2731","McDonald's Japan","2702.T","6686356532","50.289","Japan"
"2732","Super Group","SGHC","6686290432","13.16","Guernsey"
"2733","GDS Holdings","GDS","6680589824","33.34","China"
"2734","Aaon","AAON","6677920256","80.99","United States"
"2735","Sekisui Chemical","4204.T","6675492171","16.5316","Japan"
"2736","Tokyo Ohka Kogyo Co., Ltd.","4186.T","6673908397","55.6271","Japan"
"2737","Magnolia Oil &amp; Gas","MGY","6666106880","27.49","United States"
"2738","Taylor Morrison","TMHC","6665396224","72.45","United States"
"2739","WEX","WEX","6660228608","195.42","United States"
"2740","Descartes Systems Group","DSGX","6647894528","77.58","Canada"
"2741","Southwest Gas","SWX","6646907392","91.75","United States"
"2742","Copenhagen Airport","KBHL.CO","6645617518","846.784","Denmark"
"2743","HD Hyundai Marine Solution","443060.KS","6640702991","148.126","South Korea"
"2744","Gates Industrial Corp","GTES","6640155136","26.23","United States"
"2745","Installed Building Products","IBP","6636819968","249.7","United States"
"2746","AutoNation","AN","6629352960","200.52","United States"
"2747","Migdal Insurance and Financial Holdings","MGDL.TA","6628937418","6.25504","Israel"
"2748","Hera Group","HER.MI","6621594270","4.47897","Italy"
"2749","Remgro Limited","REM.JO","6621381900","11.9069","South Africa"
"2750","Genesis Minerals Limited","GMD.AX","6619909844","5.64097","Australia"
"2751","Weatherford International","WFRD","6613699072","92.26","United States"
"2752","F.N.B. Corporation","FNB","6610250240","18.57","United States"
"2753","Lyft","LYFT","6597956608","17.43","United States"
"2754","Fastighets AB Balder","BALD-B.ST","6595274779","5.58922","Sweden"
"2755","Cipher Mining","CIFR","6594838528","15.89","United States"
"2756","Covivio","COV.PA","6593865522","59.5794","France"
"2757","Surgutneftegas","SNGS.ME","6590844372","0.19","Russia"
"2758","Lundbeck","HLUN-B.CO","6581580262","6.63366","Denmark"
"2759","General Insurance Corporation of India","GICRE.NS","6576503601","3.74858","India"
"2760","Qualys","QLYS","6574310912","186.68","United States"
"2761","Radico Khaitan","RADICO.NS","6568766707","49.0271","India"
"2762","Torrent Power","TORNTPOWER.NS","6562014807","13.0224","India"
"2763","Construction Partners","ROAD","6561509888","115.61","United States"
"2764","Kingboard Holdings","0148.HK","6560202646","5.84802","Hong Kong"
"2765","CTS Eventim","EVD.F","6560153074","68.3411","Germany"
"2766","Lantheus Holdings","LNTH","6558567936","100.48","United States"
"2767","Avanza Bank","AZA.ST","6550799346","41.5057","Sweden"
"2768","Aedifica","AED.BR","6547884812","78.4463","Belgium"
"2769","LKQ Corporation","LKQ","6542633984","25.86","United States"
"2770","TOTO","5332.T","6537257619","39.7516","Japan"
"2771","OR Royalties","OR","6536897536","34.9","Canada"
"2772","Rakuten Bank","5838.T","6536272205","37.4549","Japan"
"2773","Türkiye Is Bankasi","ISCTR.IS","6533350546","0.261334","Turkey"
"2774","Uniqa Insurance Group","UN9.F","6533203691","21.0981","Austria"
"2775","Grupo Aval","AVAL","6529455616","5.5","Colombia"
"2776","Matson","MATX","6526728704","218.26","United States"
"2777","Transocean","RIG","6522579968","5.84","Switzerland"
"2778","Yang Ming","2609.TW","6518887299","1.86675","Taiwan"
"2779","Gamuda Berhad","5398.KL","6516938255","1.09046","Malaysia"
"2780","Bupa Arabia for Cooperative Insurance Company","8210.SR","6512012087","43.4134","Saudi Arabia"
"2781","Plexus","PLXS","6510041600","244.26","United States"
"2782","Mycronic","MYCR.ST","6504553927","33.3105","Sweden"
"2783","Zhongtai Securities","600918.SS","6503867784","0.821367","China"
"2784","Definity Financial","DFY.TO","6501697551","54.1286","Canada"
"2785","Bank of Maharashtra","MAHABANK.NS","6499136715","0.84497","India"
"2786","Compagnie de l'Odet","ODET.PA","6498688551","1542.06","France"
"2787","United Bankshares","UBSI","6495977472","47.69","United States"
"2788","Lottomatica Group","LTMC.MI","6494635617","27.8621","Italy"
"2789","Rayonier","RYN","6493174272","21.47","United States"
"2790","Berger Paints","BERGEPAINT.NS","6492339638","5.56803","India"
"2791","Ringkjøbing Landbobank","RILBA.CO","6471485253","273.096","Denmark"
"2792","VSE Corporation","VSEC","6466731008","230.42","United States"
"2793","Pepco Group","PCO.WA","6460532704","11.8317","United Kingdom"
"2794","Cochlear","COH.AX","6457962733","98.7472","Australia"
"2795","Melisron","MLSR.TA","6457796496","135.38","Israel"
"2796","Spring Airlines","601021.SS","6457685163","6.6007","China"
"2797","Codan Limited","CDA.AX","6445706658","35.4402","Australia"
"2798","H&amp;R Block","HRB","6440644096","52.25","United States"
"2799","Qube Holdings","QUB.AX","6439466008","3.63727","Australia"
"2800","StepStone Group","STEP","6438706688","49.88","United States"
"2801","Zalando","ZAL.DE","6436521823","26.3551","Germany"
"2802","FirstService","FSV","6435969536","146.53","Canada"
"2803","INWIT","INW.MI","6433968402","7.12617","Italy"
"2804","Caris Life Sciences","CAI","6431866880","22.76","United States"
"2805","Kalyan Jewellers India","KALYANKJIL.NS","6426716020","6.22291","India"
"2806","Toyo Suisan","2875.T","6426338418","66.8522","Japan"
"2807","Arabian Internet and Communications Services","7202.SR","6415987474","53.8806","Saudi Arabia"
"2808","Castellum","CAST.ST","6397351716","14.3494","Sweden"
"2809","Churchill Downs","CHDN","6394997248","91.75","United States"
"2810","Cogent Biosciences","COGT","6394395136","36.85","United States"
"2811","Posco International","047050.KS","6394358177","37.5158","South Korea"
"2812","National Storage Affiliates Trust","NSA","6391416320","43.41","United States"
"2813","LandBridge","LB","6377261056","82.2","United States"
"2814","GPT Group","GPT.AX","6374351006","3.32764","Australia"
"2815","SBI Card","SBICARD.NS","6374234785","6.69814","India"
"2816","Cleveland-Cliffs","CLF","6372932096","11.17","United States"
"2817","Urban Outfitters","URBN","6369537024","74.38","United States"
"2818","The Trade Desk","TTD","6362177536","13.54","United States"
"2819","Qatar Gas Transport Company","QGTS.QA","6362170331","1.14835","Qatar"
"2820","Vopak","VPK.AS","6359685935","55.4907","Netherlands"
"2821","Shenzhen New Industries Biomedical Engineering","300832.SZ","6353092564","8.08571","China"
"2822","Severstal","CHMF.ME","6351433971","7.49","Russia"
"2823","PGE Polska","PGE.WA","6348193960","2.82933","Poland"
"2824","Godrej Properties","GODREJPROP.NS","6340219284","21.048","India"
"2825","The Gunma Bank","8334.T","6334837200","16.7367","Japan"
"2826","MGIC Investment","MTG","6334254592","30.88","United States"
"2827","Enova International","ENVA","6333647872","254.38","United States"
"2828","MatsukiyoCocokara","3088.T","6332215082","16.0994","Japan"
"2829","Eagle Materials","EXP","6330773504","206.38","United States"
"2830","SFS Group","SFSN.SW","6323662348","162.665","Switzerland"
"2831","Brookfield Renewable","BEPC","6321511424","34.06","United States"
"2832","Erasca","ERAS","6320200192","18.07","United States"
"2833","BETA Technologies","BETA","6316398080","26.4","United States"
"2834","Lumen Technologies","LUMN","6315806720","6.13","United States"
"2835","Sulzer","SUN.SW","6312404870","186.439","Switzerland"
"2836","Amneal Pharmaceuticals","AMRX","6307641344","18.11","United States"
"2837","UOL Group","U14.SI","6301073298","7.44284","Singapore"
"2838","Fonterra","FCG.NZ","6300302319","2.61827","New Zealand"
"2839","Azimut Holding","AZM.MI","6297063431","44.2757","Italy"
"2840","SIG Combibloc","SIGN.SW","6296650038","16.4792","Switzerland"
"2841","Starwood Property Trust","STWD","6288973824","16.56","United States"
"2842","Amdocs","DOX","6286827008","60.21","United States"
"2843","Glanbia plc","GL9.IR","6285102011","26.0047","Ireland"
"2844","Leapmotor","9863.HK","6282130665","5.3813","China"
"2845","HORIBA","6856.T","6281332507","149.479","Japan"
"2846","RBL Bank","RBLBANK.NS","6280218826","4.05147","India"
"2847","Grupo Catalana Occidente","GCO.MC","6280031254","53.2104","Spain"
"2848","Landstar System","LSTR","6279009792","185.02","United States"
"2849","Yapı Kredi","YKBNK.IS","6275435895","0.742914","Turkey"
"2850","Vontobel","VONN.SW","6268426261","111.363","Switzerland"
"2851","LS Corp.","006260.KS","6266853308","225.955","South Korea"
"2852","Centessa Pharmaceuticals","CNTA","6266618368","40.5","United Kingdom"
"2853","Galaxycore","688728.SS","6264935771","2.40905","China"
"2854","EFG International","EFGN.SW","6264293436","20.8211","Switzerland"
"2855","Enel Chile","ENIC","6252657152","4.52","Chile"
"2856","Jindal Stainless","JSL.NS","6251719704","7.5875","India"
"2857","Zheshang Securities","601878.SS","6247668637","1.36597","China"
"2858","Red Rock Resorts","RRR","6246748160","61.25","United States"
"2859","Glacier Bancorp","GBCI","6243188736","47.95","United States"
"2860","Ingram Micro Holding Corporation","INGM","6241711104","27.06","United States"
"2861","Shanghai BOCHU Electronic Technology","688188.SS","6241014960","15.3887","China"
"2862","Mirum Pharmaceuticals","MIRM","6234720768","102.24","United States"
"2863","Bausch + Lomb","BLCO","6232534016","17.45","Canada"
"2864","Hoa Phat Group","HPG.VN","6230323847","0.811719","Vietnam"
"2865","ZOZO","3092.T","6226598424","7.11113","Japan"
"2866","Coromandel","COROMANDEL.NS","6225637548","21.1399","India"
"2867","Sensata Technologies","ST","6224568832","42.77","United States"
"2868","Onex","ONEX.TO","6222797632","81.6785","Canada"
"2869","APL Apollo","APLAPOLLO.NS","6221162977","22.4058","India"
"2870","Scout24 (ImmoScout24)","G24.F","6219621039","89.3107","Germany"
"2871","GATX","GATX","6219338752","176.16","United States"
"2872","China Resources Sanjiu Medical &amp; Pharmaceutical","000999.SZ","6218065658","3.73633","China"
"2873","Genting Singapore","G13.SI","6216806517","0.515334","Singapore"
"2874","Kiniksa Pharmaceuticals","KNSA","6216591872","80.8","Bermuda"
"2875","Temenos","TEMN.SW","6216048747","91.4676","Switzerland"
"2876","Sealed Air","SEE","6211799552","42.15","United States"
"2877","Elis","ELIS.PA","6205868217","28.9252","France"
"2878","Essent Group","ESNT","6205039104","69.04","Bermuda"
"2879","Croda International","CRDA.L","6203719978","44.5177","United Kingdom"
"2880","Gecina","GFC.PA","6194775880","83.6449","France"
"2881","Seiko Epson Corporation","6724.T","6192866098","19.3269","Japan"
"2882","Greatland Resources","GGP.L","6190620602","9.17581","Australia"
"2883","ATCO","ACO-X.TO","6180122553","54.921","Canada"
"2884","Definium Therapeutics","DFTX","6156693504","45.82","United States"
"2885","Macy's","M","6155087872","23.4","United States"
"2886","CSN Mineração","CMIN3.SA","6154780070","1.14355","Brazil"
"2887","PTC Therapeutics","PTCT","6148556800","73.67","United States"
"2888","Chailease Holding","5871.TW","6144335256","3.5198","Taiwan"
"2889","MISUMI Group","9962.T","6138294528","23.3588","Japan"
"2890","Travere Therapeutics","TVTX","6133811712","65.96","United States"
"2891","Schneider National","SNDR","6133778432","34.99","United States"
"2892","KION Group","KGX.DE","6127325264","46.729","Germany"
"2893","Motilal Oswal Financial Services","MOTILALOFS.NS","6124015434","10.1673","India"
"2894","Terns Pharmaceuticals","TERN","6116845568","52.95","United States"
"2895","Genpact","G","6116452352","36.4","Bermuda"
"2896","Floor &amp; Decor","FND","6114653696","57.42","United States"
"2897","37 Interactive Entertainment","002555.SZ","6112826403","2.76319","China"
"2898","Convatec Group","CTEC.L","6112128200","3.13938","United Kingdom"
"2899","Hancock Whitney","HWC","6107381248","76.13","United States"
"2900","Mobility Global, Inc.","MBGL","6105146368","20.69","United States"
"2901","Fomento de Construcciones y Contratas","FCC.MC","6099667694","12.8972","Spain"
"2902","Credit Acceptance","CACC","6098744320","583.05","United States"
"2903","Technip Energies","TE.PA","6090524666","35.1636","France"
"2904","abrdn","ABDN.L","6089542875","3.30819","United Kingdom"
"2905","Home BancShares","HOMB","6083509248","30.41","United States"
"2906","Plains GP","PAGP","6080145920","26.095","United States"
"2907","Mercury Systems","MRCY","6079382528","101.25","United States"
"2908","Nestle Malaysia","4707.KL","6078983970","25.9232","Malaysia"
"2909","JD Sports Fashion","JD.L","6074488315","1.27236","United Kingdom"
"2910","LondonMetric Property","LMP.L","6068166906","2.5921","United Kingdom"
"2911","Volvo Car","VOLCAR-B.ST","6067658998","2.04666","Sweden"
"2912","SOLV Energy","MWH","6065529856","29.97","United States"
"2913","Kodiak Gas Services","KGS","6058162176","60.03","United States"
"2914","OPAP (Organization of Football Prognostics)","OPAP.AT","6052397365","16.8777","Greece"
"2915","Ather Energy","ATHERENERG.NS","6036383799","15.0925","India"
"2916","Valaris","VAL","6035360256","86.92","United Kingdom"
"2917","Xenon Pharmaceuticals","XENE","6035095552","62.32","Canada"
"2918","Crocs","CROX","6028134400","125.73","United States"
"2919","Caesars Entertainment","CZR","6028085760","29.59","United States"
"2920","MaxLinear","MXL","6024748544","66.43","United States"
"2921","PrairieSky Royalty","PSK.TO","6022494231","25.9096","Canada"
"2922","Core Scientific","CORZ","6015493120","18.72","United States"
"2923","CLEAR Secure","YOU","6015411712","44.3","United States"
"2924","Boyd Gaming","BYD","6007149568","82.68","United States"
"2925","Luberef (Saudi Aramco Base Oil Company)","2223.SR","6005148185","35.6896","Saudi Arabia"
"2926","Linde India","LINDEINDIA.NS","6000173109","70.355","India"
"2927","RaiaDrogasil","RADL3.SA","5995251958","3.42873","Brazil"
"2928","Australian Foundation Investment Company","AFI.AX","5994324834","4.86867","Australia"
"2929","Tokyu Fudosan Holdings","3289.T","5989947804","8.39832","Japan"
"2930","JCDecaux","DEC.PA","5985028742","28.1308","France"
"2931","Barratt Redrow","BTRW.L","5970832256","4.29793","United Kingdom"
"2932","BBB Foods","TBBB","5970268672","49.52","Mexico"
"2933","JBT Marel Corporation","JBTM","5967390208","115.03","United States"
"2934","Birkenstock","BIRK","5966009856","36.13","Germany"
"2935","Tube Investments of India","TIINDIA.NS","5956196092","30.7699","India"
"2936","Rush Street Interactive","RSI","5956089856","25.72","United States"
"2937","Mercury NZ","MCY.AX","5954153478","4.17823","New Zealand"
"2938","Westports","5246.KL","5953136269","1.73234","Malaysia"
"2939","Intercorp Financial Services","IFS","5950436352","53.9","Peru"
"2940","Cencosud","CENCOSUD.SN","5950003015","2.16049","Chile"
"2941","Ezdan Holding Group","ERES.QA","5946255864","0.224176","Qatar"
"2942","RadNet","RDNT","5944828928","75.54","United States"
"2943","Samsung Securities","016360.KS","5944450852","66.5672","South Korea"
"2944","Netskope","NTSK","5937677312","14.7","United States"
"2945","Albertsons","ACI","5936114688","12.12","United States"
"2946","TXNM Energy","TXNM","5935455744","57.6","United States"
"2947","OpenText","OTEX","5934526464","24.51","Canada"
"2948","Howden Joinery","HWDN.L","5929672346","10.8571","United Kingdom"
"2949","SmartSens Technology","688213.SS","5929393498","14.7385","China"
"2950","Air Canada","AC.TO","5927021702","21.1552","Canada"
"2951","Stevanato Group","STVN","5926909440","21.71","Italy"
"2952","SG Holdings","9143.T","5924677280","9.92845","Japan"
"2953","Cirrus Logic","CRUS","5917380096","118.07","United States"
"2954","Solaris Energy Infrastructure","SEI","5916829696","58.8","United States"
"2955","Madras Rubber Factory","MRF.NS","5915885937","1394.88","India"
"2956","BIG Shopping Centers","BIG.TA","5915638576","229.643","Israel"
"2957","IG Group","IGG.L","5914696551","17.9432","United Kingdom"
"2958","Cactus Inc","WHD","5911628800","73.73","United States"
"2959","Casella Waste Systems","CWST","5908978176","92.85","United States"
"2960","SDIC Capital","600061.SS","5908298839","0.924038","China"
"2961","Atlantic Union Bankshares","AUB","5906824192","41.36","United States"
"2962","Dar Al Arkan Real Estate Development Company","4300.SR","5905396415","5.46796","Saudi Arabia"
"2963","British Land","BLND.L","5902306059","5.75871","United Kingdom"
"2964","RLI Corp.","RLI","5901921280","64.31","United States"
"2965","Fertiglobe","FERTIGLB.AE","5899483258","0.71","United Arab Emirates"
"2966","NICE","NICE","5898650624","100.93","Israel"
"2967","Portland General Electric","POR","5896851968","50.14","United States"
"2968","EVN Group","EVN.F","5894932294","33.0607","Austria"
"2969","Kuala Lumpur Kepong","2445.KL","5889837078","5.28872","Malaysia"
"2970","Tokyu","9005.T","5887102958","10.449","Japan"
"2971","Longfor Group","0960.HK","5884977437","0.857565","China"
"2972","Warehouses De Pauw","WDP.BR","5884331621","24.4626","Belgium"
"2973","e.l.f. Beauty","ELF","5880146944","99.65","United States"
"2974","Dolby","DLB","5873033216","62.7","United States"
"2975","Dentsu","4324.T","5871990525","22.6206","Japan"
"2976","Corporación Financiera Alba","ALB.MC","5871019284","97.9515","Spain"
"2977","Copa Holdings","CPA","5869453312","129.78","Panama"
"2978","Shenzhen Salubris Pharmaceuticals","002294.SZ","5865621938","5.26151","China"
"2979","Abbott India","ABBOTINDIA.NS","5863682609","275.947","India"
"2980","Seiko Group","8050.T","5855060267","71.6161","Japan"
"2981","TBS Holdings","9401.T","5854542129","37.2467","Japan"
"2982","Sectra AB","SECT-B.ST","5854099620","30.3845","Sweden"
"2983","GUANGHUI ENERGY","600256.SS","5849389089","0.91511","China"
"2984","Valmet","VALMT.HE","5837060145","31.6822","Finland"
"2985","Soochow Securities","601555.SS","5833355539","1.17402","China"
"2986","Hankook Tire","161390.KS","5832197978","47.8093","South Korea"
"2987","Taiwan Cement","1101.TW","5828291910","0.777813","Taiwan"
"2988","Tritax Big Box REIT","BBOX.L","5827813940","2.14692","United Kingdom"
"2989","RENK Group","R3NK.DE","5822429864","58.2243","Germany"
"2990","Ameris Bancorp","ABCB","5821553152","86.75","United States"
"2991","Associated Banc-Corp","ASB","5814401536","30.81","United States"
"2992","Ford Otosan","FROTO.IS","5807478218","1.65498","Turkey"
"2993","Perseus Mining","PRU.AX","5804842553","4.37398","Australia"
"2994","Ayala Corporation","AYALY","5804340736","9.2","Philippines"
"2995","Montage Gold Corp.","MAU.TO","5803899762","14.3572","Canada"
"2996","Beijing Wantai Biological Pharmacy Enterprise","603392.SS","5796583875","4.58448","China"
"2997","Rithm Capital","RITM","5796264960","10.38","United States"
"2998","Ligand Pharmaceuticals","LGND","5795480576","290.71","United States"
"2999","Jabal Omar Development","4250.SR","5789171626","4.90598","Saudi Arabia"
"3000","Ithaca Energy","ITH.L","5788582725","3.50696","United Kingdom"
"3001","CRISPR Therapeutics","CRSP","5783187968","59.81","Switzerland"
"3002","Mercury General","MCY","5777587712","104.31","United States"
"3003","iSoftStone Information Technology","301236.SZ","5776296165","5.57994","China"
"3004","Nexstar Media Group","NXST","5772551168","187.37","United States"
"3005","Porto Seguro","PSSA3.SA","5767331162","8.9975","Brazil"
"3006","MakeMyTrip","MMYT","5760152576","61.24","India"
"3007","WPP","WPP","5759321088","26.7","United Kingdom"
"3008","Teleflex","TFX","5756713984","135.86","United States"
"3009","Korean Air Lines","003495.KS","5748946646","15.5658","South Korea"
"3010","China Longyuan Power Group","0916.HK","5745929666","0.687327","China"
"3011","Balchem","BCPC","5744100352","180.19","United States"
"3012","Sphere Entertainment","SPHR","5738635264","159.79","United States"
"3013","Seatrium","5E2.SI","5732238591","1.69155","Singapore"
"3014","Sonoco","SON","5724497408","57.9","United States"
"3015","Monotaro","3064.T","5723445313","11.6384","Japan"
"3016","KEI Industries","KEI.NS","5714887209","59.7788","India"
"3017","Contact Energy","CEN.NZ","5714683402","5.3377","New Zealand"
"3018","Kyushu Electric Power Company","9508.T","5712691361","12.0832","Japan"
"3019","AutoStore Holdings","AUTO.OL","5711666611","1.69691","Norway"
"3020","Ricoh Company","7752.T","5706178864","10.1524","Japan"
"3021","Uranium Energy","UEC","5701267456","11.63","United States"
"3022","Hanwha Solutions","009830.KS","5697297462","25.3214","South Korea"
"3023","Balfour Beatty","BBY.L","5696741059","12.0892","United Kingdom"
"3024","OHB SE","OHB.DE","5695726015","275.117","Germany"
"3025","MarketAxess","MKTX","5692098560","161.74","United States"
"3026","Commvault","CVLT","5691167744","137.32","United States"
"3027","Telecom Argentina","TEO","5690043904","13.21","Argentina"
"3028","Bank of Suzhou","002966.SZ","5687696281","1.27223","China"
"3029","City Developments","C09.SI","5686472314","6.36497","Singapore"
"3030","Flagstar Bank","FLG","5682620928","13.69","United States"
"3031","MiniMed Group","MMED","5678642176","20.22","United States"
"3032","Xinjiang Daqo New Energy Co.,Ltd.","688303.SS","5676571471","2.662","China"
"3033","Capricorn Metals","CMM.AX","5675301337","12.4244","Australia"
"3034","Rigetti Computing","RGTI","5674068480","17","United States"
"3035","Sensient Technologies","SXT","5671036928","133.22","United States"
"3036","Frontdoor","FTDR","5668541440","82.28","United States"
"3037","Presight AI","PRESIGHT.AE","5665796064","1.01","United Arab Emirates"
"3038","China State Construction International","3311.HK","5664831480","1.07243","Hong Kong"
"3039","Archrock","AROC","5661670400","32.29","United States"
"3040","Auto Trader Group","AUTO.L","5661633154","7.2753","United Kingdom"
"3041","EXL Service","EXLS","5656024064","37.02","United States"
"3042","VF Corporation","VFC","5649343488","14.37","United States"
"3043","Nexi","NEXI.MI","5647167959","4.80724","Italy"
"3044","Hindustan Copper","HINDCOPPER.NS","5640965065","5.83332","India"
"3045","Bank of Changsha","601577.SS","5636937087","1.40168","China"
"3046","Phillips Edison &amp; Company","PECO","5629920768","39.88","United States"
"3047","USS Co., Ltd.","4732.T","5629525014","12.3987","Japan"
"3048","Wyndham Hotels &amp; Resorts","WH","5628913152","75.85","United States"
"3049","Vallourec","VK.PA","5620003249","21.2266","France"
"3050","Herc Holdings","HRI","5619826176","168.1","United States"
"3051","Americana Restaurants International","AMR.AE","5619425181","0.67","United Arab Emirates"
"3052","APT Medical","688617.SS","5615678478","39.6786","China"
"3053","Grifols","GRFS","5614779904","8.25","Spain"
"3054","Max Financial Services","MFSL.NS","5611413868","16.3385","India"
"3055","Colliers International","CIGI","5607622144","109.73","Canada"
"3056","Open House Group","3288.T","5605175001","50.8947","Japan"
"3057","Yonyou","600588.SS","5603052522","1.63976","China"
"3058","AAR","AIR","5602822656","139.17","United States"
"3059","Granite Construction","GVA","5601342464","126.08","United States"
"3060","Logista (Compañía de Distribución Integral Logista)","LOG.MC","5595246614","42.3365","Spain"
"3061","Whitbread","WTB.L","5593077682","33.4631","United Kingdom"
"3062","Capital Securities Corporation","601136.SS","5592342767","2.04598","China"
"3063","Blue Owl Capital Corporation","OBDC","5587304960","11.33","United States"
"3064","Hanjin Kal","180640.KS","5584867077","82.9938","South Korea"
"3065","Black Hills","BKH","5580967936","73.19","United States"
"3066","RTL Group","RRTL.F","5578798016","36.9743","Luxembourg"
"3067","Klarna","KLAR","5569611264","14.73","Sweden"
"3068","ChinaLin Securities","002945.SZ","5568335410","2.06235","China"
"3069","West Fraser Timber","WFG","5565835776","71.08","Canada"
"3070","SOL S.p.A.","SOL.MI","5562792034","61.3318","Italy"
"3071","Pegasystems","PEGA","5561819648","33.83","United States"
"3072","New Jersey Resources","NJR","5558760448","55.08","United States"
"3073","Emmi AG","EMMN.SW","5556053770","1038.55","Switzerland"
"3074","Fortune Brands Innovations","FBIN","5549580288","46.49","United States"
"3075","Warrior Met Coal","HCC","5546859520","105.05","United States"
"3076","The Company for Cooperative Insurance","8010.SR","5541799237","36.9946","Saudi Arabia"
"3077","EPAM Systems","EPAM","5538894336","107.37","United States"
"3078","JB Hi-Fi","JBH.AX","5521564668","50.5018","Australia"
"3079","Cemig","CIG","5521116160","1.93","Brazil"
"3080","Novanta","NOVT","5519124992","145.94","United States"
"3081","LB Group (LomonBillions)","002601.SZ","5509615817","2.31084","China"
"3082","Navitas Petroleum","NVPT.TA","5508331976","46.0226","Israel"
"3083","RingCentral","RNG","5506396160","65.94","United States"
"3084","Kite Realty","KRG","5497303040","26.44","United States"
"3085","Reynolds Consumer Products","REYN","5496813056","26.08","United States"
"3086","Japan Real Estate Investment","8952.T","5496556201","754.65","Japan"
"3087","Merit Medical","MMSI","5492164608","91.98","United States"
"3088","Silergy","6415.TW","5492106849","14.142","China"
"3089","Harbour Energy","HBR.L","5491186515","3.50696","United Kingdom"
"3090","Cenergy Holdings","CENER.BR","5482241157","25.8178","Belgium"
"3091","ISU Petasys","007660.KS","5481679276","74.6729","South Korea"
"3092","Altius Telecom Infrastructure Trust","ALTIUSINVIT.BO","5474581118","1.79648","India"
"3093","Versant Media Group","VSNT","5463817216","39.26","United States"
"3094","Seibu Holdings","9024.T","5462567908","21.4911","Japan"
"3095","ADES Holding Company","2382.SR","5461049258","4.94593","Saudi Arabia"
"3096","Kurita Water Industries Ltd.","6370.T","5458771812","50.6865","Japan"
"3097","Axos Financial","AX","5454978560","96.15","United States"
"3098","Vail Resorts","MTN","5453711360","153.05","United States"
"3099","Sumitomo Chemical","4005.T","5450166086","3.29939","Japan"
"3100","PT Bumi Resources Minerals Tbk","BRMS.JK","5444367414","0.038399","Indonesia"
"3101","Softcat","SCT.L","5442032660","27.718","United Kingdom"
"3102","SAIC (Science Applications International Corp)","SAIC","5441449984","128.71","United States"
"3103","Main Street Capital","MAIN","5439387136","58.17","United States"
"3104","Zhuzhou CRRC Times Electric","3898.HK","5430077863","4.08061","Hong Kong"
"3105","Axfood","AXFO.ST","5426594384","25.1366","Sweden"
"3106","PTT Global Chemical","PTTGC.BK","5426555074","1.20353","Thailand"
"3107","Nissin Foods","2897.T","5424772767","18.8978","Japan"
"3108","Sotera Health","SHC","5422120960","19","United States"
"3109","DKSH Holding","DKSH.SW","5419646855","83.3344","Switzerland"
"3110","PriceSmart","PSMT","5419416576","175.61","United States"
"3111","Charoen Pokphand Foods","CPF.BK","5411861891","0.703839","Thailand"
"3112","Taiwan Business Bank","2834.TW","5408305932","0.520113","Taiwan"
"3113","Hangzhou Greatstar Industrial","002444.SZ","5404967146","4.52496","China"
"3114","Bank of East Asia","0023.HK","5404317675","2.04413","Hong Kong"
"3115","ACM Research","ACMR","5404081152","77.59","United States"
"3116","HELLENiQ ENERGY","ELPE.AT","5404005045","17.6986","Greece"
"3117","ADT","ADT","5398832640","7.39","United States"
"3118","Bank OZK","OZK","5395181056","49.48","United States"
"3119","HASI (HA Sustainable Infrastructure Capita)","HASI","5381404160","41.88","United States"
"3120","Mirae Asset Securities Co., Ltd.","006805.KS","5379406483","9.24624","South Korea"
"3121","Saigon Thuong Tin Commercial Bank","STB.VN","5379335310","2.85343","Vietnam"
"3122","Kingnet Network","002517.SZ","5375679878","2.51618","China"
"3123","Rotork","ROR.L","5375252884","6.60005","United Kingdom"
"3124","Jarir","4190.SR","5366217576","4.47185","Saudi Arabia"
"3125","Gujarat Fluorochemicals","FLUOROCHEM.NS","5363825732","48.8286","India"
"3126","Yancoal","YAL.AX","5362023582","4.06079","Australia"
"3127","Selective Insurance","SIGI","5353868288","89.83","United States"
"3128","HYBE","352820.KS","5352242476","125.746","South Korea"
"3129","Colgate-Palmolive India","COLPAL.NS","5350625850","19.6725","India"
"3130","CSW Industrials","CSW","5347685376","328.21","United States"
"3131","Tokyo Metro","9023.T","5344961292","9.20598","Japan"
"3132","The Fertilisers And Chemicals Travancore Limited","FACT.NS","5343211698","8.25752","India"
"3133","Outfront Media","OUT","5342181888","30.33","United States"
"3134","Hanwha Corporation","000880.KS","5339240202","60.1113","South Korea"
"3135","Arkema","AKE.PA","5338276447","70.6192","France"
"3136","Colruyt","COLR.BR","5333842503","44.8598","Belgium"
"3137","Golar LNG","GLNG","5333547520","52.24","Bermuda"
"3138","Ramelius Resources","RMS.AX","5332524451","2.82227","Australia"
"3139","UBTECH Robotics","9880.HK","5331248035","10.5905","China"
"3140","Danieli &amp; C. Officine Meccaniche","DAN.MI","5330329681","74.4743","Italy"
"3141","GXO Logistics","GXO","5317923840","46.37","United States"
"3142","Louisiana-Pacific","LPX","5313479680","75.99","United States"
"3143","Jersey Mike's Subs","JMKE","5310947328","22.81","United States"
"3144","Remitly","RELY","5304802304","25.06","United States"
"3145","CNX Resources","CNX","5299340800","35.82","United States"
"3146","Virtu Financial","VIRT","5296274944","59.98","United States"
"3147","Aalberts","AALB.AS","5294155924","49.6729","Netherlands"
"3148","Erdemir","EREGL.IS","5293797965","0.787548","Turkey"
"3149","PCCW","0008.HK","5290669170","0.682864","Hong Kong"
"3150","AAK","AAK.ST","5290005443","20.31","Sweden"
"3151","Piper Sandler","PIPR","5288257536","74.83","United States"
"3152","Brunswick Corporation","BC","5288118272","81.61","United States"
"3153","Wacker Chemie","WCH.F","5286990915","106.425","Germany"
"3154","Laureate Education","LAUR","5286820352","38.38","United States"
"3155","Hirose Electric","6806.T","5286554342","161.562","Japan"
"3156","Murphy Oil","MUR","5286461952","36.87","United States"
"3157","Mirvac Group","MGR.AX","5284791355","1.3396","Australia"
"3158","Tokyo Electric Power Company","9501.T","5283889218","3.29686","Japan"
"3159","Mapletree Commercial Trust","N2IU.SI","5283574551","0.999197","Singapore"
"3160","Japan Metropolitan Fund Investment","8953.T","5282823581","734.459","Japan"
"3161","Caliway Biopharmaceuticals","6919.TW","5282530154","3.39409","Taiwan"
"3162","Burberry","BRBY.L","5281429547","14.7439","United Kingdom"
"3163","Georg Fischer","GF.SW","5281136051","64.4402","Switzerland"
"3164","Exchange Income Corporation","EIF.TO","5280122783","93.644","Canada"
"3165","Fosun","0656.HK","5280070821","0.649709","China"
"3166","First National of Nebraska","FINN","5269485056","19500","United States"
"3167","The Cheesecake Factory","CAKE","5265670144","105.82","United States"
"3168","Yakult","2267.T","5260394773","18.3394","Japan"
"3169","Eastern Bankshares","EBC","5258051072","23.01","United States"
"3170","MDA Space","MDA","5255716352","32.43","Canada"
"3171","Fervo Energy Company","FRVO","5255627776","17.83","United States"
"3172","Delek Group","DLEKG.TA","5254681793","28.9405","Israel"
"3173","Apellis Pharmaceuticals","APLS","5252712960","41.03","United States"
"3174","Sabra Health Care REIT","SBRA","5247205376","20.54","United States"
"3175","ACI Worldwide","ACIW","5246643712","51.97","United States"
"3176","Oceaneering International","OII","5244216832","52.69","United States"
"3177","Hong Leong Financial Group","1082.KL","5234173026","4.61462","Malaysia"
"3178","Fuchs Petrolub","FPE.F","5233878691","39.9533","Germany"
"3179","UniFirst","UNF","5232655360","289.35","United States"
"3180","Acushnet Holdings","GOLF","5230755840","89.56","United States"
"3181","XTB S.A.","XTB.WA","5228686866","44.5382","Poland"
"3182","Viohalco","VIO.BR","5208018504","20.0935","Belgium"
"3183","Fincantieri","FCT.MI","5207591439","14.4977","Italy"
"3184","K92 Mining","KNT.TO","5194520299","21.1407","Canada"
"3185","Xinyi Glass Holdings","0868.HK","5194142763","1.17317","Hong Kong"
"3186","Guangzhou Baiyunshan Pharmaceutical Holdings","600332.SS","5193918773","3.1947","China"
"3187","Mondi","MNDI.L","5189669435","11.7734","United Kingdom"
"3188","Enphase Energy","ENPH","5188895744","39.37","United States"
"3189","eMemory Technology","3529.TWO","5187249110","69.4532","Taiwan"
"3190","ACEA","ACE.MI","5184579551","24.3925","Italy"
"3191","CMB.TECH","CMBT","5182432256","17.86","Belgium"
"3192","Klaviyo","KVYO","5182039552","18.2","United States"
"3193","Liberty Broadband","LBRDA","5177567232","35.99","United States"
"3194","ACADIA Pharmaceuticals","ACAD","5173035520","30.21","United States"
"3195","Orange Polska","OPL.WA","5166342376","3.93669","Poland"
"3196","Adecco Group","ADEN.SW","5165891683","29.8052","Switzerland"
"3197","Sumitomo Forestry","1911.T","5165176028","8.42356","Japan"
"3198","Bechtle","BC8.F","5163644972","40.9813","Germany"
"3199","Beijing Yanjing Brewery","000729.SZ","5162743949","1.83171","China"
"3200","Iridium Communications","IRDM","5161330176","48.71","United States"
"3201","Kiwoom Securities","039490.KS","5161188068","196.904","South Korea"
"3202","AUTO1","AG1.F","5159287589","23.4346","Germany"
"3203","Zhifei Biological Products","300122.SZ","5157662727","2.1546","China"
"3204","Changchun High-Tech Industry","000661.SZ","5155898287","12.6389","China"
"3205","Gek Terna","GEKTERNA.AT","5153638243","50.9813","Greece"
"3206","Holmen","HOLM-B.ST","5153279771","33.5862","Sweden"
"3207","The Bidvest Group","BVT.JO","5146481500","15.1417","South Africa"
"3208","Halkbank","HALKB.IS","5145866879","0.716218","Turkey"
"3209","Amentum","AMTM","5141969920","21.03","United States"
"3210","The 77 Bank","8341.T","5138113336","23.0307","Japan"
"3211","Tosoh Corporation","4042.T","5137531929","16.6862","Japan"
"3212","LG CNS","064400.KS","5135911991","53.0099","South Korea"
"3213","360 One Wam","360ONE.NS","5135890936","12.6223","India"
"3214","BGC Group","BGC","5135038464","10.8","United States"
"3215","Flughafen Wien (Vienna Airport)","FLU.VI","5134385010","61.215","Austria"
"3216","IONOS Group","IOS.DE","5129819477","38.014","Germany"
"3217","Rightmove","RMV.L","5125704285","6.97307","United Kingdom"
"3218","Vinamilk (Vietnam Dairy Products)","VNM.VN","5125296575","2.45235","Vietnam"
"3219","HD Bank (Ho Chi Minh City Development Joint Stock Commercial Bank)","HDB.VN","5124007795","1.02372","Vietnam"
"3220","Boot Barn Holdings","BOOT","5123287040","169.17","United States"
"3221","Bank of Qingdao (BQD)","002948.SZ","5118412924","0.879399","China"
"3222","ONE Gas","OGS","5115871744","81.39","United States"
"3223","Enagás","ENG.MC","5114734617","19.6495","Spain"
"3224","Atour Lifestyle","ATAT","5112880128","37","China"
"3225","Materion","MTRN","5108846080","245.22","United States"
"3226","Parabilis Medicines","PBLS","5104393216","41.32","United States"
"3227","Central Retail Corporation","CRC.BK","5099337337","0.845521","Thailand"
"3228","Reply","REY.MI","5096987477","140.304","Italy"
"3229","RAKBANK (The National Bank of Ras Al Khaimah)","RAKBANK.AE","5093639061","2.53","United Arab Emirates"
"3230","Acerinox","ACX.MC","5090872187","20.4322","Spain"
"3231","Bharat Dynamics","BDL.NS","5090135590","13.8861","India"
"3232","TIS","3626.T","5089545221","24.1223","Japan"
"3233","Amada Co., Ltd.","6113.T","5085371996","16.4969","Japan"
"3234","Middleby","MIDD","5084348416","112.43","United States"
"3235","Garrett Motion","GTX","5082167808","27.15","Switzerland"
"3236","White Mountains Insurance Group","WTM","5081806336","2129.2","Bermuda"
"3237","Moelis &amp; Company","MC","5078986240","68.56","United States"
"3238","Ondas Holdings","ONDS","5077915648","8.9","United States"
"3239","Persimmon","PSN.L","5077469819","15.8126","United Kingdom"
"3240","Celanese","CE","5076985344","46.26","United States"
"3241","MYR Group","MYRG","5075419648","325.99","United States"
"3242","Millrose Properties","MRP","5067782656","30.52","United States"
"3243","Ipca Laboratories","IPCALAB.NS","5063591397","19.9586","India"
"3244","Vishal Mega Mart Limited","VMM.NS","5062848373","1.08081","India"
"3245","National Marine Dredging","NMDC.AE","5062691228","6","United Arab Emirates"
"3246","Novolipetsk Steel","NLMK.ME","5057623219","0.83","Russia"
"3247","SATS","S58.SI","5052097404","3.39884","Singapore"
"3248","Marex Group","MRX","5048827904","70.19","United Kingdom"
"3249","INFICON","IFCN.SW","5047380328","206.459","Switzerland"
"3250","UPL","UPL.NS","5042941427","5.96597","India"
"3251","Impinj","PI","5040866816","164.98","United States"
"3252","Chartwell Retirement Residences","CSH-UN.TO","5037364348","15.2776","Canada"
"3253","Galenica","GALE.SW","5037363466","101.102","Switzerland"
"3254","Hisense Visual Technology","600060.SS","5036973802","3.85983","China"
"3255","Gentex","GNTX","5034181120","23.64","United States"
"3256","Parsons","PSN","5032670208","47.12","United States"
"3257","Tata Communications","TATACOMM.NS","5032141399","17.6556","India"
"3258","Champion Homes","SKY","5025254912","92.58","United States"
"3259","Shapir Civil and Marine Engineering","SPEN.TA","5021132873","13.9882","Israel"
"3260","Belden","BDC","5018811904","128.43","United States"
"3261","Trex","TREX","5017269760","48.29","United States"
"3262","Renishaw","RSW.L","5015407923","68.9547","United Kingdom"
"3263","Mercari","4385.T","5013407441","30.3438","Japan"
"3264","Dyne Therapeutics","DYN","5001069568","26.78","United States"
"3265","Indofood CBP","ICBP.JK","5001042248","0.428836","Indonesia"
"3266","BRP (Bombardier Recreational Products)","DOO","5000759808","68.18","Canada"
"3267","SLM Corporation (Sallie Mae)","SLM","4998920192","26.59","United States"
"3268","DEME Group","DEME.BR","4998384711","198.364","Belgium"
"3269","Avis Budget Group","CAR","4997180928","141.46","United States"
"3270","Tong Ren Tang","600085.SS","4991616720","3.63961","China"
"3271","UFP Industries","UFPI","4987701760","90.42","United States"
"3272","Benefit Systems","BFT.WA","4987143346","1510.78","Poland"
"3273","Daewoo Engineering &amp; Construction","047040.KS","4986935112","12.137","South Korea"
"3274","EquipmentShare.com","EQPT","4986439168","19.68","United States"
"3275","MGM China Holdings","2282.HK","4985464814","1.31345","Macau"
"3276","Kobe Steel","5406.T","4985456926","12.607","Japan"
"3277","Gulf Bank","GBK.KW","4984286688","1191.79","Kuwait"
"3278","Perimeter Solutions","PRM","4984267264","30.45","United States"
"3279","Paymentus","PAY","4983431680","39.57","United States"
"3280","DFI Retail Group","D01.SI","4982984704","3.68","Hong Kong"
"3281","Greif","GEF","4978761728","87.58","United States"
"3282","Gruma (Maseca)","GRUMAB.MX","4978266153","14.8371","Mexico"
"3283","Mabanee Company","MABANEE.KW","4976896783","3174.86","Kuwait"
"3284","Hoshizaki Corporation","6465.T","4972822294","35.5052","Japan"
"3285","Indosat","ISAT.JK","4971676242","0.154157","Indonesia"
"3286","Graham Holdings","GHC","4970746880","1173.75","United States"
"3287","Beijing Enterprises Holdings","0392.HK","4969790059","3.95054","Hong Kong"
"3288","Archer Aviation","ACHR","4966672896","6.45","United States"
"3289","Atlas Arteria","ALX.AX","4966025517","3.41661","Australia"
"3290","Shanghai RAAS Blood Products","002252.SZ","4963756240","0.75292","China"
"3291","Capstone Infrastructure","CSE-PA.TO","4957771926","16.2759","Canada"
"3292","Nomura Real Estate Holdings","3231.T","4948985457","5.79365","Japan"
"3293","Estithmar Holding","IGRD.QA","4940193335","1.09945","Qatar"
"3294","International Seaways","INSW","4938766848","99.71","United States"
"3295","Rumo","RAIL3.SA","4937239069","2.66055","Brazil"
"3296","Want Want China","0151.HK","4937163482","0.420175","Hong Kong"
"3297","Spire Inc.","SR","4937101312","83.52","United States"
"3298","Aixtron","AIXA.F","4937016488","43.7734","Germany"
"3299","Global Business Travel Group","GBTG","4936429056","9.45","United States"
"3300","THK Co.","6481.T","4932452589","44.0108","Japan"
"3301","Haemonetics","HAE","4932335616","108.41","United States"
"3302","CNO Financial Group","CNO","4931388928","53.3","United States"
"3303","Argo Investments","ARG.AX","4927382253","6.54851","Australia"
"3304","Grupo Aeroportuario Centro Norte","OMAB","4924625408","102.02","Mexico"
"3305","Budimex","BDX.WA","4922013599","192.793","Poland"
"3306","Far Eastern New Century","1402.TW","4919823816","0.919233","Taiwan"
"3307","Zhejiang Supor","002032.SZ","4918938242","6.14984","China"
"3308","Choice Hotels International","CHH","4915392000","109.21","United States"
"3309","ESAB","ESAB","4904418304","78.89","United States"
"3310","Vishay Intertechnology","VSH","4901998080","31.96","United States"
"3311","LifeStance Health Group","LFST","4901773312","12.83","United States"
"3312","Mphasis","MPHASIS.NS","4898826632","25.6729","India"
"3313","TPG Telecom","TPG.AX","4897443608","2.49484","Australia"
"3314","Asseco","ACP.WA","4893666257","60.7831","Poland"
"3315","First Financial Bankshares","FFIN","4890072064","34.12","United States"
"3316","Asia Commercial Joint Stock Bank","ACB.VN","4888938036","0.842278","Vietnam"
"3317","BlackBerry","BB","4888077312","8.34","Canada"
"3318","Oil &amp; Gas Development Company","OGDC.PK","4886678702","1.13619","Pakistan"
"3319","MONETA Money Bank","MONET.PR","4882267994","9.55434","Czech Republic"
"3320","SK Biopharmaceuticals","326030.KS","4881657802","62.335","South Korea"
"3321","Nine Dragons Paper","2689.HK","4876529705","1.03928","China"
"3322","Masraf Al Rayan","MARK.QA","4864615385","0.523077","Qatar"
"3323","Estun Automation","002747.SZ","4864553260","5.02641","China"
"3324","Yanbu National Petrochemical","2290.SR","4863034466","8.64539","Saudi Arabia"
"3325","Varonis Systems","VRNS","4856301056","42.28","United States"
"3326","TFS Financial","TFSL","4854464000","17.31","United States"
"3327","Dottikon ES","DESN.SW","4850445248","350.98","Switzerland"
"3328","Gland Pharma","GLAND.NS","4848737722","29.3922","India"
"3329","Bumrungrad Hospital","BH.BK","4844403393","6.09385","Thailand"
"3330","Meritage Homes","MTH","4835266048","74.19","United States"
"3331","Cousins Properties","CUZ","4831070720","29.35","United States"
"3332","Zegona Communications","ZEG.L","4826040620","21.4011","United Kingdom"
"3333","Sampoerna","HMSP.JK","4825123654","0.0414821","Indonesia"
"3334","Sichuan Changhong Electric","600839.SS","4821967780","1.04457","China"
"3335","AXT Inc","AXTI","4815041024","73.43","United States"
"3336","Radian Group","RDN","4810476032","36.36","United States"
"3337","Hang Lung Properties","0101.HK","4810315485","0.924513","Hong Kong"
"3338","United Internet","UTDI.F","4809561685","27.8271","Germany"
"3339","Banco Macro","BMA","4809494016","75.22","Argentina"
"3340","Teleperformance","TEP.PA","4800099554","82.5701","France"
"3341","Ollie's Bargain Outlet","OLLI","4799386624","79.39","United States"
"3342","ServisFirst Bancshares","SFBS","4799153152","87.78","United States"
"3343","Mitsui Chemicals","4183.T","4795129017","13.2632","Japan"
"3344","Grupo Simec","SIMECB.MX","4793733380","10.4156","Mexico"
"3345","Supreme Industries","SUPREMEIND.NS","4789376244","37.6874","India"
"3346","KBR","KBR","4786792448","37.97","United States"
"3347","Coca-Cola İçecek","CCOLA.IS","4785404736","1.71025","Turkey"
"3348","Thermax","THERMAX.NS","4780535938","42.4376","India"
"3349","Pepkor","PPH.JO","4777637200","1.29566","South Africa"
"3350","California Resources Corporation","CRC","4777622528","53.79","United States"
"3351","Federated Hermes","FHI","4776764928","63.98","United States"
"3352","IQM Quantum Computers","IQMX","4775313920","10.07","Finland"
"3353","St. Galler Kantonalbank","SGKN.SW","4774664519","798.308","Switzerland"
"3354","Challenger Limited","CGF.AX","4771434169","7.0005","Australia"
"3355","NOBA Bank Group AB","NOBA.ST","4770764550","9.54153","Sweden"
"3356","Acom","8572.T","4766545819","3.04258","Japan"
"3357","Waystar","WAY","4763030528","24.84","United States"
"3358","Sweco","SWEC-A.ST","4762183423","13.1991","Sweden"
"3359","Vault Minerals","VAU.AX","4760814788","4.60175","Australia"
"3360","Balkrishna Industries","BALKRISIND.NS","4760291875","24.6243","India"
"3361","Alliance Laundry Holdings","ALH","4759010816","23.94","United States"
"3362","The Commercial Bank (P.S.Q.C.)","CBQK.QA","4758858694","1.17582","Qatar"
"3363","China Great Wall Securities","002939.SZ","4754506438","1.17848","China"
"3364","Bill.com","BILL","4751759872","47.71","United States"
"3365","Mazda","7261.T","4751665784","7.53073","Japan"
"3366","Tutor Perini Corporation","TPC","4748568576","90.33","United States"
"3367","Frasers Group","FRAS.L","4748273483","11.0477","United Kingdom"
"3368","Entain","ENT.L","4739156964","7.406","Isle of Man"
"3369","Azbil Corporation","6845.T","4737061565","9.45521","Japan"
"3370","Sanwa Holdings","5929.T","4732610043","22.7215","Japan"
"3371","ARCHION Corporation","543A.T","4731017171","1.71626","Japan"
"3372","Icahn Enterprises","IEP","4727585280","6.65","United States"
"3373","Turkcell","TKC","4727233024","5.43","Turkey"
"3374","Française des Jeux","FDJ.VI","4725762358","25.5724","France"
"3375","Mitsubishi Gas Chemical Company","4182.T","4721625761","24.2106","Japan"
"3376","Skylark Holdings","3197.T","4718224162","20.7466","Japan"
"3377","Sapporo","2501.T","4714597608","12.0895","Japan"
"3378","Tidewater","TDW","4708431872","94.63","United States"
"3379","CP Axtra","CPAXT.BK","4702296903","0.450945","Thailand"
"3380","Li Ning Company","2331.HK","4696276287","1.84137","China"
"3381","Alior Bank S.A.","ALR.WA","4688914579","35.9155","Poland"
"3382","Abercrombie &amp; Fitch","ANF","4685323776","105.45","United States"
"3383","ICU Medical","ICUI","4682818048","187.26","United States"
"3384","Man Group","EMG.L","4678288043","4.21488","Jersey"
"3385","Hikma Pharmaceuticals","HIK.L","4677564521","22.572","United Kingdom"
"3386","Saudi Investment Bank","1030.SR","4677457719","3.75007","Saudi Arabia"
"3387","New Hope Liuhe","000876.SZ","4676641908","1.03861","China"
"3388","Lumine Group","LMN.V","4673771608","18.2128","Canada"
"3389","Dukhan Bank","DUBK.QA","4673303496","0.892857","Qatar"
"3390","Xometry","XMTR","4673246720","84.59","United States"
"3391","Mapletree Logistics Trust","M44U.SI","4672687624","0.912653","Singapore"
"3392","Parkin PJSC","PARKIN.AE","4671562071","1.55748","United Arab Emirates"
"3393","HASEKO Corporation","1808.T","4670970208","17.6359","Japan"
"3394","United Tractors","UNTR.JK","4670120856","1.33696","Indonesia"
"3395","Coway","021240.KS","4668285200","66.5672","South Korea"
"3396","Marfrig Global Foods","MBRF3.SA","4667107225","3.34939","Brazil"
"3397","Griffon Corporation","GFF","4660826112","102.9","United States"
"3398","Beijing New Building Materials","000786.SZ","4658004666","2.7364","China"
"3399","Tamarack Valley Energy","TVE.TO","4657682459","9.83476","Canada"
"3400","L.D.C. S.A.","LOUP.PA","4653948976","132.243","France"
"3401","Trend Micro","4704.T","4653341104","35.8522","Japan"
"3402","Beijing Roborock Technology","688169.SS","4650717132","17.9183","China"
"3403","Veradermics","MANE","4647204864","111.23","United States"
"3404","EPR Properties","EPR","4644032512","60.62","United States"
"3405","TECOM Group","TECOM.AE","4642487676","0.928498","United Arab Emirates"
"3406","Springer Nature AG","SPG.DE","4637644826","23.3178","Germany"
"3407","C&amp;D International Investment Group","1908.HK","4635864495","2.09641","Hong Kong"
"3408","Core Natural Resources","CNR","4631063040","93.3","United States"
"3409","Kakaku.com","2371.T","4629961204","23.403","Japan"
"3410","China Resources Gas Group","1193.HK","4624803373","2.05178","Hong Kong"
"3411","Nippon Prologis REIT","3283.T","4621091654","550.844","Japan"
"3412","Tanger Inc.","SKT","4611805184","38.58","United States"
"3413","COSCO SHIPPING Development","601866.SS","4611509992","0.351164","China"
"3414","J. Front Retailing","3086.T","4608339997","18.7401","Japan"
"3415","Oji Holdings","3861.T","4607762312","5.42578","Japan"
"3416","Taiwan High Speed Rail","2633.TW","4607700375","0.818668","Taiwan"
"3417","Indivior PLC","INDV","4607252992","39.04","United States"
"3418","Cavco Industries","CVCO","4604797952","598.85","United States"
"3419","Franklin Electric","FELE","4601086976","104.07","United States"
"3420","Alaska Airlines","ALK","4599905792","41.23","United States"
"3421","Webull","BULL","4594913280","8.64","United States"
"3422","Liberty Global","LBTYB","4591038464","13.46","United Kingdom"
"3423","Doximity","DOCS","4589834240","25.75","United States"
"3424","Box, Inc.","BOX","4588200960","33.12","United States"
"3425","Patterson-UTI Energy","PTEN","4578189312","12.06","United States"
"3426","SWI Capital Holding","SWICH.AS","4577227630","10.6308","Singapore"
"3427","Canon Marketing Japan","8060.T","4569191411","22.1915","Japan"
"3428","Hiab Oyj","HIAB.HE","4564867556","70.6776","Finland"
"3429","Maire Tecnimont","MAIRE.MI","4561959743","13.972","Italy"
"3430","Soitec","SOI.PA","4557745911","127.512","France"
"3431","FPT Corporation","FPT.VN","4555005813","2.6739","Vietnam"
"3432","Amicus Therapeutics","FOLD","4549870080","14.49","United States"
"3433","Petronet LNG","PETRONET.NS","4548897317","3.0326","India"
"3434","CTF Services Limited","0659.HK","4546546073","0.995923","Hong Kong"
"3435","RS Group","RS1.L","4546298561","9.90416","United Kingdom"
"3436","Relay Therapeutics","RLAY","4544997376","20.74","United States"
"3437","Sonae","SON.LS","4543874061","2.33645","Portugal"
"3438","Poonawalla Fincorp","POONAWALLA.NS","4541990378","5.1868","India"
"3439","PTT Oil and Retail Business","OR.BK","4533820758","0.377818","Thailand"
"3440","RioCan REIT","REI-UN.TO","4533379409","15.5457","Canada"
"3441","Torex Gold Resources","TXG.TO","4533095541","48.9564","Canada"
"3442","Nippon Television Holdings","9404.T","4532138122","18.5886","Japan"
"3443","Fulton Financial","FULT","4528052224","23.65","United States"
"3444","Metropolitan Bank (Metrobank)","MTPOY","4519902720","20.1","Philippines"
"3445","LEG Immobilien","LEG.DE","4515745463","58.7617","Germany"
"3446","Kulicke and Soffa Industries","KLIC","4515479552","86.29","Singapore"
"3447","GMO Payment Gateway","3769.T","4514876222","59.4508","Japan"
"3448","Synnex Technology International","2347.TW","4513206606","2.70585","Taiwan"
"3449","Yamato Kogyo","5444.T","4512987685","75.5281","Japan"
"3450","Nelnet","NNI","4512503296","126.12","United States"
"3451","Broadstone Net Lease","BNL","4502763008","21.15","United States"
"3452","LG Uplus Corp.","032640.KS","4499772003","10.602","South Korea"
"3453","Brink's","BCO","4497083904","109.18","United States"
"3454","FAW Car","000800.SZ","4496193010","0.913623","China"
"3455","Kontoor Brands","KTB","4490887680","82.17","United States"
"3456","Eagers Automotive Limited","APE.AX","4488984289","15.8979","Australia"
"3457","Yuhan","000100.KS","4488807717","60.0396","South Korea"
"3458","Linamar","LNR.TO","4488549165","76.098","Canada"
"3459","Centerra Gold","CGAU","4488248320","22.6","Canada"
"3460","NS Solutions Corporation","2327.T","4480899507","24.4883","Japan"
"3461","Algonquin Power & Utilities","AQN","4480828928","5.82","Canada"
"3462","Clariant","CLN.SW","4477242093","13.6138","Switzerland"
"3463","Steadfast Group","SDF.AX","4475986580","4.0252","Australia"
"3464","Travel + Leisure","TNL","4472978944","72.99","United States"
"3465","Trina Solar","688599.SS","4468672924","1.9076","China"
"3466","Electrical Industries Company (EIC)","1303.SR","4462326084","4.01108","Saudi Arabia"
"3467","Qatar International Islamic Bank","QIIK.QA","4462051177","2.9478","Qatar"
"3468","Yamazaki Baking Co., Ltd.","2212.T","4457828092","22.6395","Japan"
"3469","Vontier","VNT","4457544192","32.97","United States"
"3470","Robert Half","RHI","4453862912","43.54","United States"
"3471","LivaNova","LIVN","4453758976","80.84","United Kingdom"
"3472","Strauss Group","STRS.TA","4452304788","37.9938","Israel"
"3473","Lazard","LAZ","4450368000","45.21","Bermuda"
"3474","Neptune Insurance Holdings","NP","4449096704","32.42","United States"
"3475","International Bancshares Corp","IBOC","4448558592","71.53","United States"
"3476","Endeavour Group","EDV.AX","4448092802","2.47704","Australia"
"3477","China Oilfield Services","2883.HK","4447905324","0.932164","China"
"3478","Dexus","DXS.AX","4443358013","4.14264","Australia"
"3479","HUB24 Limited","HUB.AX","4441127284","54.3099","Australia"
"3480","Bicecorp","BICE.SN","4436201657","0.435911","Chile"
"3481","Concentra Group","CON","4433791488","34.77","United States"
"3482","Hagerty","HGTY","4432732672","12.9","United States"
"3483","LLB (Liechtensteinische Landesbank)","LLBN.SW","4431145499","145.898","Liechtenstein"
"3484","Envista","NVST","4429836288","27.58","United States"
"3485","USA Rare Earth","USAR","4426100736","18.09","United States"
"3486","Interpump Group","IP.MI","4424760790","42.1028","Italy"
"3487","NHK Spring","5991.T","4424308728","21.8382","Japan"
"3488","SL Green Realty","SLG","4423382016","57.65","United States"
"3489","Whitehaven Coal","WHC.AX","4419207750","5.37405","Australia"
"3490","Regis Resources","RRL.AX","4417962827","5.83316","Australia"
"3491","FLSmidth","FLS.CO","4416700090","82.7255","Denmark"
"3492","Berner Kantonalbank","BEKN.SW","4407117330","476.107","Switzerland"
"3493","CECO Environmental","CECO","4405622784","75.22","United States"
"3494","Tokyo Tatemono","8804.T","4401985780","21.2514","Japan"
"3495","Dave Inc.","DAVE","4401287680","345.05","United States"
"3496","The Berkeley Group","BKG.L","4399521484","48.1117","United Kingdom"
"3497","Nomura Real Estate Master Fund","3462.T","4397633916","946.468","Japan"
"3498","Cabot Corporation","CBT","4397112320","85.18","United States"
"3499","Legend Biotech","LEGN","4395438080","22.6","United States"
"3500","Endurance Technologies","ENDURANCE.NS","4393850044","31.2368","India"
"3501","E-L Financial","ELF.TO","4391302188","12.7047","Canada"
"3502","PUMA","PUM.DE","4390471445","29.8248","Germany"
"3503","Mitsubishi Materials","5711.T","4389886241","33.5933","Japan"
"3504","Arcadis","ARCAD.AS","4385730361","51.472","Netherlands"
"3505","CCC Intelligent Solutions","CCC","4382120448","7.44","United States"
"3506","Chefs' Warehouse","CHEF","4379867648","107.36","United States"
"3507","Imeik Technology Development","300896.SZ","4378253442","14.4692","China"
"3508","Methanex","MEOH","4378043904","56.59","Canada"
"3509","flatexDEGIRO AG","FTK.DE","4377430697","40.9112","Germany"
"3510","ABC-Mart","2670.T","4376304239","17.6737","Japan"
"3511","Helmerich &amp; Payne","HP","4373327872","43.76","United States"
"3512","1&1","1U1.DE","4371657538","24.7664","Germany"
"3513","China Power International Development","2380.HK","4369478533","0.353228","Hong Kong"
"3514","INFRONEER Holdings","5076.T","4367068312","17.2604","Japan"
"3515","J-POWER (Electric Power Development)","9513.T","4364557844","24.7975","Japan"
"3516","DMG Mori Aktiengesellschaft","GIL.F","4364454249","55.3738","Germany"
"3517","Kakao Pay","377300.KS","4360781975","32.2435","South Korea"
"3518","Permata Bank","BNLI.JK","4360660268","0.120522","Indonesia"
"3519","Parque Arauco","PARAUCO.SN","4359396993","4.44124","Chile"
"3520","NGEx Minerals","NGEX.TO","4353521129","20.0754","Canada"
"3521","Silgan Holdings","SLGN","4353041920","41.19","United States"
"3522","Enliven Therapeutics","ELVN","4351550464","59.39","United States"
"3523","Valvoline","VVV","4351159808","34.1","United States"
"3524","ViTrox Corporation","0097.KL","4349521755","2.2974","Malaysia"
"3525","Titan Cement International","TITC.BR","4349301800","58.2009","Belgium"
"3526","Axiata Group","6888.KL","4349281679","0.473358","Malaysia"
"3527","Takashimaya Company","8233.T","4346665329","14.8343","Japan"
"3528","SiteOne Landscape Supply","SITE","4346637312","98.1","United States"
"3529","Mobile TeleSystems","MTSS.ME","4346609199","2.16","Russia"
"3530","Diodes Incorporated","DIOD","4343596544","94.32","United States"
"3531","Bank Handlowy w Warszawie","BHW.WA","4342355430","33.3021","Poland"
"3532","NorthWestern Energy","NWE","4341929984","70.58","United States"
"3533","CommScope","COMM","4337923584","19.58","United States"
"3534","Iveco Group","IVG.MI","4337469875","16.285","Italy"
"3535","IGO Limited","IGO.AX","4336408356","5.72639","Australia"
"3536","Brady Corporation","BRC","4334848000","92.01","United States"
"3537","Korn Ferry","KFY","4334457856","84.4","United States"
"3538","Koito Manufacturing","7276.T","4333898785","16.8314","Japan"
"3539","National Shipping Company of Saudi Arabia (Bahri)","4030.SR","4331187022","8.79987","Saudi Arabia"
"3540","Itron","ITRI","4328758272","98.86","United States"
"3541","Telix Pharmaceuticals","TLX.AX","4328456667","12.7767","Australia"
"3542","Cinemark Theatres","CNK","4325830656","37.32","United States"
"3543","Americold","COLD","4325650944","15.08","United States"
"3544","BillionToOne","BLLN","4325636096","91.67","United States"
"3545","Excelerate Energy","EE","4325156352","38.14","United States"
"3546","Calumet, Inc.","CLMT","4323714048","49.19","United States"
"3547","Insight Enterprises","NSIT","4321911296","147.26","United States"
"3548","Ottobock","OBCK.F","4320830174","67.5234","Germany"
"3549","Maruwa","5344.T","4320550420","350.13","Japan"
"3550","Embassy Office Parks REIT","EMBASSY.BO","4317662550","4.55501","India"
"3551","Kilroy Realty","KRC","4317188096","36.76","United States"
"3552","AIA Engineering","AIAENG.NS","4315858895","46.2478","India"
"3553","MODEC, Inc.","6269.T","4314532078","63.1294","Japan"
"3554","Century Aluminum","CENX","4314127872","43.58","United States"
"3555","Astral Poly Technik","ASTRAL.NS","4313308109","16.0555","India"
"3556","Victoria's Secret &amp; Co","VSCO","4312813568","54.3","United States"
"3557","Mapletree Industrial Trust","ME8U.SI","4312761332","1.5106","Singapore"
"3558","AZZ","AZZ","4312690688","143.51","United States"
"3559","MDU Resources","MDU","4312163840","20.5","United States"
"3560","United Community Bank","UCB","4310574080","35.75","United States"
"3561","VakıfBank","VAKBN.IS","4308944200","0.646557","Turkey"
"3562","Siegfried Holding","SFZN.SW","4305800985","98.287","Switzerland"
"3563","Primoris Services Corporation","PRIM","4302817792","79.93","United States"
"3564","Amylyx Pharmaceuticals","AMLX","4300929536","38.6","United States"
"3565","Rorze Corporation","6323.T","4299571820","24.7911","Japan"
"3566","Kingsoft","3888.HK","4296439971","3.16757","China"
"3567","Warba Bank","WARBABANK.KW","4290955573","908.499","Kuwait"
"3568","Aurizon Holdings","AZJ.AX","4289444227","2.54822","Australia"
"3569","Skeena Resources","SKE","4282042112","34.13","Canada"
"3570","AGL Energy","AGL.AX","4276200158","6.35632","Australia"
"3571","JK Cement","JKCEMENT.NS","4275688035","55.3356","India"
"3572","CyberAgent","4751.T","4273181095","8.42672","Japan"
"3573","UWM Holdings","UWMC","4270327296","1.49","United States"
"3574","NIKKON Holdings","9072.T","4269965578","34.4262","Japan"
"3575","Texas Capital Bancshares","TCBI","4269182720","98.2","United States"
"3576","COPT Defense Properties","CDP","4265392896","36.82","United States"
"3577","Hamamatsu","6965.T","4263169822","14.7649","Japan"
"3578","Pampa Energía","PAM","4258674688","79.24","Argentina"
"3579","Sumitomo Heavy Industries","6302.T","4257359892","35.8964","Japan"
"3580","Emperador Brandy","EMI.SI","4257328035","0.271436","Philippines"
"3581","Integer Holdings","ITGR","4254541568","125.3","United States"
"3582","Global Power Synergy","GPSC.BK","4252791225","1.50823","Thailand"
"3583","Everbright Securities Company","6178.HK","4250972212","0.921962","Hong Kong"
"3584","Tango Therapeutics","TNGX","4248981504","25.2","United States"
"3585","Workiva","WK","4248794880","75.71","United States"
"3586","DiaSorin","DIA.MI","4247664119","85.9112","Italy"
"3587","FTI Consulting","FCN","4245832192","153.77","United States"
"3588","Grupo Elektra","XEKT.MC","4241775619","20.2458","Mexico"
"3589","VisEra Technologies","6789.TW","4241320508","13.325","Taiwan"
"3590","Aboitiz Power","ABZPY","4239924480","11.768","Philippines"
"3591","Dubai Investments","DIC.AE","4237431913","0.996569","United Arab Emirates"
"3592","Firefly Aerospace","FLY","4235337216","25.3","United States"
"3593","GLP J-REIT","3281.T","4235144046","882.739","Japan"
"3594","G-bits Network Technology","603444.SS","4232742897","58.7546","China"
"3595","Fluidra","FDR.MC","4227260979","22.3481","Spain"
"3596","Kintetsu GHD","9041.T","4224479001","22.2168","Japan"
"3597","Mandarin Oriental","M04.SI","4221123840","3.34","Hong Kong"
"3598","Hirogin Holdings","7337.T","4219414644","14.2475","Japan"
"3599","Daeduck Electronics","353200.KS","4217939741","81.882","South Korea"
"3600","Protector Forsikring","PROT.OL","4212501368","51.1755","Norway"
"3601","Voltas","VOLTAS.NS","4212479672","12.731","India"
"3602","Credit Saison","8253.T","4210382582","29.3153","Japan"
"3603","dLocal","DLO","4208048384","14.3","Uruguay"
"3604","Seaboard Corporation","SEB","4204720128","4390","United States"
"3605","Thai Oil","TOP.BK","4202904890","1.88147","Thailand"
"3606","OPENLANE Corporate","OPLN","4201644544","34.42","United States"
"3607","Cosmo Energy Holdings","5021.T","4198077524","26.438","Japan"
"3608","Westgold Resources Limited","WGX.AX","4197385538","4.4238","Australia"
"3609","Viking Therapeutics","VKTX","4197172480","35.98","United States"
"3610","Riyadh Cables Group Company","4142.SR","4194929157","28.019","Saudi Arabia"
"3611","JTEKT Corporation","6473.T","4175891037","13.118","Japan"
"3612","Cohen &amp; Steers","CNS","4173885696","81.17","United States"
"3613","Cathay General Bancorp","CATY","4170280704","62.51","United States"
"3614","Bread Financial","BFH","4168874752","108.51","United States"
"3615","Thor Industries","THO","4168233728","80.07","United States"
"3616","TUI","TUI1.F","4166151147","8.21028","Germany"
"3617","Makkah Construction &amp; Development","4100.SR","4165556727","20.8278","Saudi Arabia"
"3618","Transportadora de Gas del Sur","TGS","4156746496","27.61","Argentina"
"3619","Sacyr","SCYR.MC","4155860306","5.22664","Spain"
"3620","Sopra Steria Group","SOP.PA","4155183521","217.056","France"
"3621","Covivio Hotels","COVH.PA","4152575073","26.285","France"
"3622","Tauron Polska","TPE.WA","4151881326","2.36905","Poland"
"3623","Mattel","MAT","4151220992","14.53","United States"
"3624","Aumovio SE","AMV0.DE","4149311073","41.472","Germany"
"3625","Exide Industries","EXIDEIND.NS","4141556319","4.87242","India"
"3626","Qatar Electricity &amp; Water Company","QEWS.QA","4140109806","3.76374","Qatar"
"3627","Cleanaway Waste Management","CWY.AX","4139753556","1.84711","Australia"
"3628","Krones","KRN.F","4133672942","130.841","Germany"
"3629","Adaro Energy","ADRO.JK","4133037866","0.143506","Indonesia"
"3630","Allreal Holding","ALLN.SW","4132810149","250.253","Switzerland"
"3631","Formosa Sumco Technology","3532.TW","4132010342","10.6537","Taiwan"
"3632","Rubis","RUI.PA","4128556531","39.9533","France"
"3633","Manchester United","MANU","4126354176","23.93","United Kingdom"
"3634","Pattern Group","PTRN","4125384960","20.72","United States"
"3635","Rumble","RUM","4125140736","8.32","United States"
"3636","Sumitomo Pharma","4506.T","4124079700","9.19336","Japan"
"3637","Tohoku Electric Power","9506.T","4123685204","8.23427","Japan"
"3638","AMP Limited","AMP.AX","4121322066","1.69407","Australia"
"3639","Page Industries","PAGEIND.NS","4119371701","369.322","India"
"3640","iRhythm","IRTC","4112134656","124.75","United States"
"3641","PLDT","PHI","4111541504","19.03","Philippines"
"3642","Denali Therapeutics","DNLI","4106479872","25.69","United States"
"3643","Energix Renewable Energies","ENRG.TA","4103038156","7.08143","Israel"
"3644","Fielmann","FIE.F","4099841167","48.8318","Germany"
"3645","United Bank (Pakistan)","UBL.PK","4099551197","1.63704","Pakistan"
"3646","Indian Railway Catering & Tourism","IRCTC.NS","4097636457","5.12205","India"
"3647","WillScot","WSC","4096727808","22.61","United States"
"3648","Container Corporation of India","CONCOR.NS","4095536756","5.37742","India"
"3649","China Gas","0384.HK","4095509039","0.751724","China"
"3650","Haitian International Holdings","1882.HK","4094828459","2.56568","Hong Kong"
"3651","Planet Fitness","PLNT","4092065792","53.95","United States"
"3652","Cochin Shipyard Limited","COCHINSHIP.NS","4087873788","15.5385","India"
"3653","Bendigo and Adelaide Bank","BEN.AX","4087824313","7.24963","Australia"
"3654","Rohto Pharmaceutical","4527.T","4087728978","18.0902","Japan"
"3655","Kewpie Corporation","2809.T","4086168774","30.1797","Japan"
"3656","Toyo Seikan Group Holdings","5901.T","4085691988","27.1321","Japan"
"3657","Nikon","NINOY","4084767744","12.4","Japan"
"3658","Persol Holdings","2181.T","4084545302","1.8311","Japan"
"3659","Harvey Norman","HVN.AX","4084177374","3.27781","Australia"
"3660","Bullish","BLSH","4082373632","26.92","Cayman Islands"
"3661","Fuji Corporation","6134.T","4082130357","46.4337","Japan"
"3662","Jumbo S.A.","5JB.F","4078057541","30.3505","Greece"
"3663","WSFS Financial","WSFS","4077540864","79.81","United States"
"3664","Bank AlJazira","1020.SR","4077306343","3.19608","Saudi Arabia"
"3665","Howard Hughes Holdings","HHH","4072974592","68.2","United States"
"3666","Merdeka Copper Gold","MDKA.JK","4065149344","0.166489","Indonesia"
"3667","SkyWest","SKYW","4062005760","102.42","United States"
"3668","Delek US","DK","4061530368","66.33","United States"
"3669","Avient","AVNT","4059507200","44.26","United States"
"3670","Doosan Bobcat","241560.KS","4057648067","42.3935","South Korea"
"3671","Huber+Suhner","HUBN.SW","4055529981","219.722","Switzerland"
"3672","Mainfreight","MFT.NZ","4050712072","40.2261","New Zealand"
"3673","Aris Mining","ARIS","4048105984","19.61","Canada"
"3674","Iida Group","3291.T","4044242588","14.6355","Japan"
"3675","L&amp;T Technology Services","LTTS.NS","4041425729","38.102","India"
"3676","Nishi-Nippon Financial Holdings","7189.T","4040038763","29.0061","Japan"
"3677","Geo Group","GEO","4038088960","30.68","United States"
"3678","Valeo","FR.PA","4036414775","16.7114","France"
"3679","MIAX (Miami International Holdings)","MIAX","4028774144","40.6","United States"
"3680","Giant Biogene","2367.HK","4021006159","3.78731","China"
"3681","Newmark","NMRK","4018564096","16.42","United States"
"3682","Bridgepoint Group plc","BPT.L","4018150692","4.50622","United Kingdom"
"3683","Sumitomo Bakelite Company","4203.T","4016861073","45.7838","Japan"
"3684","Independence Realty Trust","IRT","4016328192","16.62","United States"
"3685","Johnson Matthey","JMAT.L","4011960674","31.809","United Kingdom"
"3686","Atmus Filtration Technologies","ATMU","4011236096","49.16","United States"
"3687","Daishi Hokuetsu Financial Group","7327.T","4010775327","15.2823","Japan"
"3688","Northland Power","NPI.TO","4008384212","15.3283","Canada"
"3689","Offshore Oil Engineering Co.,Ltd","600583.SS","4006555079","0.906183","China"
"3690","Sezzle","SEZL","4006316800","118.97","United States"
"3691","SCHOTT Pharma","1SXP.DE","4002900307","26.5771","Germany"
"3692","China Resources Pharmaceutical Group","3320.HK","4001690588","0.636957","Hong Kong"
"3693","Keisei Electric Railway Co., Ltd.","9009.T","4001316514","8.29737","Japan"
"3694","Patanjali Foods","PATANJALI.NS","3998463139","3.67546","India"
"3695","Tri Pointe Homes","TPH","3998444288","46.95","United States"
"3696","Q2","QTWO","3995688960","64.08","United States"
"3697","Telephone and Data Systems","TDS","3991071488","34.67","United States"
"3698","PennyMac Financial Services","PFSI","3989907200","76.84","United States"
"3699","Marriott Vacations Worldwide","VAC","3989857024","116","United States"
"3700","Taylor Wimpey","TW.L","3988914261","1.15038","United Kingdom"
"3701","St. Joe Company","JOE","3982854400","69.96","United States"
"3702","PI Industries","PIIND.NS","3982835339","26.2536","India"
"3703","Dorman Products","DORM","3980093696","134.12","United States"
"3704","Universal Display Corporation","OLED","3977969920","86.54","United States"
"3705","Sixt","SIX2.F","3975926999","84.6963","Germany"
"3706","Comstock Resources","CRK","3975622144","13.54","United States"
"3707","Kyushu Financial Group","7180.T","3969248599","9.41104","Japan"
"3708","Santen Pharmaceutical","4536.T","3967201271","12.3325","Japan"
"3709","Lemonade","LMND","3966576640","51.25","United States"
"3710","Scorpio Tankers","STNG","3966443008","79.2","Monaco"
"3711","CVB Financial","CVBF","3965222400","22.53","United States"
"3712","Bath &amp; Body Works","BBWI","3964720896","19.67","United States"
"3713","Citizen Watch","7762.T","3962793581","16.2414","Japan"
"3714","Espressif Systems (Shanghai)","688018.SS","3962264888","16.905","China"
"3715","3M India","3MINDIA.NS","3961005977","351.618","India"
"3716","Coca-Cola Bottlers Japan","2579.T","3960183455","24.3747","Japan"
"3717","HeartFlow","HTFL","3958998272","45.53","United States"
"3718","Jiangsu Yuyue Medical Equipment &amp; Supply Co., Ltd.","002223.SZ","3958892644","3.94911","China"
"3719","Global Health Limited (Medanta)","MEDANTA.NS","3957963720","14.729","India"
"3720","Inmobiliaria Colonial","COL.MC","3953299112","6.31425","Spain"
"3721","Hafnia Limited","HAFN","3953270016","7.91","Bermuda"
"3722","Hudco","HUDCO.NS","3953074685","1.97466","India"
"3723","Internet Initiative Japan Inc.","3774.T","3949767348","22.2735","Japan"
"3724","Türk Telekom","TTKOM.IS","3949209860","1.12835","Turkey"
"3725","Synaptics","SYNA","3949023488","100.98","United States"
"3726","Mueller Water Products","MWA","3948418560","25.29","United States"
"3727","WesBanco","WSBC","3947486208","41.16","United States"
"3728","Independent Bank Corp.","INDB","3947267072","83.33","United States"
"3729","Worley","WOR.AX","3942754361","7.78703","Australia"
"3730","Thai Life Insurance","TLI.BK","3942261007","0.344302","Thailand"
"3731","Höegh Autoliners","HAUTO.OL","3937436015","20.6398","Norway"
"3732","Sime Darby","4197.KL","3935648601","0.577447","Malaysia"
"3733","OBIC Business Consultants","4733.T","3931403422","52.2955","Japan"
"3734","Wynn Macau","1128.HK","3930693766","0.750449","Macau"
"3735","Netwealth","NWL.AX","3930120363","16.0154","Australia"
"3736","Banco del Bajío","BBAJIOO.MX","3927336316","3.30047","Mexico"
"3737","Toyoda Gosei","7282.T","3925889572","33.4797","Japan"
"3738","Aya Gold &amp; Silver","AYA.TO","3922944998","27.2358","Canada"
"3739","WaterBridge Infrastructure","WBI","3918500096","31.74","United States"
"3740","Kobe Bussan","3038.T","3917426511","17.6611","Japan"
"3741","TransAlta","TAC","3915793920","12.38","Canada"
"3742","Aspen Pharmacare","APN.JO","3912938700","8.81248","South Africa"
"3743","The Vita Coco Company","COCO","3909880832","67.57","United States"
"3744","M/I Homes","MHO","3908756992","154.6","United States"
"3745","Minor International","MINT.BK","3907382606","0.694698","Thailand"
"3746","NLC India","NLCINDIA.NS","3904591267","2.81587","India"
"3747","Axcelis Technologies","ACLS","3904346624","126.43","United States"
"3748","NOF Corporation","4403.T","3900989166","17.3582","Japan"
"3749","Madison Square Garden Entertainment","MSGE","3899370240","82.43","United States"
"3750","Gibson Energy","GEI.TO","3897822934","22.583","Canada"
"3751","Sabancı Holding","SAHOL.IS","3896627684","1.8844","Turkey"
"3752","AbCellera","ABCL","3891808768","12.01","Canada"
"3753","USA Compression Partners","USAC","3891728896","26.85","United States"
"3754","Tenable","TENB","3890395136","35.28","United States"
"3755","Mirion Technologies","MIR","3884987392","15.6","United States"
"3756","Bestechnic","688608.SS","3882597825","16.3902","China"
"3757","VEON","VEON","3882394112","56.38","Netherlands"
"3758","Sanil Electric","062040.KS","3881633544","127.037","South Korea"
"3759","Hochschild Mining","HOC.L","3880115130","7.54214","United Kingdom"
"3760","Otter Tail","OTTR","3876948224","92.34","United States"
"3761","Cranswick","CWK.L","3875472878","72.4263","United Kingdom"
"3762","KLCC Property Holdings","5235SS.KL","3874643069","2.14622","Malaysia"
"3763","Shufersal","SAE.TA","3874603733","14.5223","Israel"
"3764","Asia Cement","1102.TW","3873132326","1.09208","Taiwan"
"3765","Wendel","MF.PA","3872122888","100.292","France"
"3766","Organo Corporation","6368.T","3869000233","84.141","Japan"
"3767","Yadea Group","1585.HK","3867791825","1.27391","China"
"3768","China Everbright Environment Group","0257.HK","3865812241","0.629306","Hong Kong"
"3769","Arcus Biosciences","RCUS","3864568064","30.35","United States"
"3770","Unilever Indonesia","UNVR.JK","3864338605","0.101743","Indonesia"
"3771","Par Pacific Holdings","PARR","3864184064","77.13","United States"
"3772","Apple Hospitality REIT","APLE","3862313216","16.36","United States"
"3773","Sportradar","SRAD","3862169088","13.05","Switzerland"
"3774","Structure Therapeutics","GPCR","3860002560","54.13","United States"
"3775","Athens International Airport","AIA.AT","3857488122","12.1262","Greece"
"3776","Catalyst Pharmaceuticals","CPRX","3854925568","31.49","United States"
"3777","Inchcape","INCH.L","3852961439","11.1294","United Kingdom"
"3778","The Shiga Bank","8366.T","3852500034","16.7588","Japan"
"3779","monday.com","MNDY","3847367680","91.01","Israel"
"3780","Aperam","APAM.AS","3846675411","53.0841","Luxembourg"
"3781","Renasant Corp","RNST","3842643712","42.04","United States"
"3782","Venture Corporation","V03.SI","3839631249","13.3593","Singapore"
"3783","Huhtamäki","HUH1V.HE","3838863225","36.5654","Finland"
"3784","BB Biotech","BION.SW","3829857003","69.4453","Switzerland"
"3785","Grand Canyon Education","LOPE","3829475072","146.92","United States"
"3786","KDX Realty Investment","8972.T","3828068144","947.73","Japan"
"3787","Jet2","JET2.L","3827134205","20.9655","United Kingdom"
"3788","Asbury Automotive Group","ABG","3822681088","212.94","United States"
"3789","China Airlines","2610.TW","3822657557","0.628535","Taiwan"
"3790","Yamato Holdings","9064.T","3822482341","12.0706","Japan"
"3791","Canadian Apartment Properties REIT","CAR-UN.TO","3821654119","24.8369","Canada"
"3792","Secure Energy Services","SES.TO","3820906045","17.5243","Canada"
"3793","Narayana Hrudayalaya","NH.NS","3813889653","18.7784","India"
"3794","Bank für Tirol und Vorarlberg","BTS.VI","3812969243","102.804","Austria"
"3795","NuScale Power","SMR","3812518656","9.29","United States"
"3796","Asmodee Group AB","ASMDEE-B.ST","3812158278","16.104","Sweden"
"3797","Sheng Siong Group","OV8.SI","3809057959","2.5334","Singapore"
"3798","Corporación América Airports","CAAP","3808187904","23.31","Luxembourg"
"3799","Saudi Tadawul Group Holding Company","1111.SR","3803334391","31.6945","Saudi Arabia"
"3800","COMSYS Holdings Corporation","1721.T","3798760462","33.0948","Japan"
"3801","Badger Meter","BMI","3795537920","130.94","United States"
"3802","BancFirst","BANF","3792574976","112.92","United States"
"3803","Sumitomo Rubber Industries","5110.T","3792170224","14.4273","Japan"
"3804","Tiantan Bio","600161.SS","3789679786","1.91652","China"
"3805","Standex International","SXI","3789393408","312.67","United States"
"3806","GPGI, Inc.","GPGI","3785964544","13.06","United States"
"3807","Taihan Cable & Solution Co., Ltd.","001440.KS","3785302089","20.3719","South Korea"
"3808","Amplifon","AMP.MI","3785060758","14.2699","Italy"
"3809","Singapore Land","U06.SI","3777009923","2.63568","Singapore"
"3810","JOYY","JOYY","3773091584","74.89","China"
"3811","LEENO Industrial","058470.KQ","3772785713","49.7102","South Korea"
"3812","Sunrise Communications AG","SUNN.SW","3769671264","51.7774","Switzerland"
"3813","Fastly","FSLY","3769038080","23.66","United States"
"3814","ERG","ERG.MI","3766318328","25.9112","Italy"
"3815","Freddie Mac","FMCC","3763844864","5.79","United States"
"3816","Hualan Biological Engineering","002007.SZ","3762490952","2.06086","China"
"3817","Cal-Maine Foods","CALM","3762167808","80.55","United States"
"3818","Chugin Financial Group","5832.T","3757583570","21.1378","Japan"
"3819","Macnica Holdings","3132.T","3757526504","21.0431","Japan"
"3820","Polaris","PII","3755632640","66","United States"
"3821","Bel Fuse","BELFB","3752945664","263.87","United States"
"3822","QinetiQ","QQ.L","3752378955","7.33793","United Kingdom"
"3823","IDEAYA Biosciences","IDYA","3750546176","38.87","United States"
"3824","Genworth Financial","GNW","3748282368","9.92","United States"
"3825","Interparfums","IPAR","3747336704","117.01","United States"
"3826","Indorama Ventures","IVL.BK","3746455981","0.667276","Thailand"
"3827","United Breweries","UBL.NS","3742262293","14.1535","India"
"3828","Eurazeo","RF.PA","3740361842","58.7617","France"
"3829","Peyto Exploration &amp; Development","PEY.TO","3735557372","18.1621","Canada"
"3830","NH Foods (Nipponham)","2282.T","3733723162","40.2123","Japan"
"3831","Knife River Corporation","KNF","3733268480","65.78","United States"
"3832","MSI (Micro-Star International)","2377.TW","3730430362","4.41546","Taiwan"
"3833","Athabasca Oil Corporation","ATH.TO","3728871464","7.7475","Canada"
"3834","MARA Holdings","MARA","3727788032","9.65","United States"
"3835","Groupe SEB","SK.PA","3727712870","67.9322","France"
"3836","Bucher Industries","BUCN.SW","3726741396","379.76","Switzerland"
"3837","Shift4 Payments","FOUR","3721390592","47.13","United States"
"3838","Iren","IRE.MI","3720320272","2.89953","Italy"
"3839","Dalmia Bharat","DALBHARAT.NS","3719948989","19.8155","India"
"3840","Vanke","2202.HK","3719803018","0.311784","China"
"3841","MediPal Holdings Corporation","7459.T","3718529266","18.1659","Japan"
"3842","Kadant","KAI","3712432128","314.37","United States"
"3843","NovaGold Resources","NG","3712083968","8.46","Canada"
"3844","Energy Fuels","UUUU","3711980288","14.85","United States"
"3845","Fattal Holdings (Leonardo Hotels)","FTAL.TA","3710226757","224.872","Israel"
"3846","Zuger Kantonalbank","ZUGER.SW","3706486968","12888","Switzerland"
"3847","Shaftesbury Capital","SHC.L","3703676082","2.02303","United Kingdom"
"3848","Kingsoft Cloud","KC","3703202816","12.37","China"
"3849","Société Foncière Lyonnaise","FLY.PA","3702190127","86.0641","France"
"3850","Odakyu Electric Railway","9007.T","3698297893","10.8087","Japan"
"3851","Mechanics Bancorp","MCHB","3697822976","16.7","United States"
"3852","Brembo","BRE.MI","3697690590","11.6238","Italy"
"3853","Fuji Media Holdings","4676.T","3696268760","25.9395","Japan"
"3854","Ermenegildo Zegna","ZGN","3694657024","13.77","Italy"
"3855","CVR Energy","CVI","3689473024","36.7","United States"
"3856","Fermi Inc.","FRMI","3689091840","5.76","United States"
"3857","Cofinimmo","COFB.BR","3686299188","96.7874","Belgium"
"3858","Masan Group","MSN.VN","3678443541","2.54402","Vietnam"
"3859","Inter Cars","CAR.WA","3677727455","262.356","Poland"
"3860","Atlanta Braves Holdings","BATRA","3672970496","57.24","United States"
"3861","Meezan Bank","MEBL.PK","3667885335","2.02971","Pakistan"
"3862","Toyo Tire","5105.T","3666538463","23.8068","Japan"
"3863","National Healthcare","NHC","3665392896","234.04","United States"
"3864","Centrus Energy","LEU","3664940800","183.68","United States"
"3865","Toei Animation","4816.T","3663824130","17.9324","Japan"
"3866","Seek Limited","SEK.AX","3662766994","10.232","Australia"
"3867","F.I.B.I. Holdings","FIBIH.TA","3659834797","103.232","Israel"
"3868","RXO","RXO","3659710976","22.19","United States"
"3869","Loomis AB","LOOMIS.ST","3657418768","54.6518","Sweden"
"3870","Tobu Railway","9001.T","3656867101","18.7022","Japan"
"3871","Mesaieed Petrochemical Holding Company","MPHC.QA","3644701433","0.29011","Qatar"
"3872","ITV plc","ITV.L","3644658137","0.98497","United Kingdom"
"3873","Park National Corp","PRK","3643360512","201.69","United States"
"3874","PVH Corp.","PVH","3642078208","78.99","United States"
"3875","OSI Systems","OSIS","3641400064","220.92","United States"
"3876","Dowa Holdings","5714.T","3638826134","61.5204","Japan"
"3877","National Health Investors","NHI","3638100992","74.08","United States"
"3878","Vend Marketplaces","VENDA.OL","3638040042","35.6446","Norway"
"3879","First Advantage","FA","3630873088","21.14","United States"
"3880","Sohar International Bank","BKSB.OM","3628657317","0.472727","Oman"
"3881","SMG Swiss Marketplace Group Holding AG","SMG.SW","3626693536","36.9749","Switzerland"
"3882","Hebei Changshan Biochemical Pharmaceutical Co., Ltd.","300255.SZ","3625370793","3.94465","China"
"3883","Olam","VC2.SI","3621610506","0.959859","Singapore"
"3884","Air Water Inc.","4088.T","3619408151","15.7871","Japan"
"3885","Iovance Biotherapeutics","IOVA","3619241472","7.99","United States"
"3886","Seabridge Gold","SA","3619079168","33.55","Canada"
"3887","Nicolet Bankshares","NIC","3618524160","172.66","United States"
"3888","QuantumScape","QS","3617053184","5.88","United States"
"3889","Digital China Group Co., Ltd.","000034.SZ","3611275384","3.55182","China"
"3890","Yamaha","7951.T","3611127864","8.20903","Japan"
"3891","Growthpoint Properties","GRT.JO","3610801600","1.06585","South Africa"
"3892","QL Resources","7084.KL","3609589224","0.991326","Malaysia"
"3893","Cushman &amp; Wakefield","CWK","3607549696","15.37","United States"
"3894","First Interstate BancSystem","FIBK","3606326272","37.84","United States"
"3895","Nisshin Seifun Group","2002.T","3606248351","12.8909","Japan"
"3896","Freshpet","FRPT","3605797120","75.03","United States"
"3897","Organon","OGN","3605627392","13.73","United States"
"3898","Air France-KLM","AF.PA","3603951525","13.7325","France"
"3899","VietJet Aviation","VJC.VN","3601772324","4.68314","Vietnam"
"3900","AntarChile","ANTARCHILE.SN","3601337466","7.93118","Chile"
"3901","Mandatum","MANTA.HE","3600668385","7.15537","Finland"
"3902","Constellium","CSTM","3596905984","26.54","France"
"3903","Brederode","BREB.BR","3594727152","122.664","Luxembourg"
"3904","SAL Saudi Logistics Services","4263.SR","3594523868","44.9315","Saudi Arabia"
"3905","Gentera, S.A.B. de C.V.","GENTERA.MX","3593851806","2.27568","Mexico"
"3906","The Japan Steel Works","5631.T","3593590561","48.8188","Japan"
"3907","Unite Group (Unite Students)","UTG.L","3592309423","6.99077","United Kingdom"
"3908","Star Health and Allied Insurance Company","STARHEALTH.NS","3591213864","6.10332","India"
"3909","Granite REIT","GRP-UN","3590449408","59.19","Canada"
"3910","OFILM Group","002456.SZ","3589288753","1.02671","China"
"3911","CIE Automotive","CIE.MC","3588424647","30.257","Spain"
"3912","LXP Industrial Trust","LXP","3586370560","60.83","United States"
"3913","ALSOK","2331.T","3585262720","7.37614","Japan"
"3914","Indofood","INDF.JK","3580783764","0.407814","Indonesia"
"3915","Adtalem Global Education","ATGE","3579815168","98.54","United States"
"3916","CorVel Corporation","CRVL","3575563008","70.78","United States"
"3917","Quilter","QLT.L","3574643074","2.64519","United Kingdom"
"3918","Post Holdings","POST","3573685760","78.85","United States"
"3919","Ayala Land","AYAAF","3573130240","0.25","Philippines"
"3920","Alm. Brand","ALMB.CO","3572587266","2.62003","Denmark"
"3921","Koei Tecmo","3635.T","3571534747","10.6856","Japan"
"3922","The Tel-Aviv Stock Exchange","TASE.TA","3571485213","38.061","Israel"
"3923","Hexaware Technologies","HEXT.NS","3567623970","5.85056","India"
"3924","Laboratorios Farmaceuticos Rovi","ROVI.MC","3566865918","69.743","Spain"
"3925","Nitto Boseki","3110.T","3560481821","19.5603","Japan"
"3926","ScottsMiracle-Gro","SMG","3559005184","61.13","United States"
"3927","Bright Horizons","BFAM","3555727104","73.11","United States"
"3928","Samsung Card","029780.KS","3555543607","33.3195","South Korea"
"3929","TOTVS","TOTS3.SA","3554672006","6.20151","Brazil"
"3930","Ero Copper","ERO","3554633984","34.08","Canada"
"3931","Kerry Properties","0683.HK","3551092039","2.45474","Hong Kong"
"3932","Sega Sammy Holdings","6460.T","3546847716","17.4718","Japan"
"3933","Pandox AB","PNDX-B.ST","3544444565","18.2137","Sweden"
"3934","Orla Mining","ORLA","3542952192","9.44","Canada"
"3935","Carel Industries","CRL.MI","3541684909","31.4836","Italy"
"3936","ORION","271560.KS","3541508237","89.5931","South Korea"
"3937","Suntec REIT","T82U.SI","3538142932","1.19589","Singapore"
"3938","EQB (Equitable Bank)","EQB.TO","3535193488","99.7681","Canada"
"3939","Vidrala","VID.MC","3535103077","102.921","Spain"
"3940","American States Water","AWR","3534704896","89.18","United States"
"3941","Mitie Group PLC","MTO.L","3533741763","2.83987","United Kingdom"
"3942","TechCreate Group","TCGL","3531553280","172.84","Singapore"
"3943","DOF Group","DOFG.OL","3531498353","14.3394","Norway"
"3944","Ansell","ANN.AX","3531246147","25.0872","Australia"
"3945","Wilh. Wilhelmsen Holding","WWI.OL","3530931672","85.1136","Norway"
"3946","Delhivery","DELHIVERY.NS","3530927286","4.71314","India"
"3947","Warby Parker","WRBY","3522829568","28.5","United States"
"3948","Hilton Grand Vacations","HGV","3522458112","45.32","United States"
"3949","Escorts Kubota","ESCORTS.NS","3522053439","32.0107","India"
"3950","Aehr Test Systems","AEHR","3521703680","107.96","United States"
"3951","Plus500","PLUS.L","3521032726","51.3246","Israel"
"3952","Life360","LIF","3519137024","43.19","United States"
"3953","Topaz Energy","TPZ.TO","3516076421","22.7062","Canada"
"3954","First Capital REIT","FCR-UN.TO","3513824036","16.5314","Canada"
"3955","National Bank of Fujairah","NBF.AE","3512963666","1.36","United Arab Emirates"
"3956","Astronics Corporation","ATRO","3512550144","81.67","United States"
"3957","Highwoods Properties","HIW","3511021568","31.26","United States"
"3958","Takasago Thermal Engineering","1969.T","3506817510","26.7977","Japan"
"3959","Hangzhou EZVIZ Network","688475.SS","3505989199","4.45205","China"
"3960","Stride (K12 Education)","LRN","3498092032","84.17","United States"
"3961","Option Care Health","OPCH","3497485568","23.35","United States"
"3962","HNI Corporation","HNI","3492877312","48.39","United States"
"3963","Kinaxis","KXS.TO","3490602583","128.388","Canada"
"3964","Lisi S.A.","FII.PA","3482165507","76.1682","France"
"3965","Wesdome Gold Mines","WDO.TO","3480877997","24.2499","Canada"
"3966","SmartCentres REIT","SRU-UN.TO","3478686839","20.4015","Canada"
"3967","Mr D.I.Y. Group","5296.KL","3476249192","0.366791","Malaysia"
"3968","Apex Investment","APEX.AE","3473280951","0.98","United Arab Emirates"
"3969","Sino-American Silicon Products","5483.TWO","3464607426","5.64111","Taiwan"
"3970","Steve Madden","SHOO","3464203776","47.34","United States"
"3971","KB Home","KBH","3457868800","56.4","United States"
"3972","Kuraray Co., Ltd.","3405.T","3455283023","11.468","Japan"
"3973","First Financial Bank","FFBC","3454528000","32.91","United States"
"3974","Opendoor","OPEN","3453757184","3.58","United States"
"3975","Harmonic Drive Systems","6324.T","3452550909","36.4706","Japan"
"3976","Braze","BRZE","3452160768","30.65","United States"
"3977","Tata Investment Corporation","TATAINVEST.NS","3452093518","6.82295","India"
"3978","The a2 Milk Company","A2M.AX","3451828745","4.75835","New Zealand"
"3979","JGC Holdings","1963.T","3450503788","14.2538","Japan"
"3980","CRISIL","CRISIL.NS","3449086856","47.1638","India"
"3981","Serco Group","SRP.L","3448444558","3.54235","United Kingdom"
"3982","Keppel REIT","K71U.SI","3447906673","0.692357","Singapore"
"3983","Nichirei Corporation","2871.T","3446532773","13.7522","Japan"
"3984","TowneBank","TOWN","3446061312","37.28","United States"
"3985","Lionsgate Studios","LION","3445741056","11.58","United States"
"3986","Jubilant FoodWorks","JUBLFOOD.NS","3445574006","5.23903","India"
"3987","PPB Group Berhad","4065.KL","3444685121","2.42379","Malaysia"
"3988","Daiwa House REIT Investment Corporation","8984.T","3443182863","758.436","Japan"
"3989","Fortuna Mining","FSM","3441984256","11.63","Canada"
"3990","Azelis Group","AZE.BR","3440294555","14.1355","Belgium"
"3991","WisdomTree","WT","3439325184","22.7","United States"
"3992","Nordic Semiconductor","NOD.OL","3439192224","17.3876","Norway"
"3993","Atlanta Braves Holdings, Inc.","BATRK","3436832512","53.56","United States"
"3994","NMI Holdings","NMIH","3434446848","45.66","United States"
"3995","Munters Group AB","MTRS.ST","3429262007","18.7862","Sweden"
"3996","Trigano","TRI.PA","3426669134","179.673","France"
"3997","United States Lime &amp; Minerals","USLM","3426538240","119.44","United States"
"3998","NSK Ltd.","6471.T","3424049174","6.99755","Japan"
"3999","Magnite","MGNI","3420666368","23.85","United States"
"4000","Zealand Pharma","ZEAL.CO","3420227055","50.2133","Denmark"
"4001","Karur Vysya Bank","KARURVYSYA.NS","3420182510","3.53812","India"
"4002","Golub Capital","GBDC","3419611392","13.17","United States"
"4003","Curbline Properties","CURB","3417708288","29.97","United States"
"4004","Comet Holding","COTN.SW","3414498204","439.445","Switzerland"
"4005","Qatar Fuel Company (WOQOD)","QFLS.QA","3414339699","3.43407","Qatar"
"4006","Paramount Resources","POU.TO","3411170965","23.3802","Canada"
"4007","NewAmsterdam Pharma Company","NAMS","3410395392","28.53","Netherlands"
"4008","Freshworks","FRSH","3410234368","13.07","United States"
"4009","Csquare, Inc.","CSQR","3407665152","20.45","United States"
"4010","Mouwasat Medical Services Company","4002.SR","3403824666","17.0191","Saudi Arabia"
"4011","NCR Atleos Corporation","NATL","3403693056","46.06","United States"
"4012","Pony AI","PONY","3401458432","7.83","China"
"4013","Tikehau Capital","TKO.PA","3399520873","19.7196","France"
"4014","Seacoast Banking","SBCF","3399455488","35.11","United States"
"4015","Veracyte","VCYT","3391684608","42.19","United States"
"4016","Advance Auto Parts","AAP","3389294848","56.18","United States"
"4017","Immunome","IMNM","3387452928","29.825","United States"
"4018","National Energy Services Reunited","NESR","3383071744","33.545","United States"
"4019","uniQure","QURE","3382306304","48.76","Netherlands"
"4020","AllianceBernstein","AB","3375738112","36.23","United States"
"4021","Graphic Packaging","GPK","3373116160","11.4","United States"
"4022","Turk Altin Isletmeleri A.S.","TRALT.IS","3373070483","1.05326","Turkey"
"4023","LG Display","LPL","3369999872","3.37","South Korea"
"4024","Star Bulk Carriers","SBLK","3369125632","30.17","Greece"
"4025","Freenet","FNTN.F","3368511677","28.5514","Germany"
"4026","Grupa Kety","KTY.WA","3366263952","341.414","Poland"
"4027","Micronics Japan Co., Ltd.","6871.T","3366200266","86.8226","Japan"
"4028","UCT (Ultra Clean Holdings)","UCTT","3362574848","75.01","United States"
"4029","The Hyakugo Bank","8368.T","3361518828","13.9257","Japan"
"4030","Tomra","TOM.OL","3357865593","11.3556","Norway"
"4031","Versigent","VGNT","3357591552","47.4","Switzerland"
"4032","New Hope Corporation","NHC.AX","3357314832","3.97893","Australia"
"4033","Megaport Limited","MP1.AX","3357172337","13.8515","Australia"
"4034","Jason Furniture (Kuka Home)","603816.SS","3356910158","3.62622","China"
"4035","Nabtesco Corporation","6268.T","3354699501","28.6275","Japan"
"4036","Primary Health Properties","PHP.L","3354415596","1.29265","United Kingdom"
"4037","Alliance Resource Partners","ARLP","3354134784","26.07","United States"
"4038","Pulse Biosciences","PLSE","3353588992","47.02","United States"
"4039","Signet Jewelers","SIG","3352470784","85.24","Bermuda"
"4040","Doosan Robotics","454910.KS","3352404941","51.7187","South Korea"
"4041","Navitas Semiconductor","NVTS","3349829376","12.83","Ireland"
"4042","Paladin Energy","PDN.AX","3348838351","7.45249","Australia"
"4043","Sharjah Islamic Bank","SIB.AE","3347921069","0.78","United Arab Emirates"
"4044","Marui Group","8252.T","3347351284","18.7306","Japan"
"4045","Globe Telecom, Inc.","GTMEY","3343881984","23.12","Philippines"
"4046","Palomar Holdings","PLMR","3339187712","126.88","United States"
"4047","Kenon Holdings","KEN","3338063616","64.06","Singapore"
"4048","Tate &amp; Lyle","TATE.L","3337882277","7.54214","United Kingdom"
"4049","Honeywell Automation India","HONAUT.NS","3337754437","377.26","India"
"4050","BankUnited","BKU","3335806208","46.83","United States"
"4051","FS KKR Capital","FSK","3332664064","12.06","United States"
"4052","Bangkok Expressway and Metro (BEM)","BEM.BK","3331459541","0.222425","Thailand"
"4053","Kyushu Railway Company","9142.T","3331300786","21.6552","Japan"
"4054","Simmons First National","SFNC","3331042816","23.05","United States"
"4055","Meitav Investment House","MTAV.TA","3328914374","39.0688","Israel"
"4056","Sterlite Technologies","STLTECH.NS","3327919211","6.47567","India"
"4057","Arcutis Biotherapeutics","ARQT","3325809152","26.46","United States"
"4058","Exponent","EXPO","3323947008","69.91","United States"
"4059","Community Financial System","CBU","3322168064","63.14","United States"
"4060","Drax Group","DRX.L","3320844653","9.86332","United Kingdom"
"4061","MINISO Group","MNSO","3319326720","11.12","China"
"4062","Port of Tauranga","POT.NZ","3319282991","4.8795","New Zealand"
"4063","Ashland","ASH","3318645504","72.47","United States"
"4064","Dana Incorporated","DAN","3315513344","30.82","United States"
"4065","Aluminium Bahrain (Alba)","ALBH.BH","3314588824","0","Bahrain"
"4066","Lion Corp","4912.T","3313757073","11.976","Japan"
"4067","Assured Guaranty","AGO","3308556032","75.23","Bermuda"
"4068","SYNLAB","SYAB.VI","3307393271","15.049","Germany"
"4069","Baytex Energy","BTE","3307216128","4.73","Canada"
"4070","Dr Lal PathLabs","LALPATHLAB.NS","3306366728","19.7665","India"
"4071","Liftoff Mobile","LFTO","3303657984","19.51","United States"
"4072","GRAIL","GRAL","3303514368","73.96","United States"
"4073","ZIM Integrated Shipping Services","ZIM","3303443968","27.41","Israel"
"4074","Vicat S.A.","VCT.PA","3303086630","74.1822","France"
"4075","CarGurus","CARG","3299281664","37.04","United States"
"4076","Chesapeake Utilities","CPK","3298727424","136.84","United States"
"4077","Dynex Capital","DX","3298235904","13.33","United States"
"4078","Kadokawa","9468.T","3297556675","22.4376","Japan"
"4079","Japan Airport Terminal","9706.T","3295784957","35.5052","Japan"
"4080","MBX Biosciences","MBX","3294150656","68.4","United States"
"4081","Agilysys","AGYS","3291897600","116.71","United States"
"4082","Asyad Shipping Company","ASCO.OM","3287597121","0.631169","Oman"
"4083","GS Yuasa Corporation","6674.T","3287135398","32.7667","Japan"
"4084","Liberty Energy","LBRT","3286675200","20.14","United States"
"4085","GÜBRETAŞ","GUBRF.IS","3286270272","9.83913","Turkey"
"4086","Viva Energy","VEA.AX","3285275858","2.00014","Australia"
"4087","Wingstop Restaurants","WING","3283544064","120.53","United States"
"4088","CASIO","6952.T","3280910504","14.9605","Japan"
"4089","NH Hotel Group","NHH.MC","3280482487","7.53012","Spain"
"4090","Shikun &amp; Binui","SKBN.TA","3279739120","5.62685","Israel"
"4091","Momentum Metropolitan","MTM.JO","3275679100","2.54287","South Africa"
"4092","B&M European Value Retail","BME.L","3275603255","3.25918","Luxembourg"
"4093","Celldex Therapeutics","CLDX","3274681600","41.7","United States"
"4094","Shihlin Electric & Engineering Corp.","1503.TW","3274494068","6.28536","Taiwan"
"4095","Peabody Energy","BTU","3273015040","26.85","United States"
"4096","H.B. Fuller","FUL","3272963840","60.85","United States"
"4097","Ambarella","AMBA","3272127744","74.59","United States"
"4098","Sinch","SINCH.ST","3272120467","4.65733","Sweden"
"4099","Resideo Technologies","REZI","3270792704","21.54","United States"
"4100","Commercial Bank of Kuwait","CBK.KW","3270582164","1657.44","Kuwait"
"4101","HEXPOL AB","HPOL-B.ST","3268195973","9.48852","Sweden"
"4102","Ebro Foods","EBRO.MC","3267842070","21.2383","Spain"
"4103","Wix.com","WIX","3259658496","77.89","Israel"
"4104","Bellway","BWY.L","3258600831","28.9977","United Kingdom"
"4105","First Hawaiian Bank","FHB","3257390592","26.77","United States"
"4106","Endeavour Silver","EXK","3254627840","10.99","Canada"
"4107","United Urban Investment Corporation","8960.T","3252820633","1016.51","Japan"
"4108","Ventia Services Group","VNT.AX","3251156372","3.97537","Australia"
"4109","IPG Photonics","IPGP","3249907712","76.57","United States"
"4110","Workman","7564.T","3249406007","39.8147","Japan"
"4111","TransMedics Group","TMDX","3247688960","93.97","United States"
"4112","Greencoat UK Wind","UKW.L","3247300502","1.50434","United Kingdom"
"4113","TechnoPro Holdings","6028.T","3246446499","31.1589","Japan"
"4114","Meidensha Corporation","6508.T","3245925425","71.553","Japan"
"4115","Allied Gold Corporation","AAUC.TO","3245862643","23.2932","Canada"
"4116","Blue Star","BLUESTARCO.NS","3244848736","15.7829","India"
"4117","Salzgitter","SZG.F","3244605883","59.9883","Germany"
"4118","Amot Investment","AMOT.TA","3243180173","6.56745","Israel"
"4119","Milaha - Qatar Navigation","QNNS.QA","3243064452","2.8544","Qatar"
"4120","Tegna","TGNA","3243011584","20.03","United States"
"4121","Mainova","MNV6.F","3241822481","432.243","Germany"
"4122","Van Lanschot Kempen","VLK.AS","3240719528","76.7523","Netherlands"
"4123","Medacta Group","MOVE.SW","3238879427","162.665","Switzerland"
"4124","Virbac SA","VIRP.PA","3236129472","386.098","France"
"4125","Kansai Paint","4613.T","3232813180","18.2037","Japan"
"4126","Acadian Asset Management","AAMI","3231021312","91.04","United States"
"4127","Royal Unibrew","RBREW.CO","3230763254","67.9911","Denmark"
"4128","PotlatchDeltic","PCH","3230610432","41.73","United States"
"4129","Perpetua Resources","PPTA","3229973504","25.82","United States"
"4130","Siltronic","WAF.F","3228679752","97.8388","Germany"
"4131","İsdemir","ISDMR.IS","3226839091","1.1127","Turkey"
"4132","Breville Group","BRG.AX","3226366883","22.2756","Australia"
"4133","Perfect World Entertainment","002624.SZ","3224380285","1.66208","China"
"4134","DHT Holdings","DHT","3223098880","19.99","Bermuda"
"4135","Tarsus Pharmaceuticals","TARS","3222767360","73.44","United States"
"4136","Nahdi Medical Company","4164.SR","3220050133","24.7696","Saudi Arabia"
"4137","Bilfinger","GBF.F","3219279528","87.1495","Germany"
"4138","YETI Holdings","YETI","3217346560","44.08","United States"
"4139","Restoration Hardware","RH","3216889600","169.97","United States"
"4140","Old Mutual","OMU.JO","3213187000","0.805595","South Africa"
"4141","COSMOS Pharmaceutical","3349.T","3212118666","40.5278","Japan"
"4142","Avista","AVA","3211083520","38.34","United States"
"4143","Carl Zeiss Meditec","AFXA.F","3211019640","36.6822","Germany"
"4144","Mitsubishi Logistics","9301.T","3209460158","9.44575","Japan"
"4145","Cembra Money Bank","CMBN.SW","3207253485","107.359","Switzerland"
"4146","Treasury Wine Estates","TWE.AX","3207189751","3.9647","Australia"
"4147","The Marzetti Company","MZTI","3206224640","116.92","United States"
"4148","Gujarat Gas","GUJGASLTD.NS","3204917451","3.41592","India"
"4149","Hayward Holdings, Inc.","HAYW","3203005696","15.1","United States"
"4150","Aldrees Petroleum and Transport Services","4200.SR","3201406166","32.0141","Saudi Arabia"
"4151","AJ Bell","AJB.L","3196320764","8.12754","United Kingdom"
"4152","TriNet","TNET","3195428608","69.61","United States"
"4153","Predictive Discovery Limited","PDI.AX","3189809666","0.645598","Australia"
"4154","Park Hotels &amp; Resorts","PK","3187185920","15.83","United States"
"4155","Solvay","SOLB.VI","3183160799","30.4673","Belgium"
"4156","SoundHound AI","SOUN","3179826432","7.16","United States"
"4157","New India Assurance","NIACL.NS","3178506051","1.9287","India"
"4158","Neuland Laboratories","NEULANDLAB.NS","3170386864","247.109","India"
"4159","Dexerials Corporation","4980.T","3170330801","18.9262","Japan"
"4160","TORM","TRMD","3170309632","30.97","United Kingdom"
"4161","Elecnor","ENO.MC","3170277659","37.4416","Spain"
"4162","Iwatani Corporation","8088.T","3164684832","13.749","Japan"
"4163","Delek Logistics Partners","DKL","3163824384","54.74","United States"
"4164","CoreCivic","CXW","3163602688","31.99","United States"
"4165","ZF Commercial Vehicle Control Systems India","ZFCVINDIA.NS","3163370748","27.7963","India"
"4166","Hercules Capital","HTGC","3163071488","16.9","United States"
"4167","National Bank of Bahrain","NBB.BH","3161685595","2.33422","Bahrain"
"4168","K+S","SDF.F","3161449547","17.6519","Germany"
"4169","ZPMC (Shanghai Zhenhua Heavy Industries)","600320.SS","3159959630","0.601146","China"
"4170","LIXIL Corporation","5938.T","3157491891","10.979","Japan"
"4171","Garden Reach Shipbuilders & Engineers Limited","GRSE.NS","3156243058","27.5529","India"
"4172","Atkore","ATKR","3155369472","93.43","United States"
"4173","Xanadu Quantum Technologies Limited","XNDU","3154803200","10.37","Canada"
"4174","Schneider Electric Infrastructure","SCHNEIDER.NS","3150160941","13.1749","India"
"4175","Vesta Real Estate","VTMX","3149227776","33.94","Mexico"
"4176","Ethos Technologies","LIFE","3148293120","32.85","United States"
"4177","Teekay Tankers","TNK","3146354944","90.82","Canada"
"4178","CT REIT","CRT-UN.TO","3146254929","13.1613","Canada"
"4179","Group 1 Automotive","GPI","3145917440","263.87","United States"
"4180","Alfamart","AMRT.JK","3144254268","0.0765177","Indonesia"
"4181","Plug Power","PLUG","3143689216","2.25","United States"
"4182","IAC Inc.","IAC","3142127872","42.24","United States"
"4183","Mobimo Holding","MOBN.SW","3139124343","421.677","Switzerland"
"4184","Shake Shack","SHAK","3138808576","73.27","United States"
"4185","El Al Israel Airlines","ELAL.TA","3136824590","5.30099","Israel"
"4186","Sims Limited","SGM.AX","3136649349","16.2325","Australia"
"4187","BIC","BB.PA","3136381884","77.3365","France"
"4188","Comgás","CGAS5.SA","3134738475","23.6547","Brazil"
"4189","Nagase &amp; Co.","8012.T","3134323092","7.68532","Japan"
"4190","Hill &amp; Smith PLC","HILS.L","3127515404","40.0931","United Kingdom"
"4191","Downer EDI Limited","DOW.AX","3126419188","4.74411","Australia"
"4192","Ardagh Metal Packaging","AMBP","3126003968","5.23","Luxembourg"
"4193","ENAV","ENAV.MI","3123281921","5.78037","Italy"
"4194","Becle","CUERVO.MX","3120549833","0.868949","Mexico"
"4195","Power Integrations","POWI","3117171200","55.79","United States"
"4196","Vale Indonesia","INCO.JK","3116618745","0.2957","Indonesia"
"4197","BioArctic AB","BIOA-B.ST","3115367795","35.1128","Sweden"
"4198","DIC Corporation","4631.T","3114792219","32.8866","Japan"
"4199","Asker Healthcare Group AB","ASKER.ST","3114662580","8.1315","Sweden"
"4200","Ambu","AMBU-B.CO","3111759195","11.8893","Denmark"
"4201","Gulfport Energy","GPOR","3111263488","173.14","United States"
"4202","Sprott Inc","SII","3109536768","120.84","Canada"
"4203","Rinnai Corporation","5947.T","3109275888","22.5196","Japan"
"4204","Alumis","ALMS","3105151488","23.99","United States"
"4205","Tootsie Roll Industries","TR","3100476160","41.25","United States"
"4206","Black Stone Minerals","BSM","3100365312","14.59","United States"
"4207","Taseko Mines","TGB","3100217600","8.47","Canada"
"4208","Redwire","RDW","3099908352","12.4","United States"
"4209","Groupe Lagardère","MMB.PA","3098074594","21.6822","France"
"4210","NCsoft","036570.KS","3093971544","158.886","South Korea"
"4211","Golden Agri-Resources","E5H.SI","3093042091","0.243899","Singapore"
"4212","Pinnacle Investment Management Group","PNI.AX","3092397736","12.8337","Australia"
"4213","Provident Financial Services","PFS","3091016192","23.7","United States"
"4214","Acadia Realty Trust","AKR","3087897600","21.18","United States"
"4215","Walliser Kantonalbank","WKBN.SW","3087766102","196.449","Switzerland"
"4216","Columbia Sportswear","COLM","3087717376","60.315","United States"
"4217","California Water Service Group","CWT","3086389504","49.91","United States"
"4218","Disc Medicine","IRON","3083713280","80.32","United States"
"4219","NextNav","NN","3082468864","18.26","United States"
"4220","Alleima AB","ALLEI.ST","3081729828","12.3192","Sweden"
"4221","Société Industrielle et Financière de l'Artois","ARTO.PA","3078714894","11565.4","France"
"4222","ArcBest","ARCB","3078675712","137.74","United States"
"4223","Aktor","AKTR.AT","3076177024","11.7523","Greece"
"4224","Mivne Real Estate (K.D)","MVNE.TA","3071068244","4.24253","Israel"
"4225","Dubai Financial Market (DFM)","DFM.AE","3069766892","0.383924","United Arab Emirates"
"4226","Bank of Hawaii","BOH","3069635328","77.81","United States"
"4227","MGE Energy","MGEE","3069573120","81.24","United States"
"4228","Green Brick Partners","GRBK","3068813056","71.35","United States"
"4229","Intapp","INTA","3067332096","40.09","United States"
"4230","Brighthouse Financial","BHF","3064216064","53.28","United States"
"4231","TISCO Financial Group","TISCO.BK","3061799715","3.82389","Thailand"
"4232","Tokyo Kiraboshi Financial Group","7173.T","3061523644","10.6951","Japan"
"4233","Premium Brands","PBH.TO","3061384378","58.8853","Canada"
"4234","Maximus","MMS","3057693440","58.4","United States"
"4235","TRIAL Holdings","141A.T","3056065205","24.8921","Japan"
"4236","HUGO BOSS","BOSS.DE","3051707791","44.2173","Germany"
"4237","West African Resources","WAF.AX","3048868077","2.66567","Australia"
"4238","SKC Co., Ltd.","011790.KS","3046967909","61.6894","South Korea"
"4239","Grenergy Renovables","GRE.MC","3041676838","108.178","Spain"
"4240","Hakuhodo DY Holdings","2433.T","3037921685","8.46142","Japan"
"4241","Russel Metals","RUS.TO","3037444536","55.3269","Canada"
"4242","Derwent London","DLN.L","3036116704","27.5274","United Kingdom"
"4243","Technogym","TGYM.MI","3033605660","15.222","Italy"
"4244","Adeia","ADEA","3031601408","27.49","United States"
"4245","Outokumpu","OUT1V.HE","3028712053","6.42523","Finland"
"4246","Syrma SGS Technology","SYRMA.NS","3027903916","15.7192","India"
"4247","Clicks Group","CLS.JO","3027008600","12.9442","South Africa"
"4248","Melexis NV","MELE.BR","3026892838","76.8692","Belgium"
"4249","Ionic Digital","IOND","3023212288","67.3","United States"
"4250","Ducommun","DCO","3022371840","200.16","United States"
"4251","ALSO Holding","ALSN.SW","3017393088","236.99","Switzerland"
"4252","Artisan Partners","APAM","3017348352","42.5","United States"
"4253","Baldwin Insurance Group","BWIN","3016521728","31.15","United States"
"4254","NOK Corporation","7240.T","3007837623","18.9357","Japan"
"4255","Viscofan","VIS.MC","3006840203","66.1215","Spain"
"4256","National Beverage","FIZZ","3004948480","32.1","United States"
"4257","NetLink Trust","CJLU.SI","3004698106","0.771034","Singapore"
"4258","Beam Therapeutics","BEAM","3002572288","29.07","United States"
"4259","Banc of California","BANC","3000711936","18.94","United States"
"4260","Dream Industrial REIT","DIR-UN.TO","3000641057","10.1681","Canada"
"4261","Bakkafrost","BAKKA.OL","3000241550","50.6603","Denmark"
"4262","Zai Lab","ZLAB","2999753472","26.72","China"
"4263","Suruga Bank","8358.T","2997519933","17.7242","Japan"
"4264","CleanSpark","CLSK","2997055232","11.67","United States"
"4265","WD-40 Company","WDFC","2995991296","223.23","United States"
"4266","Ferrotec Holdings Corporation","6890.T","2994303589","55.6523","Japan"
"4267","ALTEN","ATE.PA","2991445810","87.6168","France"
"4268","Kamigumi","9364.T","2988721715","30.451","Japan"
"4269","GoTo","GOTO.JK","2988094681","0.00280285","Indonesia"
"4270","Urban Edge Properties","UE","2987811072","21.7","United States"
"4271","Guoco","0053.HK","2987572835","9.07935","Hong Kong"
"4272","CJ Group","001040.KS","2980089483","88.8758","South Korea"
"4273","CBIZ","CBZ","2978036480","54.87","United States"
"4274","Applied Aerospace &amp; Defense","AADX","2977236224","17.27","United States"
"4275","Vodafone Qatar","VFQS.QA","2975157646","0.703846","Qatar"
"4276","Extreme Networks","EXTR","2973882112","22.79","United States"
"4277","Intuitive Machines","LUNR","2971576832","18.52","United States"
"4278","Knowles","KN","2971425280","34.79","United States"
"4279","DXP Enterprises","DXPE","2971378688","191.49","United States"
"4280","Ninety One Group","N91.L","2970397814","2.98418","South Africa"
"4281","Hammerson Plc","HMSO.L","2970061147","5.09162","United Kingdom"
"4282","Japan Petroleum Exploration","1662.T","2964076657","11.5785","Japan"
"4283","FB Financial","FBK","2961704192","59.26","United States"
"4284","Nifco Inc.","7988.T","2958581621","31.7698","Japan"
"4285","North Pacific Bank","8524.T","2957830052","7.90616","Japan"
"4286","BBVA Argentina","BBAR","2957347072","14.48","Argentina"
"4287","National Storage REIT","NSR.AX","2956671487","1.93562","Australia"
"4288","Yamada Holdings","9831.T","2954719155","4.44335","Japan"
"4289","Academy Sports + Outdoors","ASO","2951454208","47.59","United States"
"4290","dormakaba","DOKA.SW","2950460998","70.9468","Switzerland"
"4291","PT XLSMART Telecom Sejahtera Tbk","EXCL.JK","2948461459","0.162005","Indonesia"
"4292","Invincible Investment Corporation","8963.T","2947920918","385.528","Japan"
"4293","Tecan","TECN.SW","2947896481","239.242","Switzerland"
"4294","Bank of Queensland","BOQ.AX","2946036214","4.48075","Australia"
"4295","Krungthai Card","KTC.BK","2945993988","1.1426","Thailand"
"4296","Imax Corp","IMAX","2945569792","53.71","Canada"
"4297","Central Bank of India","CENTRALBK.NS","2944874853","0.32535","India"
"4298","DigitalBridge Group","DBRG","2943298560","15.92","United States"
"4299","CDSL","CDSL.NS","2942585888","14.0794","India"
"4300","Mitsubishi Motors","7211.T","2942139728","2.19833","Japan"
"4301","Bandhan Bank","BANDHANBNK.NS","2935887037","1.82227","India"
"4302","Craftsman Automation","CRAFTSMAN.NS","2935110815","112.222","India"
"4303","Acer","2353.TW","2933461774","0.975801","Taiwan"
"4304","Stadler Rail","SRAIL.SW","2932853089","29.3297","Switzerland"
"4305","Piramal Pharma","PPLPHARMA.NS","2931169126","2.21217","India"
"4306","Jungheinrich","JUN3.F","2928925287","28.715","Germany"
"4307","Upstart","UPST","2928774144","30.6","United States"
"4308","Kemira","KEMIRA.HE","2927687455","20.222","Finland"
"4309","Asset World Corp","AWC.BK","2927472131","0.0914077","Thailand"
"4310","Veidekke","VEI.OL","2925972274","21.6809","Norway"
"4311","Pennon Group","PNN.L","2924644096","6.1998","United Kingdom"
"4312","Clas Ohlson AB","CLAS-B.ST","2921971090","45.969","Sweden"
"4313","Select Water Solutions","WTTR","2918905600","20.45","United States"
"4314","Astra Industrial Group Company","1212.SR","2916955028","36.4619","Saudi Arabia"
"4315","OVH Groupe","OVH.PA","2916215306","19.2757","France"
"4316","Unibel S.A.","UNBL.PA","2915692559","1370.66","France"
"4317","Daido Steel","5471.T","2915512057","14.5882","Japan"
"4318","Denison Mines","DNN","2914550784","3.22","Canada"
"4319","Jollibee","JBFCF","2913821696","2.6","Philippines"
"4320","SPS Commerce","SPSC","2907374336","80.76","United States"
"4321","Vector Limited","VCT.NZ","2903897597","2.9039","New Zealand"
"4322","Optima bank","OPTIMA.AT","2903563942","13.1192","Greece"
"4323","DB HiTek","000990.KS","2901897203","68.9344","South Korea"
"4324","Callaway Golf Company","CALY","2901286912","16.14","United States"
"4325","Boise Cascade","BCC","2900517888","83.13","United States"
"4326","Oppein Home Group","603833.SS","2899523084","4.78685","China"
"4327","Röko AB","ROKO-B.ST","2899235511","198.252","Sweden"
"4328","Veeco","VECO","2898767360","47.42","United States"
"4329","TGS ASA","TGS.OL","2895779257","14.7366","Norway"
"4330","Brookdale Senior Living","BKD","2894465024","12.12","United States"
"4331","NOS","NOS.LS","2893212988","5.64486","Portugal"
"4332","Seadrill","SDRL","2893167104","46.26","Bermuda"
"4333","McGrath RentCorp","MGRC","2890288896","118.33","United States"
"4334","Ouster","OUST","2888820224","40.06","United States"
"4335","Digi International","DGII","2887472640","76.09","United States"
"4336","BKV Corporation","BKV","2885875712","26.37","United States"
"4337","Nurix Therapeutics","NRIX","2884092928","27.79","United States"
"4338","Sumitomo Chemical
 India","SUMICHEM.NS","2883787752","5.77745","India"
"4339","Stella-Jones","SJ.TO","2879057566","52.7613","Canada"
"4340","Harley-Davidson","HOG","2878645504","27.66","United States"
"4341","Zeon Corporation","4205.T","2877716503","15.0394","Japan"
"4342","Quaker Houghton","KWR","2874546688","167.05","United States"
"4343","Regencell Bioscience","RGC","2872980480","5.81","Hong Kong"
"4344","Aveanna Healthcare","AVAH","2871771136","13.16","United States"
"4345","Piramal Enterprises","PEL.NS","2868636868","12.7318","India"
"4346","Ebos Group","EBO.NZ","2868405227","13.859","New Zealand"
"4347","LIC Housing Finance","LICHSGFIN.NS","2868292745","5.21448","India"
"4348","Bravida Holding","BRAV.ST","2866895504","14.0579","Sweden"
"4349","Talos Energy","TALO","2866797056","17.17","United States"
"4350","GCL Technology","3800.HK","2864945166","0.0905385","Hong Kong"
"4351","Südzucker","SZU.F","2862382633","14.0187","Germany"
"4352","Mari Petroleum Company","MARI.PK","2861527777","2.38337","Pakistan"
"4353","IIFL Finance","IIFL.NS","2855756314","6.71485","India"
"4354","Megacable Holdings","MEGACPO.MX","2855396708","3.29457","Mexico"
"4355","Altarea","ALTA.PA","2849744129","115.187","France"
"4356","Valiant Holding","VATN.SW","2848007822","180.683","Switzerland"
"4357","Apollo Tyres","APOLLOTYRE.NS","2845998265","4.49902","India"
"4358","Redington India","REDINGTON.NS","2845621962","3.63995","India"
"4359","Taiheiyo Cement","5233.T","2838829260","26.0531","Japan"
"4360","TAG Immobilien","TEG.F","2836264353","14.9065","Germany"
"4361","Seino Holdings","9076.T","2832918433","17.4213","Japan"
"4362","United Natural Foods","UNFI","2831690496","46.79","United States"
"4363","Indian Telephone Industries","ITI.NS","2826919049","2.93599","India"
"4364","Al Rajhi Company for Cooperative Insurance","8230.SR","2825866866","14.1293","Saudi Arabia"
"4365","Visteon","VC","2825828864","105.86","United States"
"4366","DNOW Inc.","DNOW","2822067712","15.61","United States"
"4367","Supernus Pharmaceuticals","SUPN","2821485312","48.54","United States"
"4368","Rémy Cointreau","RCO.PA","2821422634","53.8785","France"
"4369","Cellebrite","CLBT","2818833920","11.24","Israel"
"4370","VGP NV","VGP.BR","2818492989","92.8738","Belgium"
"4371","IHS Towers","IHS","2818380544","8.33","United Kingdom"
"4372","Enea","ENA.WA","2818283137","5.32021","Poland"
"4373","Keio Corporation","9008.T","2818002835","4.868","Japan"
"4374","Fauji Fertilizer Company","FFC.PK","2817544691","1.95796","Pakistan"
"4375","Infleqtion","INFQ","2816963072","12.5","United States"
"4376","Alarm.com","ALRM","2816797440","57.38","United States"
"4377","Frasers Logistics &amp; Industrial Trust","BUOU.SI","2816708047","0.739563","Singapore"
"4378","Tofaş Türk Otomobil Fabrikası","TOASO.IS","2815649947","5.6313","Turkey"
"4379","Meiko Electronics","6787.T","2814716193","109.664","Japan"
"4380","Bird Construction","BDT.TO","2813530247","50.7827","Canada"
"4381","Peab","PEAB-B.ST","2811723733","10.061","Sweden"
"4382","Viridian Therapeutics","VRDN","2809648384","24.8","United States"
"4383","AvePoint","AVPT","2809588736","13.28","United States"
"4384","Elmos Semiconductor","ELG.DE","2809113400","163.084","Germany"
"4385","Patrick Industries","PATK","2808421120","87.44","United States"
"4386","Aozora Bank","8304.T","2806319708","20.2797","Japan"
"4387","International Petroleum","IPCO.TO","2805979564","24.9311","Canada"
"4388","Worthington Enterprises","WOR","2804972544","57.33","United States"
"4389","Dätwyler","DAE.SW","2803588767","164.917","Switzerland"
"4390","Juroku Financial Group","7380.T","2801560942","15.8186","Japan"
"4391","Titan America","TTAM","2800631040","15.19","United States"
"4392","Kalmar Oyj","KALMAR.HE","2798985550","43.8084","Finland"
"4393","Hanwha Engine","082740.KS","2797647159","33.5347","South Korea"
"4394","SELLAS Life Sciences","SLS","2796948224","13.85","United States"
"4395","Grafton Group","GFTU.L","2796511831","14.115","Ireland"
"4396","Crane NXT","CXT","2795176960","48.56","United States"
"4397","Vaudoise Assurances","VAHN.SW","2794085064","958.47","Switzerland"
"4398","Procter &amp; Gamble India","PGHH.NS","2793522678","86.0585","India"
"4399","American Eagle Outfitters","AEO","2793447424","16.67","United States"
"4400","KWS","KWS.F","2791121625","84.5794","Germany"
"4401","Rasan Information Technology Company","8313.SR","2790962065","36.0092","Saudi Arabia"
"4402","Silvercorp Metals","SVM","2789411328","12.61","Canada"
"4403","SIA Engineering Company","S59.SI","2788815363","2.48619","Singapore"
"4404","NETSCOUT","NTCT","2788325376","38.35","United States"
"4405","First Pacific Company","0142.HK","2788161064","0.654172","Hong Kong"
"4406","BIPROGY","8056.T","2787206281","28.8483","Japan"
"4407","Helios Towers","HTWS.L","2781116072","2.73641","United Kingdom"
"4408","Stanley Electric","6923.T","2777835341","22.5638","Japan"
"4409","Central Garden &amp; Pet","CENT","2777233664","44.37","United States"
"4410","Northern Oil and Gas","NOG","2776670208","26.06","United States"
"4411","Boralex","BLX.TO","2773307559","26.9894","Canada"
"4412","Adeka Corporation","4401.T","2770672380","28.5707","Japan"
"4413","The Bancorp, Inc.","TBBK","2769832192","67.91","United States"
"4414","Coface","COFA.PA","2769487830","18.528","France"
"4415","Banque Cantonale de Genève","BCGE.SW","2768010023","38.6641","Switzerland"
"4416","Four Corners Property Trust","FCPT","2766777344","25.21","United States"
"4417","ABM Industries","ABM","2766191360","47.22","United States"
"4418","Shurgard Self Storage","SHUR.BR","2766122746","27.3949","Luxembourg"
"4419","ManpowerGroup","MAN","2763466240","59.42","United States"
"4420","Exxaro Resources","EXX.JO","2763345700","11.8019","South Africa"
"4421","Empresas CMPC","CMPC.SN","2762909817","1.10516","Chile"
"4422","Soleno Therapeutics","SLNO","2762888960","53.01","United States"
"4423","nLIGHT","LASR","2762206720","47.88","United States"
"4424","TODA corp","1860.T","2756156861","9.31009","Japan"
"4425","Santam","SNT.JO","2755348200","25.2238","South Africa"
"4426","National Mobile Telecommunications Company","OOREDOO.KW","2754677556","5496.58","Kuwait"
"4427","Omantel (Oman Telecom)","OTEL.OM","2746753315","3.66234","Oman"
"4428","Privia Health Group","PRVA","2745008128","21.49","United States"
"4429","Fluence Energy","FLNC","2744019712","12.07","United States"
"4430","SpareBank 1","SPOL.OL","2742307415","20.1911","Norway"
"4431","Ahli Bank","ABQK.QA","2741080536","1.07445","Qatar"
"4432","Charoen Pokphand Indonesia","CPIN.JK","2739281391","0.16705","Indonesia"
"4433","Verallia","VRLA.PA","2737585924","21.9509","France"
"4434","Enerjisa Enerji","ENJSA.IS","2734280793","2.31509","Turkey"
"4435","Catena AB","CATE.ST","2732584861","41.1558","Sweden"
"4436","Keller Group","KLR.L","2730743103","40.2156","United Kingdom"
"4437","Y.H. Dimri Construction &amp; Development","DIMRI.TA","2730397581","118.517","Israel"
"4438","MARAFIQ (The Power and Water Utility Company for Jubail and Yanbu)","2083.SR","2729984620","10.9199","Saudi Arabia"
"4439","atai Life Sciences","ATAI","2729564160","7.36","Germany"
"4440","Dialog Group","7277.KL","2726948140","0.483271","Malaysia"
"4441","Gabriel India","GABRIEL.NS","2725006708","15.3755","India"
"4442","Anima Holding","ANIM.MI","2724062186","8.37617","Italy"
"4443","Sundrug","9989.T","2722987333","23.2768","Japan"
"4444","REN (Redes Energéticas Nacionais)","RENE.LS","2719880354","4.10047","Portugal"
"4445","SiriusPoint","SPNT","2715938048","23.38","Bermuda"
"4446","Vietnam Airlines","HVN.VN","2715830665","0.872837","Vietnam"
"4447","WaFd Bank","WAFD","2715596032","36.72","United States"
"4448","SJVN","SJVN.NS","2714732718","0.690808","India"
"4449","Penguin Solutions","PENG","2713300992","52.95","United States"
"4450","Grindr","GRND","2709863680","15.59","United States"
"4451","Anritsu Corporation","6754.T","2707887720","21.1567","Japan"
"4452","AUB Group","AUB.AX","2707845599","20.7275","Australia"
"4453","Ocado","OCDO.L","2705043950","3.2374","United Kingdom"
"4454","Gav-Yam Lands","GVYM.TA","2704859500","12.2615","Israel"
"4455","Toho Gas","9533.T","2702690625","7.59383","Japan"
"4456","Trustmark","TRMK","2700862464","46.51","United States"
"4457","Redefine Properties","RDF.JO","2700190000","0.386959","South Africa"
"4458","MITSUI E&amp;S","7003.T","2697358515","26.7283","Japan"
"4459","Kyndryl","KD","2696590080","12.38","United States"
"4460","Amber Enterprises India","AMBER.NS","2696385916","76.4547","India"
"4461","Eutelsat","ETL.PA","2696189887","2.28914","France"
"4462","DMG Mori","6141.T","2695864268","19.106","Japan"
"4463","CCC S.A.","CCC.WA","2691198839","34.9389","Poland"
"4464","NBT Bancorp","NBTB","2688933120","51.75","United States"
"4465","Appian","APPN","2688183808","37.53","United States"
"4466","Danaos","DAC","2686846720","147.6","Greece"
"4467","Liontown Resources","LTR.AX","2686031024","0.8449","Australia"
"4468","PHINIA","PHIN","2685938176","73.31","United States"
"4469","Construcciones y Auxiliar de Ferrocarriles","CAF.MC","2684675270","78.3879","Spain"
"4470","Colbún","COLBUN.SN","2681896942","0.152935","Chile"
"4471","Trevi Therapeutics","TRVI","2679970560","18.81","United States"
"4472","Mr Price Group","MRP.JO","2678837300","10.4193","South Africa"
"4473","OneSpaWorld","OSW","2678551040","26.39","Bahamas"
"4474","Beacon Financial Corporation","BBT","2677085952","31.94","United States"
"4475","Bank of Bahrain and Kuwait","BBK.BH","2674290746","1.39523","Bahrain"
"4476","Maravai LifeSciences","MRVI","2673982464","7.22","United States"
"4477","Alps Alpine Co., Ltd.","6770.T","2671353809","13.6891","Japan"
"4478","LEW (Lechwerke)","LEC.F","2670770224","75.3505","Germany"
"4479","Dallah Healthcare","4004.SR","2669681095","26.381","Saudi Arabia"
"4480","Coty","COTY","2667813376","3.03","United States"
"4481","First Bancorp","FBNC","2667396096","64.47","United States"
"4482","The Navigator Company","NVG.LS","2666936504","3.75","Portugal"
"4483","EMEIS","EMEIS.PA","2666741214","16.5537","France"
"4484","Sankyu","9065.T","2663814134","53.1221","Japan"
"4485","Customers Bancorp","CUBI","2663725568","78.75","United States"
"4486","Foxconn Technology Co., Ltd.","2354.TW","2662717459","1.88246","Taiwan"
"4487","CGN Mining Company","1164.HK","2660539777","0.35004","Hong Kong"
"4488","H2O America","HTO","2659162624","63.53","United States"
"4489","Jamjoom Pharmaceuticals Factory Company","4015.SR","2654876651","37.9268","Saudi Arabia"
"4490","Pacific Basin Shipping","2343.HK","2654864272","0.515177","Hong Kong"
"4491","Altius Minerals","ALS.TO","2653420221","45.166","Canada"
"4492","Indah Kiat Pulp &amp; Paper","INKP.JK","2652839558","0.484893","Indonesia"
"4493","(DIA) Distribuidora Internacional de Alimentación","DIA.MC","2652323271","45.9696","Spain"
"4494","StubHub Holdings","STUB","2651704320","6.94","United States"
"4495","Alignment Healthcare","ALHC","2651021312","12.78","United States"
"4496","Neogen","NEOG","2649380608","12.15","United States"
"4497","Takara Holdings","2531.T","2649084412","13.8374","Japan"
"4498","Haw Par","H02.SI","2643836250","11.9432","Singapore"
"4499","DO &amp; CO Aktiengesellschaft","DOC.VI","2643215233","240.654","Austria"
"4500","Benchmark Electronics","BHE","2640833280","73.52","United States"
"4501","First Merchants Corporation","FRME","2638915840","42.02","United States"
"4502","Almirall","ALM.MC","2638720280","12.1262","Spain"
"4503","Carmila","CARM.PA","2638500168","19.0421","France"
"4504","John Wiley &amp; Sons","WLY","2638183936","51.97","United States"
"4505","Kotobuki Spirits","2222.T","2637807360","17.0806","Japan"
"4506","Boardwalk Real Estate Investment Trust","BEI-UN.TO","2635315243","46.9198","Canada"
"4507","Sinda Ltd.","SIND","2634340608","16.59","Mexico"
"4508","Bufab AB","BUFAB.ST","2634216943","13.8882","Sweden"
"4509","Corem Property Group AB","CORE-PREF.ST","2633771190","24.3309","Sweden"
"4510","Axogen","AXGN","2630550784","48.93","United States"
"4511","Boyd Group","BYD.TO","2629112280","94.4702","Canada"
"4512","Solaria Energía","SLR.MC","2628745850","19.8189","Spain"
"4513","Metro Brands","METROBRAND.NS","2627352123","9.63935","India"
"4514","SWCC Corporation","5805.T","2626621696","88.6525","Japan"
"4515","Jenoptik","JEN.F","2626533962","45.8879","Germany"
"4516","Slide Insurance","SLDE","2625927424","22.48","United States"
"4517","Newell Brands","NWL","2623543808","6.16","United States"
"4518","Leroy Seafood","LSG.OL","2620437377","4.40058","Norway"
"4519","LCI Industries","LCII","2618349312","107.7","United States"
"4520","KOBAYASHI Pharmaceutical","4967.T","2618297163","35.2212","Japan"
"4521","Bitdeer Technologies Group","BTDR","2617263104","9.63","Singapore"
"4522","Mabuchi Motor","6592.T","2616771281","10.9853","Japan"
"4523","Whirlpool","WHR","2613842944","40.09","United States"
"4524","Euronet Worldwide","EEFT","2612713216","68.62","United States"
"4525","Cohu","COHU","2612608000","55.19","United States"
"4526","Diamondrock Hospitality Company","DRH","2612549376","12.72","United States"
"4527","Nickel Industries Limited","NIC.AX","2611528443","0.601466","Australia"
"4528","Cementir","CEM.MI","2610773813","16.7874","Italy"
"4529","Curaleaf","CURLF","2603643904","9.83","United States"
"4530","CMC Markets Plc","CMCX.L","2603266051","9.6523","United Kingdom"
"4531","Hycroft Mining","HYMC","2599768832","27.9","United States"
"4532","UACJ Corporation","5741.T","2599205239","14.3548","Japan"
"4533","Nektar Therapeutics","NKTR","2597598976","76.08","United States"
"4534","Electra","ELTR.TA","2596906755","33.8955","Israel"
"4535","Meliá Hotels International","MEL.MC","2596890000","11.7874","Spain"
"4536","InvenTrust Properties","IVT","2596681728","33.3","United States"
"4537","Hanon Systems","018880.KS","2594927073","2.52855","South Korea"
"4538","Teradata","TDC","2594700032","27.9","United States"
"4539","Home Product Center","HMPRO.BK","2593747719","0.201097","Thailand"
"4540","CapitaLand Ascott Trust","HMN.SI","2590814270","0.672688","Singapore"
"4541","Sharp Corporation","6753.T","2589294244","3.98778","Japan"
"4542","Autohome","ATHM","2589042176","22.48","China"
"4543","Ströer","SAX.F","2588296355","46.4019","Germany"
"4544","Ultragenyx Pharmaceutical","RARE","2586971904","26.24","United States"
"4545","Hawkins","HWKN","2586844416","123.92","United States"
"4546","Banco di Desio e della Brianza","BDB.MI","2586490299","19.6729","Italy"
"4547","V2X","VVX","2586305536","82.51","United States"
"4548","Basic-Fit","BFIT.AS","2586185252","39.8832","Netherlands"
"4549","Shinsegae","004170.KS","2584871024","294.818","South Korea"
"4550","Dah Sing Banking Group","2356.HK","2583137772","1.83755","Hong Kong"
"4551","Keikyu Corporation","9006.T","2579631566","9.78963","Japan"
"4552","XD Inc.","2400.HK","2579354364","5.42721","China"
"4553","Hesai Group","HSAI","2577132032","16.4","China"
"4554","AWL Agri Business","AWL.NS","2576808021","1.99472","India"
"4555","Bausch Health","BHC","2576794880","6.89","Canada"
"4556","Alfresa Holdings Corporation","2784.T","2576629838","14.6892","Japan"
"4557","Ocular Therapeutix","OCUL","2576093952","11.73","United States"
"4558","Wihlborgs Fastigheter AB","WIHL.ST","2574805632","8.37534","Sweden"
"4559","Gulf Navigation Holding","GULFNAV.AE","2573550148","0.822306","United Arab Emirates"
"4560","KEPCO Engineering & Construction Company","052690.KS","2573383607","67.6432","South Korea"
"4561","BioCryst Pharmaceuticals","BCRX","2573238528","10.07","United States"
"4562","ID Logistics Group","IDL.PA","2566579122","392.523","France"
"4563","Saudi International Petrochemical Company (Sipchem)","2310.SR","2566451718","3.49971","Saudi Arabia"
"4564","Kaiser Aluminum","KALU","2565989888","156.95","United States"
"4565","Webuild S.p.A.","WBD.MI","2562098224","2.59112","Italy"
"4566","Fletcher Building","FBU.NZ","2560099276","2.38024","New Zealand"
"4567","Calix","CALX","2553189632","40.55","United States"
"4568","Precigen","PGEN","2552618496","7.16","United States"
"4569","Asahi India Glass","ASAHIINDIA.NS","2552121045","10.0112","India"
"4570","ACC","ACC.NS","2551739950","13.5885","India"
"4571","Nuvation Bio","NUVB","2549154816","7.26","United States"
"4572","Tiger Brands","TBS.JO","2548896400","17.4355","South Africa"
"4573","Financière Moncey Société anonyme","FMONC.PA","2548153402","136.682","France"
"4574","Acadia Healthcare","ACHC","2547223552","27.36","United States"
"4575","Compagnie Financière Tradition","CFT.SW","2546833758","331.586","Switzerland"
"4576","Pharvaris","PHVS","2546317312","36.27","Netherlands"
"4577","Stock Yards Bancorp","SYBT","2545600768","81.94","United States"
"4578","Fairfax India Holdings","FIH-U.TO","2543446272","18.95","Canada"
"4579","OQ Gas Network Company","OQGN.OM","2542132546","0.587013","Oman"
"4580","Timken India","TIMKEN.NS","2541597213","33.7894","India"
"4581","Zip Co","ZIP.AX","2540797257","2.03929","Australia"
"4582","Lincoln International, Inc.","LCLN","2539657472","24.14","United States"
"4583","Paltac Corporation","8283.T","2536426575","41.8339","Japan"
"4584","Bank Mega","MEGA.JK","2533917320","0.10791","Indonesia"
"4585","Toyota Boshoku Corporation","3116.T","2533052887","14.1781","Japan"
"4586","VusionGroup","VU.PA","2531668318","151.636","France"
"4587","Aktieselskabet Schouw & Co.","SCHO.CO","2530518667","112.488","Denmark"
"4588","Huron Consulting","HURN","2529383168","158.98","United States"
"4589","Deepak Nitrite","DEEPAKNTR.NS","2521639442","18.488","India"
"4590","SES S.A.","SESG.PA","2521219271","6.08645","Luxembourg"
"4591","Fabege AB","FABG.ST","2519631690","8.00958","Sweden"
"4592","Kodiak Sciences","KOD","2518377728","40.07","United States"
"4593","Multiplan Empreendimentos Imobiliários","MULT3.SA","2516945139","5.12568","Brazil"
"4594","Hacksaw AB","HACK.ST","2514094624","8.69339","Sweden"
"4595","Enerflex","EFXT","2511656192","20.57","Canada"
"4596","Helios Technologies","HLIO","2510174976","76.18","United States"
"4597","Uniti","UNIT","2507350528","10.33","United States"
"4598","KCC Corp","002380.KS","2505761104","340.727","South Korea"
"4599","Cosan","CSAN","2504672768","2.54","Brazil"
"4600","CA Immo","BZY.F","2503540019","27.2196","Austria"
"4601","Greggs","GRG.L","2502585286","24.546","United Kingdom"
"4602","Al Ahli Bank of Kuwait","ABK.KW","2498785923","915.011","Kuwait"
"4603","First Busey","BUSE","2497127168","30.24","United States"
"4604","Rakus Co., Ltd.","3923.T","2496890523","7.05119","Japan"
"4605","Aroundtown","AT1.F","2496887758","2.41121","Luxembourg"
"4606","Snowline Gold Corp.","SGD.TO","2495034363","13.241","Canada"
"4607","Sonic Automotive","SAH","2493143296","78.86","United States"
"4608","PENN Entertainment","PENN","2491947776","18.56","United States"
"4609","Técnicas Reunidas","TRE.MC","2491340842","31.9159","Spain"
"4610","TietoEVRY","TIETO.HE","2488317141","22.4065","Finland"
"4611","Kayne Anderson Capital Advisors","KYN","2486152704","14.7","United States"
"4612","Nissui Corporation","1332.T","2485740834","8.19641","Japan"
"4613","Sasa Polyester","SASA.IS","2485684556","0.0473446","Turkey"
"4614","Medical Properties Trust","MPT","2484352000","4.16","United States"
"4615","Hufvudstaden AB","HUFV-A.ST","2484340116","12.7856","Sweden"
"4616","NBCC India","NBCC.NS","2481643643","0.919127","India"
"4617","ReNew Energy Global","RNW","2479015936","6.8","India"
"4618","Philip Morris ČR","TABAK.PR","2477016009","902.247","Czech Republic"
"4619","Fuyo General Lease","8424.T","2473534607","27.4223","Japan"
"4620","Bet Shemesh Engines","BSEN.TA","2472989613","259.003","Israel"
"4621","Wienerberger","WIB.F","2471074973","22.6285","Austria"
"4622","Kalpataru Projects International","KPIL.NS","2469114742","14.4585","India"
"4623","Force Motors","FORCEMOT.NS","2467547410","187.272","India"
"4624","Exail Technologies","EXA.PA","2466449777","145.327","France"
"4625","Alamar Biosciences","ALMR","2466219008","35.54","United States"
"4626","Alpha Metallurgical Resources","AMR","2465059840","194.42","United States"
"4627","Federal Agricultural Mortgage Corporation","AGM","2462918912","226.93","United States"
"4628","NRW Holdings Limited","NWH.AX","2461021430","5.35625","Australia"
"4629","Lumo Kodit Oyj","LUMO.HE","2460948618","9.29322","Finland"
"4630","Maple Leaf Foods","MFI.TO","2459810521","19.7203","Canada"
"4631","Resorttrust","4681.T","2458681657","11.5785","Japan"
"4632","UroGen Pharma","URGN","2458203648","50.29","United States"
"4633","Sunshine Silver Mining & Refining Company","SSMR","2457724928","17.1","United States"
"4634","Merchants Bancorp","MBIN","2457544448","53.5","United States"
"4635","Chicony Electronics","2385.TW","2454513735","3.34695","Taiwan"
"4636","Prestige Consumer Healthcare","PBH","2448315136","51.68","United States"
"4637","nib holdings limited","NHF.AX","2446478137","5.00392","Australia"
"4638","Five9","FIVN","2446448384","32.74","United States"
"4639","Zain Saudi Arabia","7030.SR","2446335587","2.72199","Saudi Arabia"
"4640","Ingevity","NGVT","2446332928","71.16","United States"
"4641","Hub Group","HUBG","2446140416","40","United States"
"4642","Chorus","CNU.NZ","2445053747","5.63523","New Zealand"
"4643","Goosehead Insurance","GSHD","2444148224","68.39","United States"
"4644","Taiba Investments","4090.SR","2442337334","4.88467","Saudi Arabia"
"4645","Cyfrowy Polsat","CPS.WA","2442296262","4.43487","Poland"
"4646","OEM International","OEM-B.ST","2442287989","17.5988","Sweden"
"4647","Butterfly Network","BFLY","2441835264","9.17","United States"
"4648","Barwa Real Estate Company","BRES.QA","2441650004","0.627472","Qatar"
"4649","Kusuri No Aoki Holdings","3549.T","2441126780","25.7061","Japan"
"4650","Immofinanz","IMO1.F","2440336880","17.6869","Austria"
"4651","Rockpoint Gas Storage","RGSI.TO","2439968573","18.4737","Canada"
"4652","Atrium Therapeutics","RNA","2438628096","15.47","United States"
"4653","Blackstone Mortgage Trust","BXMT","2437140224","14.46","United States"
"4654","Pluxee","PLX.PA","2436532767","17.7336","France"
"4655","Kojamo","KOJAMO.HE","2433839402","10.1349","Finland"
"4656","Anant Raj","ANANTRAJ.NS","2433622605","6.76237","India"
"4657","Dunelm Group","DNLM.L","2431494000","12.062","United Kingdom"
"4658","Nippon Shokubai","4114.T","2430851268","16.4496","Japan"
"4659","Österreichische Post","POST.VI","2430632356","35.9813","Austria"
"4660","Genting Malaysia Berhad","4715.KL","2430035585","0.428748","Malaysia"
"4661","Fuji Oil Holdings","2607.T","2426198776","28.2174","Japan"
"4662","Penta-Ocean Construction","1893.T","2425536734","8.97251","Japan"
"4663","Himax Technologies","HIMX","2424520192","13.9","Taiwan"
"4664","Şişecam","SISE.IS","2424091340","0.810073","Turkey"
"4665","Tata Elxsi","TATAELXSI.NS","2423776427","38.9052","India"
"4666","UFP Technologies","UFPT","2423192832","312.84","United States"
"4667","Burgan Bank","BURG.KW","2422202660","618.691","Kuwait"
"4668","AtriCure","ATRC","2421744384","47.61","United States"
"4669","Verbio","VBK.F","2419104132","37.9673","Germany"
"4670","KIOCL","KIOCL.NS","2418486789","3.9794","India"
"4671","Banner Bank","BANR","2417686272","71.14","United States"
"4672","GMO internet group","9449.T","2414937438","25.3149","Japan"
"4673","Iljin Electric","103590.KS","2414506565","50.6427","South Korea"
"4674","DRDGOLD","DRD","2413967616","27.83","South Africa"
"4675","Seven Bank","8410.T","2413614593","2.06645","Japan"
"4676","Hemab Therapeutics Holdings","COAG","2413147904","51.66","United States"
"4677","Bob's Discount Furniture","BOBS","2411176704","18.45","United States"
"4678","FIGS","FIGS","2407372032","14.49","United States"
"4679","Electrolux","ELUX-A.ST","2407166141","2.96636","Sweden"
"4680","Spark New Zealand","SPK.NZ","2406922924","1.27343","New Zealand"
"4681","CareDx","CDNA","2406158592","46.51","United States"
"4682","Payoneer","PAYO","2405840896","7.1","United States"
"4683","Morinaga Milk Industry","2264.T","2403387050","7.44555","Japan"
"4684","Ratch Group","RATCH.BK","2402308016","1.10451","Thailand"
"4685","Maruichi Steel Tube","5463.T","2400808145","10.8434","Japan"
"4686","Peloton","PTON","2400628736","5.47","United States"
"4687","Grindwell Norton","GRINDWELL.NS","2398434215","21.6622","India"
"4688","Big Yellow Group","BYG.L","2398224350","12.2321","United Kingdom"
"4689","Efes Beverage Group","AEFES.IS","2397007301","0.404828","Turkey"
"4690","Doha Bank","DHBK.QA","2396899236","0.773077","Qatar"
"4691","Shikoku Electric Power Company","9507.T","2395562461","11.6573","Japan"
"4692","Chemours","CC","2394438912","15.91","United States"
"4693","Nokian Tyres","TYRES.HE","2387958114","17.3131","Finland"
"4694","Alony Hetz","ALHE.TA","2381389117","10.5247","Israel"
"4695","Thule Group AB","THULE.ST","2380283363","22.0727","Sweden"
"4696","Itaú CorpBanca","ITCLY","2378989568","3.1","Chile"
"4697","Douglas Emmett","DEI","2376772352","11.82","United States"
"4698","Mineralys Therapeutics","MLYS","2375870976","26.95","United States"
"4699","Navios Maritime Partners","NMM","2375729664","83.58","Monaco"
"4700","GeneDx Holdings","WGS","2375365376","79.65","United States"
"4701","Kailera Therapeutics","KLRA","2375072256","18.32","United States"
"4702","Daicel Corporation","4202.T","2374002661","9.29116","Japan"
"4703","Meshek Energy - Renewable Energies","MSKE.TA","2373663366","3.20882","Israel"
"4704","O.Y. Nofar Energy","NOFR.TA","2373523876","59.7958","Israel"
"4705","Odfjell Drilling","0QHX.IL","2368602426","10.0033","United Kingdom"
"4706","Rengo Co., Ltd.","3941.T","2368305622","9.78332","Japan"
"4707","Telesat","TSAT","2367982848","46.09","Canada"
"4708","PagSeguro","PAGS","2367799296","8.59","Brazil"
"4709","Headwater Exploration","HWX.TO","2367634377","9.95797","Canada"
"4710","Tradegate Exchange","T2G.F","2363824132","96.9626","Germany"
"4711","TORIDOLL Holdings Corporation","3397.T","2363561949","26.8797","Japan"
"4712","Sunrun","RUN","2360300288","9.8","United States"
"4713","Metcash","MTS.AX","2360078817","2.14606","Australia"
"4714","Trinity Industries","TRN","2359810304","29.62","United States"
"4715","L1 Group","L1G.AX","2356645622","0.918215","Australia"
"4716","Bank Danamon","BDMN.JK","2355865013","0.241045","Indonesia"
"4717","Investis Holding","IREN.SW","2354614972","184.562","Switzerland"
"4718","Rapport Therapeutics","RAPP","2354294528","49.07","United States"
"4719","Toei Company","9605.T","2353846341","37.6694","Japan"
"4720","Calbee, Inc.","2229.T","2352981882","19.3521","Japan"
"4721","Visional, Inc.","4194.T","2352503028","58.4917","Japan"
"4722","Nojima Corporation","7419.T","2350625035","8.03867","Japan"
"4723","Inter &amp; Co","INTR","2348851712","5.32","Brazil"
"4724","Rathbones Group","RAT.L","2348159297","23.0621","United Kingdom"
"4725","African Rainbow Minerals","ARI.JO","2347940500","11.6945","South Africa"
"4726","OSB Group Plc","OSB.L","2347510880","6.94312","United Kingdom"
"4727","QNB Finans Finansal Kiralama (QNB Finansleasing)","QNBFK.IS","2340117972","0.936047","Turkey"
"4728","Mister Car Wash","MCW","2335151104","7.1","United States"
"4729","ARMOUR Residential REIT","ARR","2332794112","16.48","United States"
"4730","Kennametal","KMT","2330777856","30.58","United States"
"4731","Pakistan Petroleum","PPL.PK","2330183622","0.856381","Pakistan"
"4732","ULVAC, Inc.","6728.T","2329552773","47.3739","Japan"
"4733","Lucky Cement","LUCK.PK","2329061159","1.5898","Pakistan"
"4734","Super Retail Group","SUL.AX","2327544823","10.3068","Australia"
"4735","Proximus","PROX.VI","2326765890","7.2021","Belgium"
"4736","Vera Therapeutics","VERA","2325844224","32.275","United States"
"4737","Harmony Biosciences","HRMY","2325379072","39.93","United States"
"4738","Okinawa Cellular Telephone Company","9436.T","2325189123","25.3022","Japan"
"4739","Bank of N. T. Butterfield & Son","NTB","2322634240","59.06","Bermuda"
"4740","Meitetsu","9048.T","2321625011","11.8372","Japan"
"4741","Kardex Holding","KARN.SW","2321506570","300.93","Switzerland"
"4742","Trump Media &amp; Technology Group","DJT","2320809728","8.35","United States"
"4743","Al Moammar Information Systems","7200.SR","2318755596","77.2919","Saudi Arabia"
"4744","MVV Energie","MVV1.F","2317516993","35.1636","Germany"
"4745","Imerys","NK.PA","2316905254","27.3364","France"
"4746","Prime Focus","PFOCUS.NS","2316564180","2.97463","India"
"4747","Rogers Corporation","ROG","2314598144","129.68","United States"
"4748","AF Gruppen","AFG.OL","2312754017","20.3715","Norway"
"4749","Kaneka Corporation","4118.T","2311210557","38.4834","Japan"
"4750","Lucid Motors","LCID","2310320384","5.92","United States"
"4751","Innospec","IOSP","2309407232","93.76","United States"
"4752","Tokai Carbon","5301.T","2308389951","10.8118","Japan"
"4753","The Andersons, Inc.","ANDE","2306481408","67.73","United States"
"4754","Dermapharm","DMP.F","2306309666","46.5537","Germany"
"4755","Nanobiotix","NBTX","2305973760","45.39","France"
"4756","Hornbach Baumarkt","HBM.HM","2303764320","72.4299","Germany"
"4757","AEON Financial Service","8570.T","2303451097","10.6698","Japan"
"4758","Premier Foods","PFD.L","2302739806","2.67242","United Kingdom"
"4759","Sabeco Brewery (Saigon Beer)","SAB.VN","2302625472","1.79533","Vietnam"
"4760","Voyager Technologies","VOYG","2302334464","38.85","United States"
"4761","KRUK Spólka Akcyjna","KRU.WA","2301737258","117.776","Poland"
"4762","Enterprise Financial Services Corp","EFSC","2301482240","63.59","United States"
"4763","Sanki Engineering","1961.T","2300897416","15.0615","Japan"
"4764","SMA Solar Technology","S92.F","2300496432","66.2967","Germany"
"4765","CSG International","CSGS","2300464128","80.69","United States"
"4766","SoftwareONE","SWON.SW","2296425815","10.6921","Switzerland"
"4767","Watches of Switzerland Group","WOSG.L","2293517337","9.91096","United Kingdom"
"4768","LiveRamp","RAMP","2292578816","37.71","United States"
"4769","Ichor Systems","ICHR","2292573184","61.21","United States"
"4770","GN Store Nord","GN.CO","2292012864","15.7405","Denmark"
"4771","Flywire","FLYW","2291002368","18.83","United States"
"4772","Netcompany Group","NETC.CO","2288992710","51.4632","Denmark"
"4773","Diebold Nixdorf","DBD","2288678912","67.42","United States"
"4774","Doosan Fuel Cell","336260.KS","2287831332","29.0156","South Korea"
"4775","Skyward Specialty Insurance Group","SKWD","2286628864","56.4","United States"
"4776","Bavarian Nordic","BAVA.CO","2285469730","30.1999","Denmark"
"4777","City Union Bank","CUB.NS","2284203285","2.30544","India"
"4778","Aecon Group","ARE.TO","2284152178","33.3309","Canada"
"4779","Centuri Holdings","CTRI","2283784448","22.62","United States"
"4780","ComfortDelGro","C52.SI","2283529287","1.05427","Singapore"
"4781","Cadeler A/S","CDLR","2281539584","23.65","Denmark"
"4782","Samsonite International","1SO.F","2281489628","1.6729","Luxembourg"
"4783","HCI Group","HCI","2276934656","183.05","United States"
"4784","Werner Enterprises","WERN","2275706368","37.96","United States"
"4785","Korea Gas","036460.KS","2275667156","26.0745","South Korea"
"4786","EMSTEEL Building Materials PJSC","EMSTEEL.AE","2275499627","0.33","United Arab Emirates"
"4787","Emaar The Economic City","4220.SR","2273992484","2.57551","Saudi Arabia"
"4788","Interface, Inc.","TILE","2272713984","39.32","United States"
"4789","Saizeriya","7581.T","2272233168","46.2507","Japan"
"4790","Kokuyo","7984.T","2271818410","5.43714","Japan"
"4791","Asana","ASAN","2271566848","9.57","United States"
"4792","Aker Solutions ASA","AKSO.OL","2271420378","4.6732","Norway"
"4793","Vaisala","VAIAS.HE","2268782189","62.2664","Finland"
"4794","nCino","NCNO","2266650624","20.69","United States"
"4795","Hamilton Insurance Group","HG","2266638848","34.4","Bermuda"
"4796","eToro","ETOR","2266522112","28.5","Israel"
"4797","Crombie Real Estate Investment Trust","CRR-UN.TO","2264761262","12.0525","Canada"
"4798","ePlus","PLUS","2262896640","86.53","United States"
"4799","Kumho Petrochemical","011780.KS","2262773194","87.0825","South Korea"
"4800","Tekscend Photomask","429A.T","2260025700","22.7468","Japan"
"4801","Isrotel","ISRO.TA","2259919489","39.9086","Israel"
"4802","Makino Milling Machine","6135.T","2259699848","96.6028","Japan"
"4803","Nippon Electric Glass","5214.T","2259550775","30.6656","Japan"
"4804","Aether Industries","AETHER.NS","2259241654","17.0216","India"
"4805","Monadelphous Group","MND.AX","2258878911","22.4714","Australia"
"4806","Flynas Company","4264.SR","2257943562","13.2158","Saudi Arabia"
"4807","TKH Group","TWEKA.AS","2257919834","56.6121","Netherlands"
"4808","Partner Communications","PTNR.TA","2257741150","12.0297","Israel"
"4809","Shawbrook Group PLC","SHAW.L","2256925968","4.34285","United Kingdom"
"4810","Mitchells &amp; Butlers plc","MAB.L","2254461949","3.79149","United Kingdom"
"4811","Ramco Cements","RAMCOCEM.NS","2254381881","9.54065","India"
"4812","Hysan Development","0014.HK","2253873634","2.1946","Hong Kong"
"4813","Insignia Financial (IOOF)","IFL.AX","2253474331","3.35975","Australia"
"4814","ADMA Biologics","ADMA","2251045888","10.05","United States"
"4815","AMC Entertainment","AMC","2249363712","2.52","United States"
"4816","Husqvarna","HUSQ-A.ST","2249323359","3.93323","Sweden"
"4817","Elekta AB","EKTA-B.ST","2247521648","5.88228","Sweden"
"4818","The Metals Company","TMC","2246372608","3.97","Canada"
"4819","Establishment Labs","ESTA","2245870592","75.36","Costa Rica"
"4820","Western Union","WU","2245528576","7.2","United States"
"4821","Clover Health Investments","CLOV","2241479168","4.22","United States"
"4822","WHA Corporation","WHA.BK","2240659038","0.149909","Thailand"
"4823","Addus HomeCare","ADUS","2240146432","120.02","United States"
"4824","Ceconomy","CEC.DE","2239045965","4.61449","Germany"
"4825","Qatar Aluminium Manufacturing Company","QAMC.QA","2238180085","0.401099","Qatar"
"4826","Monarch Casino &amp; Resort","MCRI","2236909568","124.81","United States"
"4827","RLX Technology","RLX","2236726016","1.83","China"
"4828","Northwest Bancshares","NWBI","2236430848","15.27","United States"
"4829","SSI Securities Corporation","SSI.VN","2235596876","0.744872","Vietnam"
"4830","GOL Airlines","GOLL54.SA","2234758186","1.85711","Brazil"
"4831","Pan Ocean","028670.KS","2231718810","4.1748","South Korea"
"4832","Dai-Dan","1980.T","2231078606","17.2446","Japan"
"4833","Vericel","VCEL","2231072256","43.57","United States"
"4834","Quantinuum Inc.","QNT","2229901824","71.1","United States"
"4835","Energisa S.A.","ENGI3.SA","2229212441","2.28608","Brazil"
"4836","Gelsenwasser","WWG.F","2228752881","648.364","Germany"
"4837","Trulieve Cannabis","TRUL.CN","2227958461","11.5854","United States"
"4838","Netmarble","251270.KS","2227505002","27.1864","South Korea"
"4839","Buckle","BKE","2227127040","43.23","United States"
"4840","Indraprastha Gas","IGL.NS","2226421117","1.5903","India"
"4841","Custom Truck One Source","CTOS","2225004032","9.78","United States"
"4842","Day One Biopharmaceuticals","DAWN","2224784640","21.53","United States"
"4843","Minerals Technologies","MTX","2224461312","71.46","United States"
"4844","Sinfonia Technology","6507.T","2223655750","78.8092","Japan"
"4845","Graubündner Kantonalbank","GRKP.SW","2222781649","3003.04","Switzerland"
"4846","Mesoblast","MESO","2221693952","17.13","Australia"
"4847","AMS-Osram","AMS.SW","2220737659","22.3101","Austria"
"4848","Granules India","GRANULES.NS","2220629912","8.96149","India"
"4849","OYAK Çimento","OYAKC.IS","2218586639","0.456344","Turkey"
"4850","LendingClub","LC","2215891200","19.21","United States"
"4851","Hanwa Co., Ltd.","8078.T","2213688723","11.4838","Japan"
"4852","Capital Tankers Corp.","CAPT.OL","2213535171","16.5569","Greece"
"4853","ZhongAn Insurance","6060.HK","2212910082","1.31345","China"
"4854","Hang Lung Group","0010.HK","2212073851","1.62459","Hong Kong"
"4855","JEOL Ltd.","6951.T","2210061135","45.38","Japan"
"4856","Malaysian Pacific Industries","3867.KL","2207465434","11.0979","Malaysia"
"4857","Pitney Bowes","PBI","2205781504","16.09","United States"
"4858","Saudi Industrial Investment Group","2250.SR","2205472222","3.24668","Saudi Arabia"
"4859","Hilltop Holdings","HTH","2204954368","38.49","United States"
"4860","SPACE42","SPACE42.AE","2204225717","0.46","United Arab Emirates"
"4861","Under Armour","UA","2203568640","5.13","United States"
"4862","create restaurants holdings","3387.T","2202586796","4.88377","Japan"
"4863","HBX Group International plc","HBX.MC","2200636246","9.08294","United Kingdom"
"4864","Dentsply Sirona","XRAY","2198873088","11.03","United States"
"4865","Hatsun Agro Products","HATSUN.NS","2196935461","9.86286","India"
"4866","Cimpress","CMPR","2194618112","90.13","Ireland"
"4867","The Chugoku Electric Power","9504.T","2193977556","6.10156","Japan"
"4868","Compañía Cervecerías Unidas","CCU","2192049664","11.84","Chile"
"4869","Veridis Environment","VRDS.TA","2191868448","14.2771","Israel"
"4870","Aksa Energy","AKSEN.IS","2189419160","1.78533","Turkey"
"4871","Carborundum Universal","CARBORUNIV.NS","2188733621","11.4891","India"
"4872","HUTCHMED","HCM","2188320512","12.59","Hong Kong"
"4873","Vertex","VERX","2187764992","13.52","United States"
"4874","China Railway Materials","000927.SZ","2187688352","0.36158","China"
"4875","Chennai Petroleum","CHENNPETRO.NS","2186008116","14.6799","India"
"4876","Hanmi Pharmaceutical","008930.KS","2185754665","32.2794","South Korea"
"4877","Suzuken Co., Ltd.","9987.T","2184688492","32.2998","Japan"
"4878","Primaris Real Estate Investment Trust","PMZ-UN.TO","2183953723","15.8429","Canada"
"4879","New World Development Company","0017.HK","2183821554","0.867767","Hong Kong"
"4880","StoneCo","STNE","2183740672","9.47","Brazil"
"4881","Driven Brands","DRVN","2182682880","13.23","United States"
"4882","OFG Bancorp","OFG","2181322240","51.61","United States"
"4883","MFE-Mediaforeurope","MFEA.MI","2180622937","3.11682","Italy"
"4884","Bossard Holding","BOSN.SW","2179202644","282.786","Switzerland"
"4885","Currys plc","CURY.L","2179139836","2.1265","United Kingdom"
"4886","Gudang Garam","GGRM.JK","2178742134","1.13235","Indonesia"
"4887","Generate Biomedicines","GENB","2178140672","16.97","United States"
"4888","Com7 Public Company","COM7.BK","2173077034","0.921694","Thailand"
"4889","LTC Properties","LTC","2172933376","40.31","United States"
"4890","Per Aarsleff Holding A/S B","PAAL-B.CO","2172368645","115.3","Denmark"
"4891","NeoGenomics","NEO","2168677120","16.655","United States"
"4892","Mitsui Fudosan Logistics Park","3471.T","2167675530","673.254","Japan"
"4893","Magellan Financial Group","MFG.AX","2167118880","7.40622","Australia"
"4894","Extendicare","EXE.TO","2162274615","22.7497","Canada"
"4895","Iluka Resources","ILU.AX","2162267106","5.01459","Australia"
"4896","Money Forward","3994.T","2161430166","38.9692","Japan"
"4897","Palvella Therapeutics","PVLA","2160684800","149.96","United States"
"4898","Argan SA","ARG.PA","2160415087","83.8785","France"
"4899","UBE Corporation","4208.T","2160077549","22.2357","Japan"
"4900","Innodata","INOD","2158542848","62.78","United States"
"4901","Genius Sports","GENI","2157161472","7.77","United Kingdom"
"4902","Ito En, Ltd.","2593.T","2155060954","18.7022","Japan"
"4903","Ora Banda Mining","OBM.AX","2154185859","1.11752","Australia"
"4904","Aurinia Pharmaceuticals","AUPH","2151437312","16.17","Canada"
"4905","Expro Group","XPRO","2149989376","18.96","United States"
"4906","Encore Capital Group","ECPG","2147660544","101.26","United States"
"4907","HawkEye 360","HAWK","2146425216","21.91","United States"
"4908","iFAST Corporation","AIY.SI","2146050997","7.04159","Singapore"
"4909","Alkami Technology","ALKT","2140978560","20.02","United States"
"4910","Bure Equity AB","BURE.ST","2140480352","28.7306","Sweden"
"4911","CJ Cheiljedang Corporation","097950.KS","2137834331","133.421","South Korea"
"4912","Socionext","6526.T","2137416136","12.1937","Japan"
"4913","Nisshinbo Holdings","3105.T","2136668082","13.6765","Japan"
"4914","Kohl's","KSS","2136455808","18.84","United States"
"4915","Fuso Chemical","4368.T","2136167725","20.1913","Japan"
"4916","Biohaven","BHVN","2135759104","14.14","United States"
"4917","Allegiant Travel Company","ALGT","2134258560","78.07","United States"
"4918","Dr. Soliman Abdel Kader Fakeeh","4017.SR","2134235277","9.27928","Saudi Arabia"
"4919","Olin Corporation","OLN","2132612224","18.71","United States"
"4920","Universal Robina Corporation","UVRBF","2132166400","1","Philippines"
"4921","NW Natural Holdings","NWN","2132037632","50.65","United States"
"4922","momo.com Inc.","8454.TW","2131793599","8.04525","Taiwan"
"4923","Muangthai Capital","MTC.BK","2131627061","1.00548","Thailand"
"4924","Stoke Therapeutics","STOK","2131301632","33.03","United States"
"4925","TAV Airports Holding","TAVHL.IS","2130985105","5.86594","Turkey"
"4926","Pediatrix Medical Group","MD","2130460800","26.22","United States"
"4927","Stagwell","STGW","2129381248","8.71","United States"
"4928","Migros Ticaret A.S.","MGROS.IS","2128355603","11.9509","Turkey"
"4929","First Commonwealth Financial Corp","FCF","2128237824","21.06","United States"
"4930","Genting Berhad","3182.KL","2128075612","0.552664","Malaysia"
"4931","Coats Group","COA.L","2127659627","1.11158","United Kingdom"
"4932","NV Bekaert","BEKB.BR","2125870041","44.2173","Belgium"
"4933","Preformed Line Products","PLPC","2125313792","434.74","United States"
"4934","Takeuchi Mfg. Co., Ltd.","6432.T","2124797218","45.9983","Japan"
"4935","Signify","LIGHT.AS","2123726639","17.8738","Netherlands"
"4936","Dorian LPG","LPG","2123304448","49.63","United States"
"4937","Solvac","SOLV.BR","2122520658","99.2991","Belgium"
"4938","American Axle &amp; Manufacturing","AXL","2121012480","9","United States"
"4939","Novocure","NVCR","2119314432","18.2","Jersey"
"4940","Caisse Régionale de Crédit Agricole Mutuel du Languedoc","CRLA.PA","2119225106","107.477","France"
"4941","Bangchak Corporation","BCP.BK","2117342729","1.44729","Thailand"
"4942","Mach Natural Resources LP","MNR","2108554496","12.63","United States"
"4943","CIMC Enric","3899.HK","2106425295","0.997836","China"
"4944","The Bank of Nagoya","8522.T","2104661368","42.7803","Japan"
"4945","OPmobility","OPM.PA","2103956471","14.7196","France"
"4946","First National Financial","FN.TO","2103105189","35.0708","Canada"
"4947","Oxford Instruments","OXIG.L","2102231969","38.228","United Kingdom"
"4948","Teijin Limited","3401.T","2102204450","10.897","Japan"
"4949","SSP Group","SSPG.L","2101326869","2.7718","United Kingdom"
"4950","Finolex Cables","FINCABLES.NS","2100573894","13.7347","India"
"4951","Neuren Pharmaceuticals","NEU.AX","2098010539","16.5492","Australia"
"4952","Stewart Information Services","STC","2098004992","68.9","United States"
"4953","Badger Infrastructure Solutions","BDGI.TO","2096953054","62.2989","Canada"
"4954","Agios Pharmaceuticals","AGIO","2096729984","35.12","United States"
"4955","Vincom Retail Joint Stock Company","VRE.VN","2096202718","0.922495","Vietnam"
"4956","NGL Energy Partners","NGL","2096175872","16.93","United States"
"4957","Blackbaud","BLKB","2095206784","46.16","United States"
"4958","Genesis Energy","GNE.NZ","2095123309","1.60071","New Zealand"
"4959","Taysha Gene Therapies","TSHA","2095109632","6.43","United States"
"4960","Burckhardt Compression","BCHN.SW","2094906413","621.254","Switzerland"
"4961","Bodycote","BOY.L","2094207180","12.3547","United Kingdom"
"4962","Sendas Distribuidora (Assaí Atacadista)","ASAI3.SA","2092593514","1.56344","Brazil"
"4963","Grupo Aeromexico","AERO","2090795776","14.33","Mexico"
"4964","Kosé","4922.T","2090489482","36.8365","Japan"
"4965","Clarkson PLC","CKN.L","2090320165","68.0426","United Kingdom"
"4966","Freehold Royalties","FRU.TO","2090203136","12.7482","Canada"
"4967","Saudi Kayan Petrochemical Company","2350.SR","2089436982","1.39296","Saudi Arabia"
"4968","Lindblad Expeditions","LIND","2088018432","31.82","United States"
"4969","H&amp;R REIT","HR-UN.TO","2086685038","7.45036","Canada"
"4970","Global Net Lease","GNL","2084173952","9.01","United States"
"4971","Sarepta Therapeutics","SRPT","2084021120","19.73","United States"
"4972","Melco Resorts &amp; Entertainment","MLCO","2083737472","5.48","Hong Kong"
"4973","Genus","GNS.L","2081346886","31.3393","United Kingdom"
"4974","Brightstar Lottery","BRSL","2079607936","11.38","United Kingdom"
"4975","Elgi Equipments","ELGIEQUIP.NS","2079593482","6.59683","India"
"4976","Electricity Generating Public Company","EGCO.BK","2077307012","3.94576","Thailand"
"4977","Sunstone Hotel Investors","SHO","2076993792","11.17","United States"
"4978","Hammond Power Solutions","HPS-A.TO","2074690627","174.272","Canada"
"4979","Atea ASA","ATEA.OL","2073872935","18.5898","Norway"
"4980","Gorman-Rupp","GRC","2073732224","78.52","United States"
"4981","Pebblebrook Hotel Trust","PEB","2067989248","18.39","United States"
"4982","Midera Food Processing","MFP","2066758784","45.71","United States"
"4983","1st Source","SRCE","2062944768","85.71","United States"
"4984","Arabian Drilling Company","2381.SR","2062270272","23.1716","Saudi Arabia"
"4985","Mayora","MYOR.JK","2062030494","0.0936151","Indonesia"
"4986","Shriram Pistons &amp; Rings","SHRIPISTON.NS","2061038592","46.7888","India"
"4987","DoubleVerify","DV","2059784960","13.29","United States"
"4988","Kardigan, Inc.","KARD","2058016384","22.01","United States"
"4989","Entra","ENTRA.OL","2055751673","11.2912","Norway"
"4990","The Ogaki Kyoritsu Bank","8361.T","2055668777","50.0366","Japan"
"4991","Ternium Argentina","TXAR.BA","2054870292","0.45491","Argentina"
"4992","Activia Properties","3279.T","2054185694","864.441","Japan"
"4993","Innovex International","INVX","2054115968","29.42","United States"
"4994","United Parks &amp; Resorts","PRKS","2053961216","45.3","United States"
"4995","Metaplanet Inc.","3350.T","2053492018","1.60269","Japan"
"4996","P3 Health Partners","PIII","2052654208","10.27","United States"
"4997","C.Uyemura & Co.,Ltd.","4966.T","2052434858","128.53","Japan"
"4998","SHB (Saigon - Hanoi Commercial Joint Stock Bank)","SHB.VN","2051085792","0.439283","Vietnam"
"4999","Septerna","SEPN","2050518400","43.93","United States"
"5000","OC Oerlikon","OERL.SW","2050388377","6.28136","Switzerland"
"5001","Getty Realty","GTY","2049353088","33.09","United States"
"5002","Braveheart Bio","BRVE","2046812672","28.97","United States"
"5003","Select Medical Holdings","SEM","2046298112","16.51","United States"
"5004","Xencor","XNCR","2046205568","27.52","United States"
"5005","GH Research","GHRS","2045540096","29.8","Ireland"
"5006","Arion banki","ARION.IC","2045402087","1.52616","Iceland"
"5007","Montana Aerospace","AERO.SW","2043770156","32.5955","Switzerland"
"5008","Perdoceo Education","PRDO","2043766656","32.66","United States"
"5009","Spectrum Brands","SPB","2041778944","88.79","United States"
"5010","HBM Healthcare Investments","HBMN.SW","2041730171","312.817","Switzerland"
"5011","Horace Mann Educators","HMN","2040848128","50.39","United States"
"5012","AddLife AB","ALIF-B.ST","2038722713","16.7295","Sweden"
"5013","Kangwon Land","035250.KS","2038691666","10.2864","South Korea"
"5014","NFI Group","NFI.TO","2038074165","17.1112","Canada"
"5015","Zenas BioPharma","ZBIO","2036772608","31.25","United States"
"5016","Atul","ATUL.NS","2033705514","69.0755","India"
"5017","Magnit","MGNT.ME","2029468472","19.7","Russia"
"5018","GFH Financial Group","GFH.AE","2024514508","0.53","Bahrain"
"5019","Hawaiian Electric Industries","HE","2022644864","11.71","United States"
"5020","Natura Cosméticos S.A.","NATU3.SA","2022179023","1.47249","Brazil"
"5021","I.B.I. Investment House","IBI.TA","2020601626","143.04","Israel"
"5022","Nankai Electric Railway","9044.T","2020158944","18.6707","Japan"
"5023","Bladex","BLX","2019738752","54.25","Panama"
"5024","Cenomi Centers (Arabian Centres Company)","4321.SR","2019050824","4.25079","Saudi Arabia"
"5025","ARE Holdings","5857.T","2017324277","23.4724","Japan"
"5026","Aux Electric Co., Ltd.","2580.HK","2017200238","1.27009","China"
"5027","Savola Group","2050.SR","2016545916","6.797","Saudi Arabia"
"5028","Century Communities","CCS","2014735488","70.86","United States"
"5029","National Bank of Oman","NBOB.OM","2014484235","1.23896","Oman"
"5030","Thermon Group","THR","2013932928","61.14","United States"
"5031","Planisware","PLNW.PA","2012947126","29.0888","France"
"5032","Keihan Holdings","9045.T","2011845783","19.9389","Japan"
"5033","City Holding Company","CHCO","2011266816","143.2","United States"
"5034","Caisse Régionale de Crédit Agricole Mutuel Nord de France","CNDF.PA","2009727238","34.7547","France"
"5035","Youdao","DAO","2008566528","16.65","China"
"5036","Aarti Industries","AARTIIND.NS","2007550288","5.53461","India"
"5037","Keel Infrastructure","KEEL","2007112832","3.25","United States"
"5038","Konica Minolta","4902.T","2006868885","4.06098","Japan"
"5039","Fukuda Denshi","6960.T","2006366461","74.2662","Japan"
"5040","SolarEdge","SEDG","2005739264","32.6","Israel"
"5041","Netstreit","NTST","2005221632","20.53","United States"
"5042","Paragon Banking Group","PAG.L","2004842602","11.0137","United Kingdom"
"5043","Kajaria Ceramics","KAJARIACER.NS","2004684803","12.7571","India"
"5044","Kitron ASA","KIT.OL","2004644217","9.16608","Norway"
"5045","Ashmore Group","ASHM.L","2003892718","3.0822","United Kingdom"
"5046","Berli Jucker (BJC)","BJC.BK","2002677192","0.499695","Thailand"
"5047","Stellar Bancorp","STEL","2002201728","39.32","United States"
"5048","Turpaz Industries","TRPZ.TA","2001259212","18.3788","Israel"
"5049","AQ Group","AQ.ST","1999508382","21.7971","Sweden"
"5050","Ezaki Glico Co., Ltd.","2206.T","1997666660","32.5837","Japan"
"5051","WeRide","WRD","1996763776","6.07","China"
"5052","Sekisui House Reit","3309.T","1996048771","463.769","Japan"
"5053","Lojas Renner","LREN3.SA","1995053257","2.0762","Brazil"
"5054","Namura Shipbuilding","7014.T","1994410826","28.678","Japan"
"5055","Gränges","GRNG.ST","1993795664","18.7226","Sweden"
"5056","Savills","SVS.L","1988106620","14.3491","United Kingdom"
"5057","Lotte Shopping","023530.KS","1987348424","70.2973","South Korea"
"5058","Batelco (Bahrain Telecommunication Company)","BEYON.BH","1985251968","1.47215","Bahrain"
"5059","Etablissements Maurel &amp; Prom","MAU.PA","1984811500","9.94743","France"
"5060","Insperity","NSP","1980806784","51.86","United States"
"5061","Blue Bird Corporation","BLBD","1980386048","62.52","United States"
"5062","HBL","HBLENGINE.NS","1978867891","7.1389","India"
"5063","Embla Medical","EMBLA.CO","1978359964","4.64794","Iceland"
"5064","Chagee","CHA","1978215680","10.37","China"
"5065","Stolt-Nielsen Limited","0OHK.L","1978140322","32.8984","United Kingdom"
"5066","Polestar","PSNY","1977938688","13.65","Sweden"
"5067","Alamo Group","ALG","1976199552","162.37","United States"
"5068","Vimian Group","VIMIAN.ST","1973177466","3.7371","Sweden"
"5069","SeABank (Southeast Asia Commercial Joint Stock Bank)","SSB.VN","1971176763","0.574888","Vietnam"
"5070","Kuwait Telecommunications Company","STC.KW","1970659837","1973.3","Kuwait"
"5071","Mizuno Corporation","8022.T","1970026904","25.9017","Japan"
"5072","The Keiyo Bank","8544.T","1968358979","16.6515","Japan"
"5073","Genesis Energy  L.P.","GEL","1967650560","16.1","United States"
"5074","PC Connection","CNXN","1967309824","77.95","United States"
"5075","BillerudKorsnäs","BILL.ST","1965656115","7.90357","Sweden"
"5076","EIH Limited","EIHOTEL.NS","1964407675","3.14122","India"
"5077","Parex Resources","PXT.TO","1964313398","20.4233","Canada"
"5078","Protolabs","PRLB","1963509248","82.08","United States"
"5079","TOMY Company","7867.T","1963458996","22.8351","Japan"
"5080","TV Asahi Holdings Corporation","9409.T","1960238724","19.4972","Japan"
"5081","Sun TV Network","SUNTV.NS","1959453784","4.97217","India"
"5082","Hotel Properties Limited","H15.SI","1958901837","3.68995","Singapore"
"5083","Progyny","PGNY","1958835200","25.53","United States"
"5084","Astrana Health","ASTH","1954412160","39.4","United States"
"5085","ASBISc Enterprises","ASB.WA","1953452884","35.1973","Cyprus"
"5086","DAIHEN Corporation","6622.T","1951296601","82.6582","Japan"
"5087","Arteche Lantegi Elkartea, S.A.","ART.MC","1951173070","33.6449","Spain"
"5088","Sonida Senior Living","SNDA","1950748416","40.6","United States"
"5089","Boston Beer Company","SAM","1947417728","187.01","United States"
"5090","The Kiyo Bank","8370.T","1946818614","30.2239","Japan"
"5091","Gestamp Automoción","GEST.MC","1946678864","3.4229","Spain"
"5092","Castrol India","CASTROLIND.NS","1944813716","1.9662","India"
"5093","The Sumitomo Warehouse Co., Ltd.","9303.T","1944233092","25.6808","Japan"
"5094","Veris Residential","VRE","1943780352","18.99","United States"
"5095","Nippon Kayaku","4272.T","1942007124","13.0928","Japan"
"5096","DNO ASA","DNO.OL","1941217715","1.99099","Norway"
"5097","COMPASS Pathways","CMPS","1940060160","14.01","United Kingdom"
"5098","ATS Corporation","ATS","1939968768","19.77","Canada"
"5099","Perrigo","PRGO","1937218688","13.96","Ireland"
"5100","VNET Group","VNET","1935903232","6.8","China"
"5101","MIRAIT ONE Corporation","1417.T","1934902263","22.0085","Japan"
"5102","Central Puerto","CEPU","1934822400","12.9","Argentina"
"5103","Porch Group","PRCH","1934378240","17.04","United States"
"5104","Fortress REIT","FFB.JO","1934332400","1.51119","South Africa"
"5105","Bic Camera Inc.","3048.T","1933136127","11.2882","Japan"
"5106","Kimbell Royalty Partners","KRP","1932808448","15.04","United States"
"5107","Zymeworks","ZYME","1930800896","27.21","Canada"
"5108","National Industries Group Holding","NIND.KW","1930791650","771.736","Kuwait"
"5109","Forvia SE","FRVIA.PA","1930018827","10.4766","France"
"5110","Vivendi","VIV.PA","1928337481","1.93575","France"
"5111","BWP Trust","BWP.AX","1927979995","2.65143","Australia"
"5112","Yuexiu Property","0123.HK","1927494125","0.478834","Hong Kong"
"5113","Chalet Hotels","CHALET.NS","1926260024","8.79594","India"
"5114","Dah Sing Financial","0440.HK","1925934354","6.02655","Hong Kong"
"5115","Sonos","SONO","1925826048","16.28","United States"
"5116","Standard Nuclear","STDN","1923262208","11.97","United States"
"5117","Lakefront Biotherapeutics","LKFT","1922630016","29.36","Belgium"
"5118","Al Masane Al Kobra Mining Company","1322.SR","1921831508","21.3871","Saudi Arabia"
"5119","Xenia Hotels &amp; Resorts","XHR","1921187200","19.42","United States"
"5120","Yellow Cake plc","YCA.L","1920960726","7.64424","Jersey"
"5121","Idorsia","IDIA.SW","1920725091","7.24484","Switzerland"
"5122","Kyoritsu Maintenance Co., Ltd.","9616.T","1920102657","21.1189","Japan"
"5123","Resolute Mining","RSG.AX","1920009355","0.898285","Australia"
"5124","Vermilion Energy","VET","1919168128","12.56","Canada"
"5125","LeMaitre Vascular","LMAT","1918044544","83.87","United States"
"5126","Bayer Crop Science","BAYERCROP.NS","1916245630","42.6381","India"
"5127","Íslandsbanki","ISB.IC","1916067702","1.16053","Iceland"
"5128","TX Group","TXGN.SW","1915322500","186.439","Switzerland"
"5129","Winpak","WPK.TO","1914885619","32.6424","Canada"
"5130","KSB SE &amp; Co. KGaA","KSB.DE","1910910491","1091.12","Germany"
"5131","Fagron","FAGR.BR","1910785033","26.0514","Belgium"
"5132","PDF Solutions","PDFS","1909514752","45.22","United States"
"5133","MasterBrand","MBC","1908740864","9.38","United States"
"5134","SmartStop Self Storage REIT","SMA","1908012416","34.46","United States"
"5135","Hamburger Hafen","HHFA.F","1906847986","25.3505","Germany"
"5136","Quantum Computing","QUBT","1905840640","8.42","United States"
"5137","Kainos Group","KNOS.L","1903948892","16.5137","United Kingdom"
"5138","Ziff Davis","ZD","1902940032","55.5","United States"
"5139","K's Holdings Corporation","8282.T","1902084226","12.3104","Japan"
"5140","Public Property Invest AS","PUBLI.OL","1901087998","2.01031","Norway"
"5141","Kinnevik","KINV-A.ST","1898752330","6.74268","Sweden"
"5142","OSG Corporation","6136.T","1898702475","23.1064","Japan"
"5143","Immunocore","IMCR","1898238976","36.86","United Kingdom"
"5144","Sildarvinnslan","SVN.IC","1898105072","1.02832","Iceland"
"5145","Shanghai Industrial Holdings Limited","0363.HK","1897983173","1.74573","Hong Kong"
"5146","Karooooo","KARO","1896539648","61.39","Singapore"
"5147","Energean","ENOG.L","1896095923","10.2649","United Kingdom"
"5148","Enerpac Tool Group","EPAC","1893696128","36.74","United States"
"5149","Shangri-La","0069.HK","1893067771","0.531754","Hong Kong"
"5150","STEF SA","STF.PA","1892663612","149.533","France"
"5151","Live Oak Bank","LOB","1892537216","40.89","United States"
"5152","National Central Cooling Company","TABREED.AE","1890339645","0.664379","United Arab Emirates"
"5153","Bao Viet Holdings","BVH.VN","1888486698","2.54402","Vietnam"
"5154","Gimv NV","GIMB.BR","1888295612","51.4019","Belgium"
"5155","Storskogen Group","STOR-B.ST","1888224480","1.12484","Sweden"
"5156","SigmaRoc plc","SRC.L","1887667377","1.70175","United Kingdom"
"5157","AlzChem Group","ACT.DE","1886359313","186.332","Germany"
"5158","Semapa","SEM.LS","1884767986","23.5981","Portugal"
"5159","Cellcom Israel","CEL.TA","1882941253","11.1697","Israel"
"5160","Ipsos","IPS.PA","1882517220","44.9533","France"
"5161","OCI Holdings Company","010060.KS","1881585780","210.174","South Korea"
"5162","Pfeiffer Vacuum","PFV.F","1881310641","190.654","Germany"
"5163","Recursion Pharmaceuticals","RXRX","1876948736","3.5","United States"
"5164","Nexa Resources","NEXA","1876655104","14.17","Luxembourg"
"5165","VIB (Vietnam International Commercial Joint Stock Bank)","VIB.VN","1872404661","0.550059","Vietnam"
"5166","Grand City Properties","GYC.DE","1872363800","10.6308","Luxembourg"
"5167","Antin Infrastructure Partners","ANTIN.PA","1871089781","10.479","France"
"5168","EcoPro Materials","450080.KS","1870155152","26.5049","South Korea"
"5169","A10 Networks","ATEN","1869682432","25.75","United States"
"5170","Türkiye Kalkınma","KLNMA.IS","1868757319","0.186876","Turkey"
"5171","Nongshim","004370.KS","1868590840","320.283","South Korea"
"5172","Welspun India","WELSPUNIND.NS","1867418314","1.91","India"
"5173","Great Portland Estates","GPE.L","1867281720","4.62875","United Kingdom"
"5174","World Kinect","WKC","1866522752","36.49","United States"
"5175","Londian Wason New Energy Tech Inc.","FOIL","1866404096","24.1","China"
"5176","Gujarat Mineral Development","GMDCLTD.NS","1865957873","5.86779","India"
"5177","Vietnam Maritime Commercial Joint Stock Bank","MSB.VN","1865159036","0.597807","Vietnam"
"5178","Devyani International","DEVYANI.NS","1864032206","1.51186","India"
"5179","Australian United Investment Company","AUI.AX","1863923687","8.56289","Australia"
"5180","Metrovacesa","MVC.MC","1863322304","12.2897","Spain"
"5181","Westshore Terminals Investment","WTE.TO","1863210464","30.1638","Canada"
"5182","Travis Perkins","TPK.L","1863054204","8.79462","United Kingdom"
"5183","Offcn Education","002607.SZ","1862929886","0.302061","China"
"5184","Galapagos NV","GLPG","1862327296","27.73","Belgium"
"5185","German American Bancorp","GABC","1860902528","49.52","United States"
"5186","Intellia Therapeutics","NTLA","1860882432","13.28","United States"
"5187","Boursa Kuwait Securities Company","BOURSA.KW","1860657153","9267.34","Kuwait"
"5188","AB Ignitis grupe","IGN1L.VS","1860463837","25.7009","Lithuania"
"5189","National Bank Holdings","NBHC","1860416896","41.77","United States"
"5190","GigaCloud Technology","GCT","1859431936","52.07","China"
"5191","Lovisa Holdings","LOV.AX","1858647525","16.7841","Australia"
"5192","OceanFirst Financial","OCFC","1857521024","19.22","United States"
"5193","Admie Holding","ADMIE.AT","1856711613","5.11682","Greece"
"5194","Dalrymple Bay Infrastructure","DBI.AX","1854386507","3.74048","Australia"
"5195","Elvalhalcor Hellenic Copper and Aluminium Industry","ELHA.AT","1853847912","4.26402","Greece"
"5196","Cogeco","CCA.TO","1853786629","44.1223","Canada"
"5197","Patria Investments","PAX","1849573376","11.46","Cayman Islands"
"5198","Jetblue Airways","JBLU","1848829824","4.9","United States"
"5199","Alef Education","ALEFEDT.AE","1848826429","0.26","United Arab Emirates"
"5200","The Nanto Bank","8367.T","1848268773","11.7678","Japan"
"5201","Intershop Holding","ISN.SW","1847675126","200.453","Switzerland"
"5202","Zhejiang Jinke Tom Culture Industry","300459.SZ","1841478225","0.523771","China"
"5203","Okuma Corporation","6103.T","1840475818","31.612","Japan"
"5204","Syndax Pharmaceuticals","SNDX","1840430208","20.77","United States"
"5205","Weibo","WB","1840087552","7.49","China"
"5206","Strategic Education","STRA","1838119680","82.77","United States"
"5207","Flight Centre Travel Group Limited","FLT.AX","1838106481","8.97573","Australia"
"5208","Sammaan Capital","SAMMAANCAP.NS","1835993751","1.59834","India"
"5209","Region Group","RGN.AX","1835665470","1.59798","Australia"
"5210","Worthington Steel","WS","1835097216","36.02","United States"
"5211","KATITAS CO., Ltd.","8919.T","1834518263","23.4409","Japan"
"5212","Republic Bank","RBCAA","1833829888","93.4","United States"
"5213","Evertec","EVTC","1832589056","29.74","United States"
"5214","Emami","EMAMILTD.NS","1831382623","4.19561","India"
"5215","MM Group (Mayr-Melnhof AG)","MYM.F","1829599239","94.1589","Austria"
"5216","Costamare","CMRE","1829105152","15.13","Monaco"
"5217","Tokuyama Corporation","4043.T","1828544994","25.4158","Japan"
"5218","BlackLine","BL","1826877312","31.43","United States"
"5219","Chambal Fertilisers","CHAMBLFERT.NS","1826815131","4.5596","India"
"5220","Vietnam National Petroleum Group","PLX.VN","1824908041","1.43627","Vietnam"
"5221","Companhia de Saneamento do Paraná (SANEPAR)","SAPR4.SA","1824640005","1.20741","Brazil"
"5222","ChipMOS Technologies","IMOS","1823386112","52.44","Taiwan"
"5223","Americas Gold and Silver Corp","USAS","1822669440","5.39","Canada"
"5224","Al Salam Bank","SALAM.BH","1819287598","1.19363","Bahrain"
"5225","Elang Mahkota Teknologi","EMTK.JK","1817743616","0.0297102","Indonesia"
"5226","PolyPeptide Group","PPGN.SW","1817743220","55.0557","Switzerland"
"5227","Systemair AB","SYSR.ST","1815100887","8.7464","Sweden"
"5228","G2 Goldfields","GTWO.TO","1814522410","7.01551","Canada"
"5229","NCC","NCC-B.ST","1814339220","18.553","Sweden"
"5230","Semrush","SEMR","1814168832","12","United States"
"5231","Burjeel Holdings","BURJEEL.AE","1814129415","0.35","United Arab Emirates"
"5232","Tecnoglass","TGLS","1813625600","40.88","Colombia"
"5233","YOOZOO Interactive","002174.SZ","1812223869","1.84956","China"
"5234","5N Plus","VNP.TO","1812003042","20.1478","Canada"
"5235","Mullen Group","MTL.TO","1811407663","18.8216","Canada"
"5236","Union Tool","6278.T","1810836081","92.9431","Japan"
"5237","Photronics","PLAB","1810185472","30.7","United States"
"5238","Tasmea Limited","TEA.AX","1808484534","6.54139","Australia"
"5239","Realia Business","RLIA.MC","1807626006","1.19743","Spain"
"5240","Salvatore Ferragamo","SFER.MI","1806982267","10.9112","Italy"
"5241","AVI Limited","AVI.JO","1805840400","5.41183","South Africa"
"5242","Tianyu Digital Technology (Dalian)","002354.SZ","1804644699","1.09069","China"
"5243","Austevoll Seafood","AUSS.OL","1804445375","8.94068","Norway"
"5244","Tower Bersama Infrastructure","TBIG.JK","1801369160","0.0798812","Indonesia"
"5245","DEUTZ","DEZ.DE","1800987052","11.7991","Germany"
"5246","Ellington Financial","EFC","1800446720","13.71","United States"
"5247","Nayax","NYAX","1799009920","48.13","Israel"
"5248","Progress Software","PRGS","1797597440","43.83","United States"
"5249","RHI Magnesita","RHF.F","1797243351","37.9673","Austria"
"5250","Drägerwerk","DRW8.F","1797102791","95.7944","Germany"
"5251","Jungfraubahn Holding AG","JFN.SW","1792357036","307.186","Switzerland"
"5252","ANI Pharmaceuticals","ANIP","1792146816","78.02","United States"
"5253","NextDecade Corp","NEXT","1788766080","6.72","United States"
"5254","Fidelis Insurance","FIHL","1787657472","20.71","Bermuda"
"5255","EverCommerce","EVCM","1786085632","10.11","United States"
"5256","Huntsman Corporation","HUN","1785354496","10.18","United States"
"5257","BASF India","BASF.NS","1785352450","41.2458","India"
"5258","Hope Bancorp","HOPE","1784553600","13.97","United States"
"5259","4imprint Group","FOUR.L","1784551694","63.6317","United Kingdom"
"5260","Biolife Solutions","BLFS","1783627520","36.47","United States"
"5261","Inspire Medical Systems","INSP","1783481088","61.69","United States"
"5262","TriCo Bancshares","TCBK","1783418368","55.79","United States"
"5263","Amara Raja Energy &amp; Mobility","ARE&M.NS","1783170096","9.74275","India"
"5264","Sixth Street Specialty Lending","TSLX","1782916736","18.7","United States"
"5265","Jeudan","JDAN.CO","1782579794","32.184","Denmark"
"5266","Formula Systems","FORTY","1782041600","116.21","Israel"
"5267","Champion REIT","2778.HK","1781069791","0.289468","Hong Kong"
"5268","Surgery Partners","SGRY","1780488320","13.6","United States"
"5269","Montea Comm","MONT.BR","1777611053","76.285","Belgium"
"5270","Metsä Board","METSA.HE","1775759688","5","Finland"
"5271","SRG Global Limited","SRG.AX","1775099392","2.83294","Australia"
"5272","Safestore","SAFE.L","1773771876","8.12073","United Kingdom"
"5273","Triumph Financial","TFIN","1772018816","74.16","United States"
"5274","MBC Group Co.","4072.SR","1771160653","5.3268","Saudi Arabia"
"5275","IntegraFin","IHP.L","1769851054","5.35709","United Kingdom"
"5276","American Assets Trust","AAT","1768652288","22.8","United States"
"5277","S&amp;T Bancorp","STBA","1767153792","50.11","United States"
"5278","Sanoma","SANOMA.HE","1767019950","10.8762","Finland"
"5279","EZCorp","EZPW","1766497024","28.75","United States"
"5280","Bora Pharmaceuticals","6472.TW","1765765665","13.8435","Taiwan"
"5281","Bell Food Group","BELL.SW","1764347876","281.535","Switzerland"
"5282","SKAN Group","SKAN.SW","1763932255","78.4544","Switzerland"
"5283","CBL Properties","CBL","1763737088","57","United States"
"5284","BGF Retail","282330.KS","1763338351","102.074","South Korea"
"5285","Dime Community Bancshares","DCOM","1762731264","39.92","United States"
"5286","Métropole Télévision (Groupe M6)","MMT.PA","1761381669","14.0187","France"
"5287","CenturyPly","CENTURYPLY.NS","1761270401","7.92747","India"
"5288","Soho House & Co","SHCO","1758889344","8.99","United States"
"5289","Tatung Co., Ltd.","2371.TW","1758631262","0.859522","Taiwan"
"5290","Flex LNG","FLNG","1756920320","32.48","Bermuda"
"5291","Dom Development","DOM.WA","1756915522","68.1017","Poland"
"5292","Saudi Chemical Holding Company","2230.SR","1756198842","2.08278","Saudi Arabia"
"5293","AnaptysBio","ANAB","1754598528","59.26","United States"
"5294","Ola Electric Mobility","OLAELEC.NS","1753294788","0.396791","India"
"5295","Volution Group","FAN.L","1752459859","8.84908","United Kingdom"
"5296","Grainger plc","GRI.L","1752194638","2.37019","United Kingdom"
"5297","Carabao Group","CBG.BK","1751980524","1.75198","Thailand"
"5298","Burkhalter Holding","BRKN.SW","1750046996","164.166","Switzerland"
"5299","eClerx Services","ECLERX.NS","1749328971","19.0092","India"
"5300","Prosegur","PSG.MC","1748803128","3.28271","Spain"
"5301","Japan Elevator Service Holdings","6544.T","1748341091","9.78017","Japan"
"5302","Fujimi Incorporated","5384.T","1748280510","23.567","Japan"
"5303","Proeduca Altus","PRO.MC","1746356315","38.6676","Spain"
"5304","MCB Bank Pakistan","MCB.PK","1743383894","1.47114","Pakistan"
"5305","KFin Technologies","KFINTECH.NS","1742479359","10.0796","India"
"5306","Weis Markets","WMK","1739297664","70.29","United States"
"5307","Anterix","ATEX","1738995840","88.68","United States"
"5308","Pathward Financial","CASH","1738938112","83.71","United States"
"5309","Central Plaza Hotel","CENTEL.BK","1737888511","1.28732","Thailand"
"5310","Neinor Homes","HOME.MC","1737754156","17.9089","Spain"
"5311","RLJ Lodging Trust","RLJ","1736684672","11.34","United States"
"5312","Nextage Co Ltd","3186.T","1736175802","22.1473","Japan"
"5313","Ngern Tid Lor","TIDLOR.BK","1735642825","0.603291","Thailand"
"5314","Nittetsu Mining","1515.T","1735467238","22.3997","Japan"
"5315","PORR","ABS2.F","1734483277","44.1589","Austria"
"5316","DXC Technology","DXC","1733598848","10.85","United States"
"5317","Tsubakimoto Chain","6371.T","1732282839","16.6515","Japan"
"5318","Savers Value Village","SVV","1731550592","11.3","United States"
"5319","Punjab &amp; Sind Bank","PSB.NS","1731227220","0.243987","India"
"5320","Avio S.p.A.","AVIO.MI","1731098006","37.5","Italy"
"5321","Allient","ALNT","1731025664","101.81","United States"
"5322","Bellevue Gold","BGL.AX","1730478239","1.16022","Australia"
"5323","Six Flags","FUN","1729145600","16.9","United States"
"5324","Goodman Property Trust","GMT.NZ","1728117746","1.12303","New Zealand"
"5325","Atrium Ljungberg","ATRLJ-B.ST","1727990243","2.74054","Sweden"
"5326","Avalyn Pharma","AVLN","1727660800","38.97","United States"
"5327","Rupert Resources","RUP.TO","1726756041","7.3344","Canada"
"5328","Spadel","SPA.BR","1726080137","415.888","Belgium"
"5329","Fortrea","FTRE","1725113984","18.14","United States"
"5330","Vestis","VSTS","1724689408","13.05","United States"
"5331","Goodyear","GT","1724513408","5.99","United States"
"5332","Atoss","AOF.F","1724418380","108.411","Germany"
"5333","Byline Bancorp","BY","1722958208","38.13","United States"
"5334","Bank Dhofar","BKDB.OM","1721236614","0.566234","Oman"
"5335","Eurocommercial Properties","ECMPA.AS","1718315203","31.4252","Netherlands"
"5336","Trinity Capital","TRIN","1716794496","18.13","United States"
"5337","4DMedical Limited","4DX.AX","1716657446","2.86141","Australia"
"5338","HPH Trust (Hutchison Port)","NS8U.SI","1716086912","0.197","Singapore"
"5339","DCM Shriram","DCMSHRIRAM.NS","1714445012","11.0713","India"
"5340","Absci","ABSI","1714423936","9.99","United States"
"5341","Global Partners LP","GLP","1714112384","50.64","United States"
"5342","Tokai Rika","6995.T","1712462296","19.7496","Japan"
"5343","TF1","TFI.PA","1712435726","8.14252","France"
"5344","Bicara Therapeutics","BCAX","1711232128","25.86","United States"
"5345","Wolverine World Wide","WWW","1711083136","20.85","United States"
"5346","Turning Point Brands","TPB","1709378560","88.26","United States"
"5347","Nerolac Paints","KANSAINER.NS","1709076656","2.11316","India"
"5348","Pagaya Technologies","PGY","1707726848","20.47","Israel"
"5349","Revolve Group","RVLV","1707315328","23.86","United States"
"5350","Bursa Malaysia","1818.KL","1706849072","2.10905","Malaysia"
"5351","Globant","GLOB","1706456064","39.52","Luxembourg"
"5352","OVS S.p.A.","OVS.MI","1705836548","7.02687","Italy"
"5353","Embracer Group","EMBRAC-B.ST","1705380052","7.75196","Sweden"
"5354","Hangzhou Shunwang Technology","300113.SZ","1705347249","2.52957","China"
"5355","BEML","BEML.NS","1702525657","20.4412","India"
"5356","Wendy’s","WEN","1702406400","8.93","United States"
"5357","KPIT Technologies","KPITTECH.NS","1701580192","6.25059","India"
"5358","Qatar Insurance Company","QATI.QA","1701243872","0.520879","Qatar"
"5359","Tata Chemicals","TATACHEM.NS","1699874078","6.67255","India"
"5360","Mitani Corporation","8066.T","1699033296","20.3175","Japan"
"5361","Albany International","AIN","1699029376","59.92","United States"
"5362","Advanced Petrochemical","2330.SR","1697813306","6.56794","Saudi Arabia"
"5363","Target Hospitality","TH","1697583232","17.04","United States"
"5364","Guzman y Gomez","GYG.AX","1696494325","17.0475","Australia"
"5365","HomeCo Daily Needs REIT","HDN.AX","1696493414","0.811446","Australia"
"5366","J&amp;J Snack Foods","JJSF","1695355904","90.75","United States"
"5367","Habib Bank","HBL.PK","1694446660","1.15516","Pakistan"
"5368","M.Yochananof and Sons","YHNF.TA","1694176338","116.938","Israel"
"5369","Alembic Pharmaceuticals","APLLTD.NS","1693440642","8.61525","India"
"5370","Alkane Resources","ALK.AX","1692075140","1.23852","Australia"
"5371","Fine Organics","FINEORG.NS","1691657864","55.1748","India"
"5372","Shibaura Mechatronics","6590.T","1689804605","25.7439","Japan"
"5373","Ratnamani Metals &amp; Tubes","RATNAMANI.NS","1688480419","24.0895","India"
"5374","Ivanhoe Electric","IE","1688464896","10.58","Canada"
"5375","Personalis","PSNL","1687731456","15.81","United States"
"5376","Stanmore Resources","SMR.AX","1687422715","1.87202","Australia"
"5377","Saudia Dairy &amp; Foodstuff Company","2270.SR","1686252192","52.7619","Saudi Arabia"
"5378","Telkom SA","TKG.JO","1685576000","3.41182","South Africa"
"5379","National Industrialization Company (Saudi Arabia)","2060.SR","1685379585","2.51958","Saudi Arabia"
"5380","EDION Corporation","2730.T","1684667160","15.9322","Japan"
"5381","Vtech","0303.HK","1684436700","6.65011","Hong Kong"
"5382","Bandwidth","BAND","1683055232","52.3","United States"
"5383","SFL Corp","SFL","1682358656","12.65","Bermuda"
"5384","The North West Company","NWC.TO","1681038202","35.4182","Canada"
"5385","RAPT Therapeutics","RAPT","1680292864","58.02","United States"
"5386","Godawari Power &amp; Ispat","GPIL.NS","1679513651","2.58149","India"
"5387","Kosmos Energy","KOS","1679275264","2.82","United States"
"5388","Clariane","CLARI.PA","1677911614","4.69626","France"
"5389","Astra Microwave","ASTRAMICRO.NS","1677897719","17.6723","India"
"5390","Sila Realty Trust","SILA","1677119744","30.36","United States"
"5391","Borregaard","BRG.OL","1676970955","16.8295","Norway"
"5392","Amano Corporation","6436.T","1676410444","24.2043","Japan"
"5393","Cloetta","CLA-B.ST","1676407078","5.83093","Sweden"
"5394","Peugeot Invest Société anonyme","PEUG.PA","1675857483","67.5234","France"
"5395","Sienna Senior Living","SIA.TO","1675275698","15.7849","Canada"
"5396","Breedon Group","BREE.L","1674640096","4.82479","United Kingdom"
"5397","Bank First","BFC","1674370048","151.04","United States"
"5398","Corporate Travel Management","CTD.AX","1673752435","11.4385","Australia"
"5399","Sundaram Finance","SUNDARMHLD.NS","1673186158","7.58155","India"
"5400","Syngene International","SYNGENE.NS","1672349512","4.15487","India"
"5401","F&amp;F Co","383220.KS","1672324504","44.6172","South Korea"
"5402","Killam Apartment REIT","KMP-UN.TO","1671780420","13.6252","Canada"
"5403","Sihanoukville Autonomous Port","PAS.KH","1670514116","3.71","Cambodia"
"5404","Sprinklr","CXM","1670051200","7.13","United States"
"5405","Natco Pharma","NATCOPHARM.NS","1669164195","9.31922","India"
"5406","Nomad Foods","NOMD","1669106432","11.94","United Kingdom"
"5407","Simplex Holdings","4373.T","1666736498","7.44555","Japan"
"5408","PAL GROUP Holdings","2726.T","1665222918","9.62242","Japan"
"5409","Crompton Greaves Consumer Electricals","CROMPTON.NS","1664213041","2.58452","India"
"5410","Omnicell","OMCL","1661750272","36.43","United States"
"5411","Pharma Mar","PHM.MC","1661554680","95.9112","Spain"
"5412","Modern Times Group (MTG)","MTG-B.ST","1661022733","13.9942","Sweden"
"5413","Green Thumb Industries","GTII.CN","1660248174","7.5953","United States"
"5414","NP3 Fastigheter AB","NP3.ST","1659716197","26.9283","Sweden"
"5415","Hillman Solutions","HLMN","1659468672","8.53","United States"
"5416","Tsugami Corporation","6101.T","1658620482","35.6503","Japan"
"5417","Dicker Data","DDR.AX","1658367288","9.143","Australia"
"5418","Fluxys Belgium","FLUX.BR","1658087465","23.5981","Belgium"
"5419","Landis+Gyr","LAND.SW","1657816331","58.309","Switzerland"
"5420","CTS Corporation","CTS","1656544896","58.01","United States"
"5421","Deterra Royalties","DRR.AX","1656318231","3.12834","Australia"
"5422","QCR Holdings","QCRH","1656229632","101.14","United States"
"5423","Icade","ICAD.PA","1655849409","21.8458","France"
"5424","Nürnberger Versicherung","NBG6.F","1654561483","143.692","Germany"
"5425","LOTTE Chemical","011170.KS","1654527000","39.2373","South Korea"
"5426","Ratio Energies","RATI.TA","1653639966","1.47138","Israel"
"5427","Vir Biotechnology","VIR","1653239936","9.77","United States"
"5428","Hansol Chemical","014680.KS","1653079462","146.692","South Korea"
"5429","Maze Therapeutics","MAZE","1652587776","29.75","United States"
"5430","Macmahon Holdings","MAH.AX","1652017671","0.766603","Australia"
"5431","Robertet","CBE.PA","1651917296","787.383","France"
"5432","Forbo Holding","FORN.SW","1651898499","1152.42","Switzerland"
"5433","Senior plc","SNR.L","1651821439","3.9957","United Kingdom"
"5434","Zydus Wellness","ZYDUSWELL.NS","1651399730","5.19046","India"
"5435","Wacker Neuson","WAC.F","1648736437","24.2407","Germany"
"5436","PROG Holdings","PRG","1647037952","41.35","United States"
"5437","IDT Corporation","IDT","1646050432","66.19","United States"
"5438","Ourpalm","300315.SZ","1643784287","0.607098","China"
"5439","Moltiply Group (Gruppo Mutuionline)","MOL.MI","1643781371","44.1589","Italy"
"5440","Derichebourg","DBG.PA","1643019054","10.3738","France"
"5441","Faes Farma","FAE.MC","1640959390","5.26869","Spain"
"5442","Puuilo","PUUILO.HE","1640853222","19.5093","Finland"
"5443","Arcos Dorados Holdings","ARCO","1638958592","7.78","Uruguay"
"5444","Nipro Corporation","8086.T","1637297111","10.0389","Japan"
"5445","Knowledge Economic City Company","4310.SR","1636585356","4.82342","Saudi Arabia"
"5446","Capri Holdings","CPRI","1636583168","14.4","United Kingdom"
"5447","Kestra Medical Technologies","KMTS","1635595648","27.91","United States"
"5448","One Software Technologies","ONE.TA","1634400234","22.1916","Israel"
"5449","Liberty Latin America","LILA","1633806080","8.34","United States"
"5450","The Musashino Bank","8336.T","1632707990","16.8282","Japan"
"5451","Tandem Diabetes Care","TNDM","1632316288","23.46","United States"
"5452","Bittium","BITTI.HE","1632010156","45.9112","Finland"
"5453","Avalon Technologies","AVALON.NS","1630186588","24.3997","India"
"5454","Scatec ASA","SCATC.OL","1628813295","10.1911","Norway"
"5455","Atlas Energy Solutions","AESI","1628794880","13.03","United States"
"5456","SÜSS MicroTec","SMHN.DE","1627947054","85.1636","Germany"
"5457","Befesa","BFSA.DE","1626168213","40.6542","Luxembourg"
"5458","Toho Holdings","8129.T","1625664950","25.1256","Japan"
"5459","Nohmi Bosai Ltd.","6744.T","1624928267","27.6053","Japan"
"5460","Israel Canada (T.R) Ltd","ISCN.TA","1623672451","4.76015","Israel"
"5461","FuelCell Energy","FCEL","1623070080","20.3","United States"
"5462","Opera","OPRA","1622699904","18.12","Norway"
"5463","CIE Automotive India","CIEINDIA.NS","1620580327","4.27185","India"
"5464","Origin Bancorp","OBK","1619916544","52.51","United States"
"5465","NHN Corp","181710.KS","1619555160","52.5077","South Korea"
"5466","National Company for Learning and Education","4291.SR","1619400096","37.6605","Saudi Arabia"
"5467","Nakanishi","7716.T","1619274441","19.4972","Japan"
"5468","Dana Gas","DANA.AE","1619034830","0.23","United Arab Emirates"
"5469","Aluar Aluminio Argentino","ALUA.BA","1616967233","0.577488","Argentina"
"5470","Central Securities","CET","1616344704","54.7","United States"
"5471","Ingles Markets","IMKTA","1615471744","85.05","United States"
"5472","Aica Kogyo Company","4206.T","1614989877","25.5231","Japan"
"5473","ICF International","ICFI","1613870208","89.99","United States"
"5474","C3 AI","AI","1613563520","10.38","United States"
"5475","EVT Limited","EVT.AX","1613193281","9.92597","Australia"
"5476","Aditya Birla Real Estate","ABREL.NS","1612764374","14.5849","India"
"5477","ConnectOne Bancorp","CNOB","1612247424","32.04","United States"
"5478","Hudson Pacific Properties","HPP","1610954496","14.53","United States"
"5479","Osotspa","OSP.BK","1610786086","0.536258","Thailand"
"5480","Perpetual Limited","PPT.AX","1609087332","13.9085","Australia"
"5481","Becamex (Investment and Industrial Development Corporation)","BCM.VN","1607118257","1.55277","Vietnam"
"5482","Distribution Solutions Group","DSGR","1606913536","34.74","United States"
"5483","Mota-Engil","EGL.LS","1604122755","5.22897","Portugal"
"5484","Sanlorenzo","SL.MI","1603632287","45.2804","Italy"
"5485","SeSa S.p.A.","SES.MI","1603152736","106.308","Italy"
"5486","Amplitude","AMPL","1602673152","12.83","United States"
"5487","Xeris Pharmaceuticals","XERS","1600772224","8.78","United States"
"5488","Deutsche EuroShop","DEQ.F","1599823540","21.1215","Germany"
"5489","Raspberry Pi","RPI.L","1599497992","8.26368","United Kingdom"
"5490","Pigeon","7956.T","1599391147","13.3894","Japan"
"5491","SHO-BOND Holdings","1414.T","1598345256","7.95348","Japan"
"5492","SkyWater Technology","SKYT","1597181312","32.46","United States"
"5493","Uranium Royalty","UROY","1596672128","4.19","Canada"
"5494","Saudi Real Estate Company (Al Akaria)","4020.SR","1596042091","4.25611","Saudi Arabia"
"5495","Nationwide Building Society","NBS.L","1595857727","174.939","United Kingdom"
"5496","Paradox Interactive","PDX.ST","1594571649","15.0968","Sweden"
"5497","Tyra Biosciences","TYRA","1594400896","26.81","United States"
"5498","East Pipes Integrated Company for Industry","1321.SR","1594044601","50.6046","Saudi Arabia"
"5499","OdontoPrev","ODPV3.SA","1593697043","2.92371","Brazil"
"5500","CATRION Catering Holding Company","6004.SR","1593218905","19.4295","Saudi Arabia"
"5501","China Lesso Group","2128.HK","1591324293","0.516452","China"
"5502","AEON REIT Investment","3292.T","1589357751","755.912","Japan"
"5503","Seera Holding Group","1810.SR","1588355000","5.80621","Saudi Arabia"
"5504","Glory Ltd.","6457.T","1586128278","29.8831","Japan"
"5505","Kontron AG","KTN.F","1585133596","25.8411","Austria"
"5506","Metro Bank Holdings","MTRO.L","1584651149","2.35249","United Kingdom"
"5507","HIAG Immobilien","HIAG.SW","1584556233","156.659","Switzerland"
"5508","MillerKnoll","MLKN","1582502784","23.23","United States"
"5509","Flowers Foods","FLO","1581469568","7.46","United States"
"5510","Perella Weinberg Partners","PWP","1581139968","16.63","United States"
"5511","Cembre S.p.A.","CMB.MI","1579349073","93.9252","Italy"
"5512","National Bank of Umm Al Qaiwain","NBQ.AE","1579262634","0.79","United Arab Emirates"
"5513","Taikisha","1979.T","1578128253","25.0498","Japan"
"5514","Friedrich Vorwerk Group","VH2.DE","1577102792","78.8551","Germany"
"5515","Guaranty Trust Bank","9JO.F","1576660743","2.67857","Nigeria"
"5516","Kemper","KMPR","1574426624","26.72","United States"
"5517","Kumho Tire","073240.KS","1574277459","5.48032","South Korea"
"5518","Healthcare Services Group","HCSG","1573736320","22.93","United States"
"5519","Dis-Chem Pharmacies","DCP.JO","1572911900","1.83728","South Africa"
"5520","Agilon Health","AGL","1572328832","93.64","United States"
"5521","Dauch Corporation","DCH","1570566528","6.61","United States"
"5522","Bonesupport Holding AB","BONEX.ST","1570419561","23.981","Sweden"
"5523","Eramet","ERA.PA","1570350942","54.7897","France"
"5524","National Bank of Pakistan","NBP.PK","1570338239","0.73811","Pakistan"
"5525","Concentrix","CNXC","1569392000","25.72","United States"
"5526","Nippon Shinyaku","4516.T","1567601943","23.2579","Japan"
"5527","Esentia Energy Systems","ESENTIAII.MX","1567374488","2.93506","Mexico"
"5528","Global Ship Lease","GSL","1566820608","43.48","United Kingdom"
"5529","Sally Beauty Holdings","SBH","1566300800","16.73","United States"
"5530","Pegasus Airlines","PGSUS.IS","1565292829","3.13059","Turkey"
"5531","PetroVietnam Power","POW.VN","1564450078","0.509951","Vietnam"
"5532","Implenia AG","IMPN.SW","1561828101","84.5856","Switzerland"
"5533","Misto Holdings (Fila)","081660.KS","1561595325","29.6611","South Korea"
"5534","Harrow, Inc.","HROW","1560993920","41.64","United States"
"5535","Azenta","AZTA","1560454912","35.62","United States"
"5536","Sotetsu Holdings","9003.T","1558670882","16.2414","Japan"
"5537","Itochu Enex","8133.T","1557442424","13.7932","Japan"
"5538","Romande Energie","REHN.SW","1557085379","60.6864","Switzerland"
"5539","Telia Lietuva","ZWS.F","1556312063","2.59346","Lithuania"
"5540","Abu Dhabi Aviation","ADAVIATION.AE","1552930728","1.42","United Arab Emirates"
"5541","Amprius Technologies","AMPX","1552836992","10.63","United States"
"5542","NS United Kaiun Kaisha","9110.T","1552356771","65.8742","Japan"
"5543","Innoviva","INVA","1551833088","21.48","United States"
"5544","Ahlibank","ABOB.OM","1551513147","0.558442","Oman"
"5545","Ingersoll Rand India","INGERRAND.NS","1550588406","49.119","India"
"5546","Yoshinoya Holdings Co., Ltd.","9861.T","1549512697","23.9393","Japan"
"5547","Innovative Industrial Properties","IIPR","1549509760","56.2","United States"
"5548","Ariston Holding","ARIS.MI","1549037297","4.21495","Italy"
"5549","MITSUI-SOKO HOLDINGS Co., Ltd.","9302.T","1547684740","20.6898","Japan"
"5550","JBM Auto","JBMA.NS","1547020283","6.54147","India"
"5551","Coursera","COUR","1546739968","5.85","United States"
"5552","Interroll","INRN.SW","1545928642","1851.88","Switzerland"
"5553","ARKO Petroleum","APC","1544888832","18.71","United States"
"5554","MAAS Group Holdings","MGH.AX","1544456122","4.27433","Australia"
"5555","Furuno Electric Co., Ltd.","6814.T","1543703491","48.8377","Japan"
"5556","Nihon Kohden Corporation","6849.T","1540331458","9.62873","Japan"
"5557","Thai Union Group","TU.BK","1538748652","0.399147","Thailand"
"5558","Helix Energy Solutions","HLX","1537198976","10.43","United States"
"5559","SHIFT Inc.","3697.T","1536527298","6.01133","Japan"
"5560","TPBank (Tien Phong Commercial Joint Stock Bank)","TPB.VN","1536490401","0.553879","Vietnam"
"5561","Wüstenrot &amp; Württembergische","WUW.F","1536453372","16.4252","Germany"
"5562","Osaka Soda","4046.T","1535578378","12.7079","Japan"
"5563","B.F. S.p.A.","BFG.MI","1535397372","5.86449","Italy"
"5564","Kagome Co., Ltd.","2811.T","1535103866","16.9796","Japan"
"5565","CONMED","CNMD","1535001472","51.25","United States"
"5566","Marksans Pharma","MARKSANS.NS","1528563448","3.37309","India"
"5567","Enovis","ENOV","1528241664","26.5","United States"
"5568","Hays plc","HAS.L","1527149429","0.972718","United Kingdom"
"5569","V-Guard Industries","VGUARD.NS","1526378527","3.49373","India"
"5570","Adecoagro","AGRO","1525335168","10.57","Luxembourg"
"5571","Mori Hills REIT Investment","3234.T","1524612705","808.284","Japan"
"5572","Delta Galil Industries","DELG.TA","1523835890","58.0825","Israel"
"5573","Sparebanken Vest","SVEG.OL","1522353635","13.8817","Norway"
"5574","Great Eagle","0041.HK","1522043415","2.0301","Hong Kong"
"5575","Kennedy Wilson","KW","1521191808","10.92","United States"
"5576","Safety Insurance","SAFT","1520310656","103.56","United States"
"5577","BigBear.ai","BBAI","1519997568","3.17","United States"
"5578","Econergy Renewable Energy","ECNR.TA","1519551622","19.6956","Israel"
"5579","Alexander &amp; Baldwin","ALEX","1518725120","20.84","United States"
"5580","ORIC Pharmaceuticals","ORIC","1518511360","14.65","United States"
"5581","Diagnostyka S.A.","DIA.WA","1518076553","44.9714","Poland"
"5582","Lapidoth Capital","LAPD.TA","1517161555","25.4602","Israel"
"5583","National Medical Care Company","4005.SR","1516408133","33.9317","Saudi Arabia"
"5584","Comer Industries","COM.MI","1514821970","52.9206","Italy"
"5585","YONEX Co., Ltd.","7906.T","1513653958","17.6926","Japan"
"5586","Adient","ADNT","1513412608","19.63","Ireland"
"5587","Hornbach Holding","HBH.DE","1512053372","94.5093","Germany"
"5588","Wolfspeed","WOLF","1511868416","29.09","United States"
"5589","Europris","EPR.OL","1510560850","9.23048","Norway"
"5590","Red Cat Holdings","RCAT","1510345088","9.89","United States"
"5591","Kier Group","KIE.L","1509728262","3.46067","United Kingdom"
"5592","Industrie De Nora","DNR.MI","1509192961","7.59346","Italy"
"5593","B.Grimm Power","BGRIM.BK","1509174334","0.578915","Thailand"
"5594","Virgin Australia","VGN.AX","1507172123","1.92185","Australia"
"5595","Intercos","ICOS.MI","1505911316","16.0748","Italy"
"5596","Atlanticus","ATLC","1503654272","99.12","United States"
"5597","Sensirion Holding","SENS.SW","1502453423","96.5978","Switzerland"
"5598","CEAT","CEATLTD.NS","1501938313","37.1307","India"
"5599","Forestar Group","FOR","1500166784","29.41","United States"
"5600","i-80 Gold","IAUX","1498009984","1.73","United States"
"5601","Ardent Health","ARDT","1497907456","10.62","United States"
"5602","Cardinal Energy","CJ.TO","1496597600","8.53747","Canada"
"5603","National Vision Holdings","EYE","1495991424","18.92","United States"
"5604","Arvind","ARVIND.NS","1494983460","5.49544","India"
"5605","Reit 1 Ltd","RIT1.TA","1494303183","7.38713","Israel"
"5606","Inhibrx Biosciences","INBX","1493548160","101.48","United States"
"5607","Lakeland Financial Corp","LKFN","1493210496","60.07","United States"
"5608","BlueNord ASA","BNOR.OL","1490077245","58.2808","Norway"
"5609","Aura Investments","AURA.TA","1489860679","5.24389","Israel"
"5610","Global Industrial Company","GIC","1487591552","38.88","United States"
"5611","Energizer Holdings","ENR","1487244160","21.72","United States"
"5612","Nordic American Tankers","NAT","1486489600","7.02","Bermuda"
"5613","Empire State Realty Trust","ESRT","1485777408","4.85","United States"
"5614","InnovAge","INNV","1484956160","10.94","United States"
"5615","Schrödinger","SDGR","1484891776","19.85","United States"
"5616","D/S Norden (Dampskibsselskabet Norden)","DNORD.CO","1481084462","53.713","Denmark"
"5617","Wizz Air","WIZZ.L","1480672014","14.3083","Jersey"
"5618","ArriVent BioPharma","AVBP","1480217984","30.02","United States"
"5619","Oki Electric Industry Co., Ltd.","6703.T","1479480305","17.0554","Japan"
"5620","Sylvamo","SLVM","1477888256","37.17","United States"
"5621","Rai Way","RWAY.MI","1477401709","5.50234","Italy"
"5622","Brim hf.","BRIM.IC","1477123851","0.767159","Iceland"
"5623","Savaria Corporation","SIS.TO","1476624201","20.474","Canada"
"5624","Nikkiso Co., Ltd.","6376.T","1476265202","22.589","Japan"
"5625","East India Distilleries Parry","EIDPARRY.NS","1473376559","8.27946","India"
"5626","Spin Master","TOY.TO","1472221568","14.7195","Canada"
"5627","Usiminas","USIM5.SA","1471957979","1.1958","Brazil"
"5628","Gallantt Ispat","GALLANTT.NS","1469212409","6.08922","India"
"5629","DeNA","2432.T","1467387072","15.6704","Japan"
"5630","Graphite India","GRAPHITE.NS","1467005754","7.50864","India"
"5631","Amalgamated Financial","AMAL","1466602240","49.05","United States"
"5632","CAMGSM Plc. (Cellcard)","CGSM.KH","1465329123","0.75","Cambodia"
"5633","KSB ltd","KSB.NS","1465126633","8.41837","India"
"5634","Action Construction Equipment","ACE.NS","1463994643","12.2996","India"
"5635","Tabcorp","TAH.AX","1463806735","0.63848","Australia"
"5636","Nishi-Nippon Railroad","9031.T","1462824830","19.3647","Japan"
"5637","Trustpilot Group","TRST.L","1462546319","3.7983","Denmark"
"5638","Cadre Holdings, Inc.","CDRE","1461899904","34.14","United States"
"5639","ProPetro","PUMP","1461604608","11.9","United States"
"5640","Kaga Electronics","8154.T","1461490821","30.6656","Japan"
"5641","POET Technologies","POET","1460610176","8.44","Canada"
"5642","Jubilant Pharmova","JUBLPHARMA.NS","1460411632","9.22052","India"
"5643","Arlo Technologies","ARLO","1460312448","13.57","United States"
"5644","Comforia Residential REIT","3282.T","1459542117","625.931","Japan"
"5645","Redcare Pharmacy","RDC.DE","1457852700","72.4883","Netherlands"
"5646","Medartis Holding","MED.SW","1456152943","116.993","Switzerland"
"5647","Qisda Corporation","2352.TW","1455337519","0.920805","Taiwan"
"5648","Norwegian Air Shuttle","NAS.OL","1455169655","1.38243","Norway"
"5649","PFISTERER Holding SE","PFSE.DE","1454383690","80.3738","Germany"
"5650","Stepan Company","SCL","1452154624","63.88","United States"
"5651","PILLAR Corporation","6490.T","1451148526","63.4764","Japan"
"5652","Xior Student Housing","XIOR.BR","1451039242","31.0748","Belgium"
"5653","Novavax","NVAX","1449872896","8.79","United States"
"5654","Lanxess","LXS.F","1449528513","16.7874","Germany"
"5655","Cullinan Therapeutics","CGEM","1449267840","22.52","United States"
"5656","Mixi","2121.T","1448489191","22.1789","Japan"
"5657","Exzeo Group","XZO","1447680768","16.07","United States"
"5658","H&amp;K AG (Heckler &amp; Koch)","MLHK.PA","1446669597","40.771","Germany"
"5659","MONY Group plc","MONY.L","1445910971","2.82081","United Kingdom"
"5660","Nolato AB","NOLA-B.ST","1445083146","5.36446","Sweden"
"5661","REX American Resources","REX","1444977664","43.87","United States"
"5662","Dar Global","DAR.L","1444673408","8.025","United Kingdom"
"5663","Nazara Technologies","NAZARA.NS","1443870881","3.75328","India"
"5664","Playtech","PTEC.L","1441932035","5.18964","Isle of Man"
"5665","PureCycle Technologies","PCT","1440487552","7.17","United States"
"5666","Beach Energy","BPT.AX","1440346719","0.631362","Australia"
"5667","Cymbria","CYB.TO","1439677581","66.1255","Canada"
"5668","G-III Apparel Group","GIII","1438698496","34.1","United States"
"5669","Freightways","FRW.NZ","1438588661","8.02737","New Zealand"
"5670","MeiraGTx","MGTX","1437763584","14.97","United States"
"5671","Phibro Animal Health","PAHC","1437613440","35.44","United States"
"5672","KalVista Pharmaceuticals","KALV","1437504000","27","United States"
"5673","Qfin Holdings","QFIN","1435454720","11.79","China"
"5674","Televisa","TV","1433603200","2.72","Mexico"
"5675","Black Box","BBOX.NS","1433325744","8.07056","India"
"5676","The RealReal","REAL","1433285632","11.78","United States"
"5677","Peoples Bancorp","PEBO","1431582464","39.83","United States"
"5678","Ambiq Micro","AMBQ","1431482624","59.19","United States"
"5679","Zigup","ZIG.L","1430098473","6.31007","United Kingdom"
"5680","Koh Young Technology","098460.KQ","1428518335","21.5913","South Korea"
"5681","Kelt Exploration","KEL.TO","1427090852","7.03","Canada"
"5682","Kuwait International Bank","KIB.KW","1426877613","817.323","Kuwait"
"5683","Tessenderlo Group","TESB.BR","1426581821","24.1822","Belgium"
"5684","Walker &amp; Dunlop","WD","1426577920","41.56","United States"
"5685","Cham Swiss Properties AG","CHAM.SW","1425472278","30.0304","Switzerland"
"5686","SUNeVision","1686.HK","1425462165","0.603802","Hong Kong"
"5687","MoonLake Immunotherapeutics","MLTX","1424685952","16.74","Switzerland"
"5688","Klöckner &amp; Co","KCO.DE","1424001186","14.2757","Germany"
"5689","Musashi Seimitsu Industry","7220.T","1422608024","21.7057","Japan"
"5690","EL.En. S.p.A. (Elen Group)","ELN.MI","1422406270","17.7336","Italy"
"5691","Gibraltar Industries","ROCK","1420374016","47.85","United States"
"5692","HEG","HEG.NS","1417758008","7.34675","India"
"5693","Imdex Limited","IMD.AX","1414642488","2.73329","Australia"
"5694","Kerry Logistics Network","0636.HK","1414004342","0.782329","Hong Kong"
"5695","UMH Properties","UMH","1413985536","16.56","United States"
"5696","Unusual Machines","UMAC","1413769088","28.3","United States"
"5697","Starts Corporation","8850.T","1413270785","29.8137","Japan"
"5698","MannKind Corp","MNKD","1413171072","4.395","United States"
"5699","Ramkrishna Forgings","RKFORGE.NS","1411516574","7.74835","India"
"5700","Fukuyama Transporting","9075.T","1411257365","40.0671","Japan"
"5701","Takuma Co., Ltd.","6013.T","1409805917","19.4341","Japan"
"5702","NCAB Group AB","NCAB.ST","1409353201","7.53781","Sweden"
"5703","Newsmax","NMAX","1409142656","10.91","United States"
"5704","XPEL","XPEL","1408038144","51.07","United States"
"5705","The Greenbrier Companies","GBX","1407755776","45.5","United States"
"5706","BinDawood","4161.SR","1406450727","1.23049","Saudi Arabia"
"5707","Pearl Abyss","263750.KQ","1405965936","22.8825","South Korea"
"5708","Celulosa Argentina","CELU.BA","1405902700","0.139279","Argentina"
"5709","Électricite de Strasbourg","ELEC.PA","1405400663","196.028","France"
"5710","Artivion","AORT","1405154304","28.82","United States"
"5711","RPC, Inc.","RES","1403088896","6.33","United States"
"5712","Zhongsheng Group","0881.HK","1402031253","0.592326","China"
"5713","Dürr","DUE.F","1401827130","20.257","Germany"
"5714","freee K.K.","4478.T","1401317527","23.5986","Japan"
"5715","Bilia AB","BILI-A.ST","1400349661","15.2664","Sweden"
"5716","Almoosa Health Company","4018.SR","1399457876","31.5879","Saudi Arabia"
"5717","Adtran Networks","ADV.DE","1398660625","26.8692","Germany"
"5718","York Space Systems","YSS","1398300416","10.18","United States"
"5719","Allied Properties REIT","AP-UN.TO","1397568474","6.73286","Canada"
"5720","Champion Iron","CIA.AX","1397227236","2.49484","Australia"
"5721","Alexander's, Inc.","ALX","1396333056","273.4","United States"
"5722","Inabata &amp; Co.,Ltd.","8098.T","1396153720","26.1541","Japan"
"5723","Tompkins Financial","TMP","1396148608","97.07","United States"
"5724","Richelieu Hardware","RCH.TO","1395629828","25.3805","Canada"
"5725","Mitra Keluarga","MIKA.JK","1395420418","0.100342","Indonesia"
"5726","Replimune","REPL","1395392768","14.81","United States"
"5727","Hino Motors","7205.T","1394702921","2.42961","Japan"
"5728","Create SD Holdings","3148.T","1394082408","21.5795","Japan"
"5729","Okamura Corporation","7994.T","1393655244","14.7207","Japan"
"5730","InterRent Real Estate Investment Trust","IIP-UN.TO","1393613721","9.81302","Canada"
"5731","Arhaus","ARHS","1393419520","9.83","United States"
"5732","Engineers India","ENGINERSIN.NS","1392382084","2.47736","India"
"5733","NTN Corporation","6472.T","1392073020","2.34156","Japan"
"5734","Aktis Oncology","AKTS","1391599872","25.02","United States"
"5735","Olaplex","OLPX","1391282176","2.07","United States"
"5736","Trisura Group","TSU.TO","1390972179","29.4463","Canada"
"5737","Fresh Del Monte Produce","FDP","1390188416","29.22","Cayman Islands"
"5738","Sarana Menara Nusantara","TOWR.JK","1390107884","0.0238803","Indonesia"
"5739","ARYZTA AG","ARYN.SW","1388483146","55.9316","Switzerland"
"5740","Shikoku Kasei Holdings Corp","4099.T","1387933704","16.0458","Japan"
"5741","VIEL &amp; Cie","VIL.PA","1387738756","22.4299","France"
"5742","Dorchester Minerals","DMLP","1384868608","28.21","United States"
"5743","Bristow Group","VTOL","1384577792","46.71","United States"
"5744","EXEDY Corporation","7278.T","1384224447","38.4897","Japan"
"5745","Elementis","ELM.L","1383091573","2.4369","United Kingdom"
"5746","LGI Homes","LGIH","1382785280","59.52","United States"
"5747","Community Trust Bancorp","CTBI","1382763008","76.11","United States"
"5748","Bega Cheese","BGA.AX","1382244976","4.52345","Australia"
"5749","TriMas","TRS","1382220288","38.53","United States"
"5750","Lendlease","LLC.AX","1381880810","2.00014","Australia"
"5751","Al Yah Satellite Communications Company","YAHSAT.AE","1381741539","0.57","United Arab Emirates"
"5752","Minera Valparaíso","MINERA.SN","1381590391","11.0527","Chile"
"5753","Hokkaido Electric Power Company","9509.T","1381232747","6.72623","Japan"
"5754","The Monogatari Corporation","3097.T","1381101971","35.9658","Japan"
"5755","Frontier Airlines","ULCC","1378992384","5.99","United States"
"5756","Aeva Technologies","AEVA","1378780032","19.78","United States"
"5757","BJ's Restaurants","BJRI","1377263488","64.74","United States"
"5758","Jamieson Wellness","JWEL.TO","1375413657","33.1497","Canada"
"5759","NSD Co., Ltd.","9759.T","1374686755","18.1438","Japan"
"5760","Ramsay Générale de Santé","GDS.PA","1373170532","12.4416","France"
"5761","Barloworld","BAW.JO","1372922800","7.36393","South Africa"
"5762","Harmonic Inc.","HLIT","1369874688","12.56","United States"
"5763","Alto Neuroscience","ANRO","1369156992","34.89","United States"
"5764","Future Corporation","4722.T","1368601319","15.4337","Japan"
"5765","Oman Arab Bank","OAB.OM","1368107817","0.683117","Oman"
"5766","AMN Healthcare Services","AMN","1367943296","35.32","United States"
"5767","Atresmedia Corporación de Medios de Comunicación, S.A.","A3M.MC","1367906233","6.07477","Spain"
"5768","Vedant Fashions","MANYAVAR.NS","1367877956","5.62965","India"
"5769","Heiwa Corporation","6412.T","1367847786","13.8689","Japan"
"5770","Aevis Victoria","AEVS.SW","1367348146","16.0788","Switzerland"
"5771","The Pennant Group","PNTG","1367123840","39.14","United States"
"5772","santec Holdings Corporation","6777.T","1366864853","116.226","Japan"
"5773","Carter's","CRI","1366023168","37.21","United States"
"5774","Zug Estates Holding","ZUGN.SW","1365632649","2677.71","Switzerland"
"5775","Vizsla Silver","VZLA","1365460608","3.89","Canada"
"5776","Liquidity Services","LQDT","1365431936","43.58","United States"
"5777","Alma Media","ALMA.HE","1365321112","16.5888","Finland"
"5778","Trupanion","TRUP","1364438272","31.1","United States"
"5779","Cheil Worldwide Inc.","030000.KS","1364351082","13.4712","South Korea"
"5780","secunet","YSN.F","1363432364","210.748","Germany"
"5781","Eos Energy Enterprises","EOSE","1361987328","3.74","United States"
"5782","PicS N.V. (PicPay)","PICS","1360669184","10.5","Brazil"
"5783","Redox Limited","RDX.AX","1360450262","2.59093","Australia"
"5784","Digital Turbine","APPS","1359012352","11.23","United States"
"5785","Abu Dhabi National Hotels","ADNH.AE","1358601524","0.11","United Arab Emirates"
"5786","SJM Holdings","0880.HK","1358422553","0.191278","Hong Kong"
"5787","Serica Energy","SQZ.L","1358410961","3.46611","United Kingdom"
"5788","La-Z-Boy","LZB","1358163328","33.91","United States"
"5789","Nabors Industries","NBR","1358052096","91.76","Bermuda"
"5790","Borr Drilling","BORR","1357456128","4.4","Bermuda"
"5791","Develia","DVL.WA","1357344656","2.9295","Poland"
"5792","Babcock &amp; Wilcox","BW","1357071744","9.11","United States"
"5793","TS TECH","7313.T","1356695616","11.6163","Japan"
"5794","Wealthfront Corporation","WLTH","1356199808","9.08","United States"
"5795","Morinaga &amp; Company","2201.T","1354769552","16.1341","Japan"
"5796","United Fire Group","UFCS","1354388992","52.79","United States"
"5797","Izumi Co., Ltd.","8273.T","1354198070","6.44229","Japan"
"5798","MPC Container Ships","MPCC.OL","1354156026","2.77451","Norway"
"5799","Muninova Holdings","547A.T","1354019430","2.82678","Japan"
"5800","FMC Corporation","FMC","1353702144","10.81","United States"
"5801","Siam City Cement (INSEE)","SCCC.BK","1352894585","4.53991","Thailand"
"5802","SHIFT UP","462870.KS","1352761372","23.3129","South Korea"
"5803","Dream Finders Homes","DFH","1352692992","14.91","United States"
"5804","Regis Healthcare","REG.AX","1352652913","4.47363","Australia"
"5805","NAPCO Security Technologies","NSSC","1350493312","37.8","United States"
"5806","Alvotech","ALVO","1349497216","3.99","Iceland"
"5807","JAPAN MATERIAL Co., Ltd.","6055.T","1349493061","13.1307","Japan"
"5808","Machvision Inc.","3563.TW","1348765957","21.0874","Taiwan"
"5809","Orchid Island Capital","ORC","1347913600","6.78","United States"
"5810","Inox Wind","INOXWIND.NS","1347131300","0.779483","India"
"5811","Bradespar","BRAP3.SA","1347060034","3.42679","Brazil"
"5812","Chow Sang Sang Holdings","0116.HK","1346512795","2.0046","Hong Kong"
"5813","Banpu Public Company","BANPU.BK","1346499359","0.441804","Thailand"
"5814","Lightspeed Commerce","LSPD","1346008704","10.41","Canada"
"5815","Monte Rosa Therapeutics","GLUE","1345392384","15.77","United States"
"5816","Tokai Tokyo Financial Holdings","8616.T","1345283861","5.30022","Japan"
"5817","Ameresco","AMRC","1345228544","25.35","United States"
"5818","Jefferson Capital","JCAP","1344331776","23.41","United States"
"5819","Colowide","7616.T","1343545741","12.6385","Japan"
"5820","Corbion","CRBN.AS","1342964925","23.2944","Netherlands"
"5821","Westamerica Bancorporation","WABC","1342757888","58.1","United States"
"5822","Integra LifeSciences","IART","1340797952","17.24","United States"
"5823","T1 Energy","TE","1340098176","4.55","United States"
"5824","Oil-Dri Corporation Of America","ODC","1339835008","92.53","United States"
"5825","Kuwait Real Estate Company (AQARAT)","KRE.KW","1339753001","1042.01","Kuwait"
"5826","Saudi Ground Services Company","4031.SR","1338922938","7.12193","Saudi Arabia"
"5827","Universal Technical Institute","UTI","1338814080","24.3","United States"
"5828","Alpha Tau Medical","DRTS","1338158848","14.47","Israel"
"5829","Varroc","VARROC.NS","1338109344","8.7573","India"
"5830","Shoals Technologies","SHLS","1337984640","7.95","United States"
"5831","United Electronics Company (eXtra Saudi)","4003.SR","1337362910","17.2855","Saudi Arabia"
"5832","Kinepolis Group","KIN.BR","1335868402","49.9416","Belgium"
"5833","Volex plc","VLX.L","1335532708","7.29708","United Kingdom"
"5834","PCBL Limited","PCBL.NS","1333555628","3.38928","India"
"5835","Solaris Resources","SLSR","1333231488","7.98","Canada"
"5836","First Mid Bancshares","FMBH","1333021824","50.11","United States"
"5837","Navigator Holdings","NVGS","1332556032","21.67","United Kingdom"
"5838","Collective Mining","CNL","1331785216","14.36","Canada"
"5839","Kraken Robotics","PNG.V","1331284826","4.33396","Canada"
"5840","Omeros Corporation","OMER","1331221120","18.39","United States"
"5841","Isras Investment Company","ISRS.TA","1330261945","271.869","Israel"
"5842","Saga","SAGA.L","1330116921","9.14858","United Kingdom"
"5843","Centuria Industrial REIT","CIP.AX","1328863626","2.12827","Australia"
"5844","VA Tech Wabag","WABAG.NS","1328092469","21.2569","India"
"5845","Gulf Insurance Group","GINS.KW","1327881220","4666.23","Kuwait"
"5846","Nippon Soda","4041.T","1327540006","24.7659","Japan"
"5847","Tamboran Resources","TBN","1327332224","38.08","Australia"
"5848","Avino Silver &amp; Gold Mines","ASM","1326801664","7.57","Canada"
"5849","Sun Art Retail Group Limited","6808.HK","1326088996","0.138996","China"
"5850","Land and Houses","LH.BK","1325318720","0.110908","Thailand"
"5851","Top Glove","BVA.SI","1324764494","0.165222","Malaysia"
"5852","Edgewell Personal Care","EPC","1324595456","28.74","United States"
"5853","Latigo Biotherapeutics","LTGO","1324204416","20.94","United States"
"5854","Sano Bruno's Enterprises","SANO1.TA","1323828664","117.777","Israel"
"5855","Wacoal Holdings","3591.T","1323238280","26.7661","Japan"
"5856","JSW Holdings","JSWHL.NS","1323216097","119.225","India"
"5857","Bytes Technology","BYIT.L","1322877517","5.72059","United Kingdom"
"5858","Pursuit Attractions and Hospitality","PRSU","1322311552","48.5","United States"
"5859","Leggett &amp; Platt","LEG","1322181504","9.68","United States"
"5860","Derayah Financial Company","4084.SR","1320594795","5.40137","Saudi Arabia"
"5861","Retal Urban Development Company","4322.SR","1319834827","2.64476","Saudi Arabia"
"5862","Orora Limited","ORA.AX","1318754824","1.07623","Australia"
"5863","Fox-Wizel","FOX.TA","1318547847","94.8334","Israel"
"5864","Trident","TRIDENT.NS","1316699494","0.2584","India"
"5865","Willis Lease Finance Corporation","WLFC","1316642688","55.09","United States"
"5866","Betsson AB","BETS-B.ST","1316122409","9.72706","Sweden"
"5867","Palfinger","PFI.F","1315324850","34.9883","Austria"
"5868","New Wave Group","NEWA-B.ST","1312459113","9.89139","Sweden"
"5869","Advantage Energy","AAV.TO","1311769974","7.83447","Canada"
"5870","Frey SA","FREY.PA","1311418906","41.5888","France"
"5871","ChemoMetec","CHEMM.CO","1310762867","75.3205","Denmark"
"5872","The Oita Bank","8392.T","1310481247","17.3077","Japan"
"5873","Everforth","EFOR","1309950080","31.95","United States"
"5874","Infortar","INF1T.TL","1309932252","63.5514","Estonia"
"5875","Elkem","ELK.OL","1307464967","3.60633","Norway"
"5876","Seaport Therapeutics","SPTX","1307216128","24.42","United States"
"5877","Laurentian Bank of Canada","LB.TO","1305844570","29.2071","Canada"
"5878","Nutex Health","NUTX","1305360640","190.62","United States"
"5879","Herbalife","HLF","1304802048","12.45","United States"
"5880","ACV Auctions","ACVA","1304149120","7.47","United States"
"5881","Clarivate","CLVT","1304001664","2.04","United Kingdom"
"5882","Seneca Foods","SENEA","1301417216","192.22","United States"
"5883","TOMONY Holdings","8600.T","1301380127","6.7704","Japan"
"5884","Yelp","YELP","1299613696","23.95","United States"
"5885","Vossloh AG","VOS.DE","1296691878","67.1145","Germany"
"5886","FirstGroup","FGP.L","1296102054","2.46277","United Kingdom"
"5887","Rusta AB","RUSTA.ST","1295616246","8.47076","Sweden"
"5888","Corvus Pharmaceuticals","CRVS","1295462528","15.4","United States"
"5889","Ricoh Leasing Company","8566.T","1295340695","42.0232","Japan"
"5890","Aichi Steel","5482.T","1295200409","20.1598","Japan"
"5891","Qassim Cement Company","3040.SR","1295050432","11.7989","Saudi Arabia"
"5892","Karnataka Bank","KTKBANK.NS","1294996336","3.42427","India"
"5893","Hokuriku Electric Power Company","9505.T","1292706998","6.18801","Japan"
"5894","Willdan Group","WLDN","1292366720","84.845","United States"
"5895","CVR Partners","UAN","1292349568","122.27","United States"
"5896","Japan Display","6740.T","1291932479","0.30287","Japan"
"5897","Noritsu Koki","7744.T","1290244188","12.3356","Japan"
"5898","ProAssurance","PRA","1290193152","25","United States"
"5899","Canfor","CFP.TO","1290088454","10.9943","Canada"
"5900","Electrica","ECEA.F","1289190720","15.1869","Romania"
"5901","HBT Financial","HBT","1288069888","35.42","United States"
"5902","Vitrolife AB","VITR.ST","1288065258","9.50972","Sweden"
"5903","Vesuvius plc","VSVS.L","1286395669","5.22504","United Kingdom"
"5904","u-blox","UBXN.SW","1284949029","166.427","Switzerland"
"5905","Spire Healthcare Group","SPI.L","1284351788","3.20609","United Kingdom"
"5906","Fiskars","FSKRS.HE","1284262421","15.9112","Finland"
"5907","The Miyazaki Bank","8393.T","1283984661","15.3012","Japan"
"5908","Tsakos Energy Navigation","TEN","1283435904","42.6","Greece"
"5909","Norconsult","NORCO.OL","1282238432","4.13225","Norway"
"5910","Ladder Capital","LADR","1281339648","10.1","United States"
"5911","Austal Limited","ASB.AX","1281334251","3.0358","Australia"
"5912","Boubyan Petrochemical Company","BPCC.KW","1280789536","2285.9","Kuwait"
"5913","Okumura Corporation","1833.T","1280031531","35.6503","Japan"
"5914","DroneShield","DRO.AX","1279348425","1.38444","Australia"
"5915","Vor Biopharma","VOR","1277702912","23.58","United States"
"5916","Gentherm","THRM","1277643776","41.61","United States"
"5917","Pilot Corporation","7846.T","1277470097","12.1653","Japan"
"5918","Italmobiliare","ITM.MI","1276541598","30.3738","Italy"
"5919","Apnimed, Inc.","APMD","1275536512","32.03","United States"
"5920","Pets at Home","PETS.L","1275371452","2.92428","United Kingdom"
"5921","Ryman Healthcare","RYM.NZ","1275327691","1.25558","New Zealand"
"5922","Certara","CERT","1275224192","8.36","United States"
"5923","SAN-A CO.,LTD.","2659.T","1274885092","21.1378","Japan"
"5924","PM Capital Global Opportunities Fund","PGF.AX","1274275619","2.30621","Australia"
"5925","Fever-Tree Drinks","FEVR.L","1274231538","11.3813","United Kingdom"
"5926","LG Household &amp; Health Care","051905.KS","1274059312","76.0358","South Korea"
"5927","Old Second Bancorp","OSBC","1273927936","25.04","United States"
"5928","Winmark","WINA","1273100672","354.41","United States"
"5929","Société de la Tour Eiffel","EIFF.PA","1272873561","9.57944","France"
"5930","Edelweiss Financial Services","EDELWEISS.NS","1271757076","1.3436","India"
"5931","Makhazen","MKHZN.KW","1271039383","507.978","Kuwait"
"5932","Yodogawa Steel Works","5451.T","1269942723","8.86525","Japan"
"5933","GELEX Group Joint Stock Company","GEX.VN","1269370161","0.937775","Vietnam"
"5934","OCB (Orient Commercial Joint Stock Bank)","OCB.VN","1269270587","0.414454","Vietnam"
"5935","AS LHV Group","LHV1T.TL","1269156327","3.89603","Estonia"
"5936","Jazeera Airways","JAZEERA.KW","1268892017","5786.39","Kuwait"
"5937","Smartgroup Corporation","SIQ.AX","1267481934","9.22486","Australia"
"5938","Strive Asset Management, LLC","ASST","1267326720","14.73","United States"
"5939","Blue Dart Express","BLUEDART.NS","1267151937","53.4034","India"
"5940","Norion Bank","NORION.ST","1264600471","6.99712","Sweden"
"5941","Arçelik","ARCLK.IS","1264514823","1.92716","Turkey"
"5942","Immatics","IMTX","1264226816","9.25","Germany"
"5943","New Pacific Metals","NEWP","1264027136","6.83","Canada"
"5944","Bajaj Mobility AG","BMAG.VI","1263421897","37.3832","Austria"
"5945","Aegean Airlines","AEGN.AT","1263228103","14.0771","Greece"
"5946","Siam Global House","GLOBAL.BK","1263093466","0.225472","Thailand"
"5947","Two Harbors Investment","TWO","1262668544","12.01","United States"
"5948","Domino's Pizza Enterprises (Australia)","DMP.AX","1262482199","13.3248","Australia"
"5949","Noritake","5331.T","1261811200","22.9361","Japan"
"5950","China Everbright Limited","0165.HK","1261473722","0.748536","Hong Kong"
"5951","LOTTE Corporation","004990.KS","1261186035","16.4266","South Korea"
"5952","Birchcliff Energy","BIR.TO","1261078614","4.59487","Canada"
"5953","Japan Securities Finance","8511.T","1257721506","15.5726","Japan"
"5954","Lufax","LU","1256698880","1.45","China"
"5955","Yamama Saudi Cement Company","3020.SR","1256658479","6.20572","Saudi Arabia"
"5956","Dole PLC","DOLE","1255357568","13.29","Ireland"
"5957","PROCEPT BioRobotics","PRCT","1254865920","21.91","United States"
"5958","Utz Brands","UTZ","1253876992","14.15","United States"
"5959","Myers Industries","MYE","1253810432","33.33","United States"
"5960","Cracker Barrel","CBRL","1253246336","56.07","United States"
"5961","Pakistan Tobacco Company","PAKT.PK","1252917369","4.90391","Pakistan"
"5962","naturenergie holding","NEAG.SW","1252391190","37.9134","Switzerland"
"5963","F.C.C. Co., Ltd.","7296.T","1251407498","26.3749","Japan"
"5964","Creades AB","CRED-A.ST","1250762150","9.21288","Sweden"
"5965","Kanadevia Corporation","7004.T","1248470796","7.42031","Japan"
"5966","GemLife Communities Group","GLF.AX","1247868113","3.28137","Australia"
"5967","BellRing Brands","BRBR","1247664896","10.73","United States"
"5968","IRSA Inversiones y Representaciones","IRS","1247174784","14.74","Argentina"
"5969","H.U. Group Holdings","4544.T","1246705177","22.8351","Japan"
"5970","Unipar Carbocloro","UNIP6.SA","1243197967","11.1376","Brazil"
"5971","Biglari","BH","1242583296","390.2","United States"
"5972","Sinarmas Land","A26.SI","1242348621","0.291963","Singapore"
"5973","Saudi Research and Media Group","4210.SR","1242209540","15.5276","Saudi Arabia"
"5974","Mercialys","MERY.PA","1241622122","13.271","France"
"5975","NexPoint Residential Trust","NXRT","1241587456","24.06","United States"
"5976","Umios (Maruha Nichiro Corporation)","1333.T","1241068305","8.20903","Japan"
"5977","Keystone Infra","KSTN.TA","1240693248","6.06692","Israel"
"5978","McEwen Mining","MUX","1240670208","20.22","Canada"
"5979","Marcus &amp; Millichap","MMI","1240275328","32.75","United States"
"5980","United Real Estate Company","URC.KW","1239733255","879.192","Kuwait"
"5981","Abacus Storage King","ASK.AX","1239366850","0.943128","Australia"
"5982","Toenec Corporation","1946.T","1239057367","13.2569","Japan"
"5983","PowerX, Inc.","485A.T","1238905295","10.6698","Japan"
"5984","SBS Holdings","2384.T","1238003826","31.1703","Japan"
"5985","STAAR Surgical","STAA","1236550656","24.66","United States"
"5986","South Indian Bank","SOUTHBANK.NS","1235217913","0.471784","India"
"5987","Spinneys","SPINNEYS.AE","1235092295","0.343081","United Arab Emirates"
"5988","Bioventus","BVS","1234468864","14.68","United States"
"5989","ARCS Company Limited","9948.T","1233808478","23.1569","Japan"
"5990","Sanyo Denki","6516.T","1232507550","34.7038","Japan"
"5991","M.P. Evans Group PLC","MPE.L","1231600449","23.7155","United Kingdom"
"5992","Sigma Lithium","SGML","1231497344","10.94","Canada"
"5993","Graham Corporation","GHM","1230158464","104.81","United States"
"5994","Cibus Nordic Real Estate","CIBUS.ST","1229230408","14.9749","Sweden"
"5995","PVR INOX","PVRINOX.NS","1228948243","12.5148","India"
"5996","DFDS A/S","DFDS.CO","1228737992","22.7475","Denmark"
"5997","Afya","AFYA","1228077696","13.88","Brazil"
"5998","Corsair Gaming","CRSR","1227808512","11.35","United States"
"5999","Alerion Clean Power","ARN.MI","1227641337","22.8505","Italy"
"6000","Sana Biotechnology","SANA","1227378560","4.1","United States"
"6001","Toagosei","4045.T","1225589599","11.5942","Japan"
"6002","SM Entertainment","041510.KQ","1225140575","53.512","South Korea"
"6003","Srisawad Corporation","SAWAD.BK","1225120975","0.737355","Thailand"
"6004","Toho Titanium","5727.T","1223631380","17.1892","Japan"
"6005","Sipef","SIP.BR","1223299356","117.056","Belgium"
"6006","Labrador Iron Ore Royalty Corp.","LIF.TO","1223133821","19.1115","Canada"
"6007","TeamViewer","TMV.DE","1223089113","7.79206","Germany"
"6008","Preferred Bank","PFBC","1222411776","103.13","United States"
"6009","Nestle Pakistan","NESTLE.PK","1221510146","26.9354","Pakistan"
"6010","Ali Al-Ghanim Sons Automotive Company","ALG.KW","1221456888","3112.99","Kuwait"
"6011","Caisse Régionale de Crédit Agricole Mutuel Sud Rhône Alpes","CRSU.PA","1220486421","268.692","France"
"6012","Arteris","AIP","1220446720","24.83","United States"
"6013","Oppenheimer Holdings","OPY","1218999296","113.84","United States"
"6014","Heineken Malaysia","3255.KL","1218873717","4.0347","Malaysia"
"6015","TripAdvisor","TRIP","1218873088","10.4","United States"
"6016","Aamal Company","AHCS.QA","1218461503","0.193407","Qatar"
"6017","TF Bank AB","TFBANK.ST","1217506421","18.8323","Sweden"
"6018","Ingenia Communities Group","INA.AX","1217034590","2.98598","Australia"
"6019","Ceres Power","CWR.L","1216692441","5.69064","United Kingdom"
"6020","Afry AB","AFRY.ST","1215068790","10.7289","Sweden"
"6021","Guardian Capital Group","GCG.TO","1214390315","49.1475","Canada"
"6022","ISE Chemicals","4107.T","1213785518","23.8194","Japan"
"6023","NTT UD REIT Investment Corporation","8956.T","1213616493","826.582","Japan"
"6024","Bangkok Airways","BA.BK","1213484566","0.585009","Thailand"
"6025","Compagnie des Alpes","CDA.PA","1213303543","23.8902","France"
"6026","CVS Group","CVSG.L","1212799327","17.8071","United Kingdom"
"6027","Cronos Group","CRON","1212078336","3.29","Canada"
"6028","Fatima Fertilizer","FATIMA.PK","1211553082","0.57693","Pakistan"
"6029","Leon's Furniture","LNF.TO","1211295908","17.6185","Canada"
"6030","Cosmo Pharmaceuticals","C43.F","1210965823","70.4439","Ireland"
"6031","Teladoc Health","TDOC","1210015488","6.66","United States"
"6032","Marten Transport","MRTN","1209966848","14.83","United States"
"6033","QuinStreet","QNST","1209799424","21.06","United States"
"6034","GoodRx","GDRX","1207654656","3.54","United States"
"6035","Clear Channel Outdoor","CCO","1206552320","2.37","United States"
"6036","BMV (Bolsa Mexicana de Valores)","BOLSAA.MX","1203144954","2.18123","Mexico"
"6037","StorageVault Canada","SVI.TO","1203111255","3.29033","Canada"
"6038","2G Energy AG","2GB.DE","1199842309","66.8808","Germany"
"6039","Bitfarms","BITF","1199686528","1.98","Canada"
"6040","KEC International","KEC.NS","1199586395","4.50633","India"
"6041","Gasco (National Gas and Industrialization Company)","2080.SR","1199528601","15.9937","Saudi Arabia"
"6042","Eximbank (Vietnam Export Import Commercial Joint Stock Bank)","EIB.VN","1198932081","0.643646","Vietnam"
"6043","Piedmont Realty Trust","PDM","1198772480","9.58","United States"
"6044","Donnelley Financial Solutions","DFIN","1198537472","48.75","United States"
"6045","Easterly Government Properties","DEA","1196231808","24.41","United States"
"6046","Sakata Seed","1377.T","1195923500","28.2994","Japan"
"6047","Ominvest","OMVS.OM","1195766537","1.06494","Oman"
"6048","Altus Group","AIF.TO","1194937641","34.9181","Canada"
"6049","Altareit","AREIT.PA","1194891206","683.411","France"
"6050","Develop Global Limited","DVP.AX","1194374152","3.61947","Australia"
"6051","Takara Standard","7981.T","1193732785","18.8789","Japan"
"6052","Kuwait Projects Company Holding","KPROJ.KW","1193355449","254.64","Kuwait"
"6053","Vistry Group","VTY.L","1193334976","3.75745","United Kingdom"
"6054","NPK International","NPKI","1192984064","14.05","United States"
"6055","Sawai Group Holdings","4887.T","1192864810","10.3291","Japan"
"6056","J.S.B.Co.","3480.T","1192553535","56.5357","Japan"
"6057","Gamma Communications","GAMA.L","1192451833","13.3689","United Kingdom"
"6058","Towa Pharmaceutical","4553.T","1191217251","24.198","Japan"
"6059","Bank Islam Malaysia","5258.KL","1190811168","0.525403","Malaysia"
"6060","Fortune REIT","0778.HK","1189912666","0.575748","Hong Kong"
"6061","Abdullah Al-Othaim Markets Company","4001.SR","1188941550","1.32105","Saudi Arabia"
"6062","PHC Holdings Corporation","6523.T","1188646305","9.39527","Japan"
"6063","Saul Centers","BFS","1188426496","34.22","United States"
"6064","Lassonde Industries","LAS-A.TO","1188221584","174.185","Canada"
"6065","Fnac Darty","FNAC.PA","1187143692","40.4206","France"
"6066","Isracard","ISCD.TA","1187084260","3.64485","Israel"
"6067","Mahanagar Gas","MGL.NS","1186967567","12.0165","India"
"6068","Suburban Propane Partners","SPH","1186813440","17.79","United States"
"6069","EPIC Suisse","EPIC.SW","1186137787","105.857","Switzerland"
"6070","Caisse Régionale de Crédit Agricole Mutuel Alpes Provence","CRAP.PA","1186080515","159.486","France"
"6071","GenusPlus Group Limited","GNP.AX","1183553874","6.52004","Australia"
"6072","J D Wetherspoon","JDW.L","1183148072","11.2247","United Kingdom"
"6073","U.S. Physical Therapy, Inc.","USPH","1182026880","79.21","United States"
"6074","Heritage Financial","HFWA","1180618496","28.855","United States"
"6075","BLS International","BLS.NS","1180069869","2.86757","India"
"6076","Ferretti","F3T1.F","1179944216","3.48598","Italy"
"6077","Lampsa Hellenic Hotels","LAMPS.AT","1178014945","55.1402","Greece"
"6078","Oakley Capital Investments","OCI.L","1176616333","7.16094","Bermuda"
"6079","Universal Insurance Holdings","UVE","1175275904","42.23","United States"
"6080","I.D.I. Insurance Company","IDIN.TA","1173878348","79.3805","Israel"
"6081","Ategrity Specialty Insurance Company","ASIC","1173730432","24.49","United States"
"6082","Nippon Light Metal Holdings Company","5703.T","1173653380","19.0556","Japan"
"6083","Polenergia","PEP.WA","1170788050","15.1619","Poland"
"6084","Avanos Medical","AVNS","1170726912","24.99","United States"
"6085","GasLog Partners LP","GLOP-PA","1170184832","25.5","Greece"
"6086","ASA Gold and Precious Metals","ASA","1169550208","62.25","United States"
"6087","Mission Produce","AVO","1168351104","13.22","United States"
"6088","Mezzan Holding Company","MEZZAN.KW","1168036895","3757.73","Kuwait"
"6089","Companhia Siderúrgica Nacional","SID","1166962688","0.88","Brazil"
"6090","Gulf Cable and Electrical Industries Company - KPSC","CABLE.KW","1166922782","5626.83","Kuwait"
"6091","Kanamoto","9678.T","1165944472","34.2621","Japan"
"6092","Odyssey Therapeutics","ODTX","1165419264","24.25","United States"
"6093","Zensar","ZENSARTECH.NS","1164160911","5.13406","India"
"6094","Cobram Estate Olives","CBO.AX","1163835095","2.43078","Australia"
"6095","Kri-Kri Milk Industry","KRI.AT","1163048141","35.2804","Greece"
"6096","Lindsay Corporation","LNN","1162913664","114.36","United States"
"6097","Nichicon Corporation","6996.T","1161516830","17.2951","Japan"
"6098","Tennant Company","TNC","1159693568","68.02","United States"
"6099","WEBTOON Entertainment","WBTN","1158972544","8.54","United States"
"6100","Rhön-Klinikum","RHK.DE","1157347431","17.2897","Germany"
"6101","thyssenkrupp nucera","NCH2.DE","1156165898","9.15304","Germany"
"6102","Caisse régionale de Crédit Agricole Mutuel Atlantique Vendée","CRAV.PA","1155371954","156.542","France"
"6103","Teekay","TK","1154895360","13.17","Canada"
"6104","United Arab Bank","UAB.AE","1154129804","0.37","United Arab Emirates"
"6105","BKS Bank","BKS.VI","1153517823","25.2336","Austria"
"6106","MarineMax","HZO","1153369344","52.22","United States"
"6107","ARB Corporation Limited","ARB.AX","1152566648","13.7768","Australia"
"6108","The National Agricultural Development Company","6010.SR","1152058214","3.81931","Saudi Arabia"
"6109","Komeri Co.,Ltd.","8218.T","1149615469","24.482","Japan"
"6110","Univest Financial Corporation","UVSP","1149290496","41.67","United States"
"6111","Chiyoda Corporation","6366.T","1148045237","4.42947","Japan"
"6112","Superior Plus","SPB.TO","1147809836","5.3486","Canada"
"6113","Terveystalo","TTALO.HE","1146618235","9.04206","Finland"
"6114","Commercial Real Estate Company (Kuwait)","ALTIJARIA.KW","1145394003","608.922","Kuwait"
"6115","Aker BioMarine","AKBM.OL","1144920733","13.0515","Norway"
"6116","Ecovyst","ECVT","1143944704","10.45","United States"
"6117","Versamet Royalties Corporation","VMET","1143798144","10.51","Canada"
"6118","Neo Performance Materials","NEO.TO","1143722983","24.7572","Canada"
"6119","Savara","SVRA","1143493888","5.58","United States"
"6120","Saudi Cement Company","3030.SR","1143445333","7.4735","Saudi Arabia"
"6121","Genco Shipping &amp; Trading","GNK","1141969024","26.2","United States"
"6122","Arendals Fossekompani","AFK.OL","1141907520","20.7686","Norway"
"6123","BlackSky Technology","BKSY","1141803264","27.9","United States"
"6124","Summerset Holdings","SUM.NZ","1140559346","4.70098","New Zealand"
"6125","Indian Energy Exchange","IEX.NS","1139595178","1.28145","India"
"6126","Mainstreet Equity","MEQ.TO","1139553659","123.032","Canada"
"6127","Jasa Marga","JSMR.JK","1139191682","0.156959","Indonesia"
"6128","Sivers Semiconductors AB","SIVE.ST","1138772816","3.85478","Sweden"
"6129","Precision Drilling Corporation","PDS","1138699776","87.99","Canada"
"6130","Lumexa Imaging","LMRI","1138488448","11.85","United States"
"6131","Radware","RDWR","1138331264","27.05","Israel"
"6132","Celesc (Centrais Elétricas de Santa Catarina)","CLSC4.SA","1138093769","29.506","Brazil"
"6133","Chugoku Marine Paints","4617.T","1137331190","22.9045","Japan"
"6134","Cricut","CRCT","1137283200","5.43","United States"
"6135","Nitta Corporation","5186.T","1137250037","41.4553","Japan"
"6136","Norbit ASA","NORBT.OL","1137203387","17.774","Norway"
"6137","Upbound Group","UPBD","1136838400","19.5","United States"
"6138","Newag","NWG.WA","1136739023","25.2609","Poland"
"6139","Growthpoint Properties Australia","GOZ.AX","1136022222","1.50545","Australia"
"6140","Finnair","FIA1S.HE","1135768590","5.54439","Finland"
"6141","Great Lakes Dredge &amp; Dock Corp.","GLDD","1135273600","17","United States"
"6142","Daiseki","9793.T","1135265564","24.0087","Japan"
"6143","Fuji Co., Ltd.","8278.T","1134991298","13.0991","Japan"
"6144","Retail Estates NV","RET.BR","1133999394","75.4673","Belgium"
"6145","Altri","ALTR.LS","1133496291","5.5257","Portugal"
"6146","Metropolitan Bank Holding","MCB","1133280896","91.41","United States"
"6147","Olectra Greentech","OLECTRA.NS","1132325540","13.7953","India"
"6148","Superloop Limited","SLC.AX","1132084825","2.19944","Australia"
"6149","Gerresheimer","GXI.F","1129813076","32.7103","Germany"
"6150","JOST Werke SE","JST.DE","1129684553","68.9252","Germany"
"6151","Aavas Financiers","AAVAS.NS","1128775043","14.236","India"
"6152","Nagarro","NA9.DE","1128456889","91.1799","Germany"
"6153","International General Insurance Holdings Ltd.","IGIC","1128340224","26.57","Jordan"
"6154","Prospect Capital","PSEC","1127267200","2.25","United States"
"6155","Gens Aurea","OROX.MI","1126810758","11.1565","Italy"
"6156","Moonpig Group","MOON.L","1125232924","3.82552","United Kingdom"
"6157","Universal Corporation","UVV","1125197312","45.19","United States"
"6158","Gielda Papierów Wartosciowych w Warszawie","GPW.WA","1125023127","26.8041","Poland"
"6159","Inventiva Pharma","IVA","1124410368","4.76","France"
"6160","Aussie Broadband Limited","ABB.AX","1123711663","3.56253","Australia"
"6161","Green Plains","GPRE","1123628160","16.03","United States"
"6162","Macquarie Technology Group","MAQ.AX","1122750729","43.5618","Australia"
"6163","Kuros Biosciences","KURN.SW","1121862467","28.2786","Switzerland"
"6164","Polar Capital Holdings","POLR.L","1121746878","11.8986","United Kingdom"
"6165","Service Stream Limited","SSM.AX","1121207057","1.82931","Australia"
"6166","Grocery Outlet","GO","1119654784","11.3","United States"
"6167","Red Violet","RDVT","1119437056","69.76","United States"
"6168","Precinct Properties","PCT.NZ","1119163962","0.603987","New Zealand"
"6169","Shin-Etsu Polymer","7970.T","1118725047","13.9194","Japan"
"6170","Amerant Bancorp","AMTB","1117694720","28.52","United States"
"6171","IRadimed","IRMD","1117582976","87.4","United States"
"6172","Jupiter Fund Management","JUP.L","1117550467","2.22997","United Kingdom"
"6173","Monex Group","8698.T","1116579818","4.44209","Japan"
"6174","AMAG Austria Metall","AM8.F","1116418684","31.6589","Austria"
"6175","Kura Oncology","KURA","1114676480","12.53","United States"
"6176","Plazza AG","PLAN.SW","1113752656","538.045","Switzerland"
"6177","Virtus Investment Partners","VRTS","1113575552","166.65","United States"
"6178","ZoomInfo","GTM","1112040320","3.82","United States"
"6179","Navigator Global Investments","NGI.AX","1111899382","1.82219","Australia"
"6180","Mips AB","MIPS.ST","1111607823","41.9615","Sweden"
"6181","Waypoint REIT","WPR.AX","1111001405","1.70119","Australia"
"6182","Rosetti Marino","YRM.MI","1109813076","292.056","Italy"
"6183","DigiCo Infrastructure REIT","DGT.AX","1108763022","1.98591","Australia"
"6184","Five Star Bancorp","FSBC","1108564224","45.18","United States"
"6185","Hongkong and Shanghai Hotels","0045.HK","1108534257","0.665011","Hong Kong"
"6186","Bowhead Specialty Holdings","BOW","1108532096","33.65","United States"
"6187","Middlesex Water Company","MSEX","1108024064","58.8","United States"
"6188","Tetra Technologies","TTI","1107584384","7.48","United States"
"6189","Sumitomo Osaka Cement","5232.T","1106806731","34.9247","Japan"
"6190","Danya Cebus","DNYA.TA","1106283614","33.6267","Israel"
"6191","Northeast Bank","NBN","1106208128","129.3","United States"
"6192","Mersen","MRN.PA","1106195356","45.514","France"
"6193","Prosegur Cash","CASH.MC","1105452852","0.755841","Spain"
"6194","Tuya Inc.","TUYA","1103599104","1.8","China"
"6195","IndiaMART","INDIAMART.NS","1103503556","18.3493","India"
"6196","Plejd AB","PLEJD.ST","1103403946","97.3766","Sweden"
"6197","Nine Entertainment Co. Holdings","NEC.AX","1102775749","0.695423","Australia"
"6198","RITES","RITES.NS","1102332241","2.29364","India"
"6199","Tosei Corporation","8923.T","1101757779","11.3576","Japan"
"6200","Invisio AB","IVSO.ST","1101560791","23.8538","Sweden"
"6201","Iino Kaiun Kaisha","9119.T","1100860858","10.4048","Japan"
"6202","MBB SE","MBB.DE","1100492927","207.009","Germany"
"6203","Loma Negra","LOMA","1099282304","9.42","Argentina"
"6204","Fuji Seal International","7864.T","1098960949","20.6015","Japan"
"6205","Leejam Sports Company","1830.SR","1096257837","20.961","Saudi Arabia"
"6206","Asseco South Eastern Europe","ASE.WA","1095924064","21.1184","Poland"
"6207","Aedas Homes","AEDAS.MC","1094703843","25.2336","Spain"
"6208","The Foschini Group","TFG.JO","1092390800","3.46462","South Africa"
"6209","XPLR Infrastructure","XIFR","1091993984","11.58","United States"
"6210","iQIYI","IQ","1090477952","1.13","China"
"6211","OPKO Health","OPK","1089639296","1.46","United States"
"6212","Lithium Americas","LAC","1089128832","3","Canada"
"6213","Bonheur ASA","BONHR.OL","1088751725","25.5985","Norway"
"6214","REE (Refrigeration Electrical Engineering Corporation)","REE.VN","1088582024","1.74758","Vietnam"
"6215","CRA International","CRAI","1087968128","173.33","United States"
"6216","Auto Partner","APR.WA","1087480304","8.32553","Poland"
"6217","TOWA Corporation","6315.T","1086530388","14.481","Japan"
"6218","MATSUDA SANGYO","7456.T","1085958803","42.0232","Japan"
"6219","Upwork","UPWK","1085410176","8.69","United States"
"6220","Pacific Industrial","7250.T","1085177169","18.816","Japan"
"6221","Abu Dhabi National Insurance Company","ADNIC.AE","1084871744","1.9","United Arab Emirates"
"6222","United Super Markets Holdings","3222.T","1083307428","5.23081","Japan"
"6223","Saudi Reinsurance Company","8200.SR","1082840440","6.47206","Saudi Arabia"
"6224","Deluxe Corporation","DLX","1082208384","23.6","United States"
"6225","MLP SE","MLP.DE","1081966497","9.90654","Germany"
"6226","Kissei Pharmaceutical","4547.T","1080729246","26.0594","Japan"
"6227","AS ONE Corporation","7476.T","1080139363","15.1561","Japan"
"6228","BKI Investment Company","BKI.AX","1080085701","1.33817","Australia"
"6229","Compass Minerals","CMP","1078908416","25.7","United States"
"6230","LuxExperience","LUXE","1077503488","7.85","Germany"
"6231","IMC Rare Earths","IMC","1077275008","10.25","Brazil"
"6232","Safehold","SAFE","1076407424","15.2","United States"
"6233","Tadano","6395.T","1075151404","8.50559","Japan"
"6234","ARIAKE JAPAN","2815.T","1075112120","33.7574","Japan"
"6235","Bestway Cement","BWCL.PK","1074987942","1.80291","Pakistan"
"6236","Northwest Pipe Company","NWPX","1074355328","111.48","United States"
"6237","eXp World Holdings","EXPI","1073469056","6.74","United States"
"6238","Voltamp Transformers","VOLTAMP.NS","1073391360","106.097","India"
"6239","Lexicon Pharmaceuticals","LXRX","1072343872","2.41","United States"
"6240","Generation Development Group","GDG.AX","1071741420","2.67991","Australia"
"6241","Canadian Solar","CSIQ","1071410752","15.78","Canada"
"6242","Janux Therapeutics","JANX","1071116288","17.52","United States"
"6243","Sopharma","3JR.F","1071065787","2.02687","Bulgaria"
"6244","Banca IFIS","IF.MI","1070321338","17.5234","Italy"
"6245","Neurones","NRO.PA","1069568142","44.8598","France"
"6246","Frequentis","FQT.VI","1068506908","80.4907","Austria"
"6247","Exmar","EXM.BR","1068266684","13.4346","Belgium"
"6248","AEVEX Corp.","AVEX","1067289280","18.9","United States"
"6249","Toyo Construction","1890.T","1067163763","11.3574","Japan"
"6250","Wave Life Sciences","WVE","1067015872","5.415","Singapore"
"6251","Colgate-Palmolive (Pakistan)","COLG.PK","1066940199","4.3948","Pakistan"
"6252","HTC Corporation","2498.TW","1066833267","1.27593","Taiwan"
"6253","Canaccord Genuity Group","CF.TO","1066192533","10.3493","Canada"
"6254","Dan Hotels","DANH.TA","1065975482","9.22131","Israel"
"6255","BrightView","BV","1065826048","11.51","United States"
"6256","Zeal Network","TIMA.F","1064857413","50.4673","Germany"
"6257","MilDef Group","MILDEF.ST","1063978355","22.5922","Sweden"
"6258","Specialized Medical Company","4019.SR","1062696446","4.25079","Saudi Arabia"
"6259","Afcons Infrastructure","AFCONS.NS","1062523995","2.88898","India"
"6260","Elco Ltd.","ELCO.TA","1062505533","40.6477","Israel"
"6261","RAIZNEXT Corporation","6379.T","1061531048","19.655","Japan"
"6262","Banco do Estado do Rio Grande do Sul S.A.","BRSR6.SA","1061192221","2.59476","Brazil"
"6263","Princes Group plc","PRN.L","1061043591","4.33605","United Kingdom"
"6264","Inwido AB","INWI.ST","1060812270","18.2985","Sweden"
"6265","Al Hammadi Holding Company","4007.SR","1060672228","6.6292","Saudi Arabia"
"6266","Mitsui High-tec","6966.T","1059707640","5.79869","Japan"
"6267","Yurtec Corporation","1934.T","1059660602","15.4274","Japan"
"6268","JACCS Co., Ltd.","8584.T","1059524865","23.6617","Japan"
"6269","edenor","EDN","1059477120","22.27","Argentina"
"6270","Sonaecom","SNC.LS","1057332179","3.45794","Portugal"
"6271","Hagar hf.","HAGA.IC","1057053691","0.971191","Iceland"
"6272","KITZ Corporation","6498.T","1056820973","12.1463","Japan"
"6273","Gr. Sarantis S.A.","SAR.AT","1056705562","16.5888","Greece"
"6274","National Presto Industries","NPK","1056209216","148.01","United States"
"6275","Phoenix Power Company","PHPC.OM","1056112249","0.722078","Oman"
"6276","Life Healthcare Group","LHC.JO","1055946000","0.737893","South Africa"
"6277","CJ Logistics Corporation","000120.KS","1055858010","52.9381","South Korea"
"6278","NCR Voyix Corporation","VYX","1054854080","7.64","United States"
"6279","Sinclair, Inc.","SBGI","1054397376","14.58","United States"
"6280","Supply Network Limited","SNL.AX","1053281503","24.0729","Australia"
"6281","TOCALO Co.,Ltd.","3433.T","1052533411","17.6989","Japan"
"6282","Aktia Bank","AKTIA.HE","1052005301","14.2991","Finland"
"6283","Data#3 Limited","DTL.AX","1051955128","6.7834","Australia"
"6284","Deep Yellow","DYL.AX","1051935995","1.07979","Australia"
"6285","Al Seer Marine Supplies &amp; Equipment Company","ASM.AE","1050977872","1.05","United Arab Emirates"
"6286","Kforce","KFRC","1050900096","58.68","United States"
"6287","Bravura Solutions","BVS.AX","1049830541","2.3418","Australia"
"6288","Noevir Holdings","4928.T","1049574379","30.7287","Japan"
"6289","Bombay Burmah","BBTC.NS","1048513410","15.0277","India"
"6290","Indus Holding","INH.F","1048440591","39.1939","Germany"
"6291","Zee Entertainment","ZEEL.NS","1048372061","1.09146","India"
"6292","Vitec Software Group","VIT-B.ST","1048179306","26.483","Sweden"
"6293","Sify Technologies","SIFY","1048128896","14.47","India"
"6294","Arbor Realty Trust","ABR","1048105088","5.17","United States"
"6295","Capitol Federal Financial","CFFN","1047406592","8.49","United States"
"6296","Bank of Sharjah","BOS.AE","1045580779","0.35","United Arab Emirates"
"6297","ScanSource","SCSC","1045087168","51.42","United States"
"6298","Backblaze","BLZE","1044871936","16.88","United States"
"6299","Sun Corp","6736.T","1044595207","48.5223","Japan"
"6300","Country Garden","2007.HK","1044530748","0.0224433","China"
"6301","Solid Biosciences","SLDB","1044373824","9.74","United States"
"6302","Taboola.com","TBLA","1042799808","3.86","United States"
"6303","Annexon","ANNX","1042685248","5.5","United States"
"6304","Lahav LR Real Estate","LAHAV.TA","1041864199","3.55415","Israel"
"6305","ASRock Rack Incorporation","7711.TW","1041460015","14.5349","Taiwan"
"6306","Ardelyx","ARDX","1040495936","4.03","United States"
"6307","NorthWest Healthcare Properties REIT","NWH-UN.TO","1040374704","4.13335","Canada"
"6308","Lenzing","LEN.F","1039893675","26.9276","Austria"
"6309","Corticeira Amorim","COR.LS","1036695693","7.86215","Portugal"
"6310","Service Properties Trust","SVC","1036075904","8","United States"
"6311","Okinawa Financial Group","7350.T","1035786962","48.5223","Japan"
"6312","GVS S.p.A.","GVS.MI","1034755656","5.51986","Italy"
"6313","HighPeak Energy","HPK","1031854848","8.16","United States"
"6314","Union Coop","UNIONCOOP.AE","1031391202","0.590862","United Arab Emirates"
"6315","Humansoft Holding Company","HUMANSOFT.KW","1031146708","7688.05","Kuwait"
"6316","MMTC","MMTC.NS","1030728154","0.687152","India"
"6317","Pacific Century Regional Developments","P15.SI","1030700766","0.389451","Singapore"
"6318","Is Yatirim Menkul Degerler Anonim Sirketi","ISMEN.IS","1030527868","0.687019","Turkey"
"6319","Silex Systems Limited","SLX.AX","1030090625","3.70133","Australia"
"6320","Sun Hung Kai &amp; Co.","0086.HK","1029877254","0.526653","Hong Kong"
"6321","Mercantile Bank","MBWM","1029722752","59.57","United States"
"6322","Whirlpool S.A.","WHRL3.SA","1029365319","0.684971","Brazil"
"6323","HSC (Ho Chi Minh City Securities Corporation)","HCM.VN","1029256952","0.953054","Vietnam"
"6324","NANO Nuclear Energy","NNE","1028319424","19.15","United States"
"6325","Chesnara plc","CSN.L","1027030379","4.45177","United Kingdom"
"6326","Emirates Driving Company","DRIVE.AE","1026800841","0.95","United Arab Emirates"
"6327","Equity Bancshares","EQBK","1026535616","49.85","United States"
"6328","Finolex Industries","FINPIPE.NS","1025216909","1.65808","India"
"6329","Diversified Energy","DEC.L","1023188323","14.458","United States"
"6330","Mader Group Limited","MAD.AX","1022449893","5.02527","Australia"
"6331","Geron","GERN","1021532736","1.59","United States"
"6332","BTS Group","BTS.BK","1019960732","0.063376","Thailand"
"6333","Lindab International","LIAB.ST","1018439562","13.2203","Sweden"
"6334","Metalla Royalty & Streaming","MTA","1018170048","10.89","Canada"
"6335","Toshiba Tec Corporation","6588.T","1018066574","19.2133","Japan"
"6336","MidWestOne Financial Group","MOFG","1017475776","49.31","United States"
"6337","Kurabo Industries","3106.T","1017297534","64.5491","Japan"
"6338","ATRenew","RERE","1016643072","4.59","China"
"6339","Sichuan Xunyou Network Technology","300467.SZ","1016553622","5.0026","China"
"6340","Asiana Airlines","020560.KS","1016153181","4.93515","South Korea"
"6341","ProSiebenSat.1 Media","PSM.F","1016103694","4.36449","Germany"
"6342","Adastria","2685.T","1015795946","22.0212","Japan"
"6343","Major Drilling Group International","MDI.TO","1015583086","12.3496","Canada"
"6344","Happinet","7552.T","1015284011","23.4409","Japan"
"6345","Evolv Technologies","EVLV","1014474688","5.64","United States"
"6346","Crédit Agricole Mutuel de la Touraine et du Poitou","CRTO.PA","1013819955","162.36","France"
"6347","MetroCity Bankshares","MCBS","1012845888","35.34","United States"
"6348","Simply Good Foods","SMPL","1012651840","11.45","United States"
"6349","O-I Glass","OI","1011081088","6.58","United States"
"6350","Qt Group","QTCOM.HE","1010902497","39.8131","Finland"
"6351","Mitsubishi Logisnext","7105.T","1010891788","9.45216","Japan"
"6352","GL Events SA","GLO.PA","1010872666","34.4626","France"
"6353","ITOCHU-SHOKUHIN","2692.T","1010529522","79.6514","Japan"
"6354","discoverIE Group plc","DSCV.L","1010290825","10.51","United Kingdom"
"6355","Elopak ASA","ELO.OL","1009533442","3.75659","Norway"
"6356","McMillan Shakespeare","MMS.AX","1009276160","14.4921","Australia"
"6357","Horizon Bancorp","HBNC","1008406336","19.64","United States"
"6358","Glass House Brands","GLASF","1007483904","11.81","United States"
"6359","Grupa Pracuj","GPP.WA","1007321667","14.6204","Poland"
"6360","Southern Cross Electrical Engineering","SXE.AX","1006876331","3.31696","Australia"
"6361","Whirlpool India","WHIRLPOOL.NS","1006820395","7.9327","India"
"6362","Ituran","ITRN","1006278976","50.8","Israel"
"6363","MA Financial Group","MAF.AX","1005386597","5.09645","Australia"
"6364","Scandi Standard AB","SCST.ST","1004788509","15.3725","Sweden"
"6365","Montepino Logística","MLMTP.PA","1004533152","11.6822","Spain"
"6366","Ventyx Biosciences","VTYX","1004502016","14","United States"
"6367","Phoenix Education Partners","PXED","1004279936","27.86","United States"
"6368","Marcopolo","POMO4.SA","1004054304","0.808808","Brazil"
"6369","LegalZoom","LZ","1003611840","5.86","United States"
"6370","ITM Power","ITM.L","1003533507","1.45397","United Kingdom"
"6371","Mani, Inc.","7730.T","1003149839","10.184","Japan"
"6372","OCI","OCI.AS","1003091282","4.75467","Netherlands"
"6373","Douglas Group","DOU.DE","1002695843","9.31075","Germany"
"6374","CNB Financial Corp","CCNE","1002370688","33.84","United States"
"6375","Renew Holdings plc","RNWH.L","1002288254","12.661","United Kingdom"
"6376","Kingsgate Consolidated Limited","KCN.AX","1001775828","3.76539","Australia"
"6377","United Gulf Holding Company","UGH.BH","1001646923","0.572944","Bahrain"
"6378","PEXA Group","PXA.AX","1001217144","5.6908","Australia"
"6379","Pierre et Vacances","VAC.PA","1000433937","2.16589","France"
"6380","engcon AB","ENGCON-B.ST","1000319036","6.57305","Sweden"
"6381","Waha Capital Company","WAHA.AE","1000068484","0.53","United Arab Emirates"
"6382","Anglo-Eastern Plantations","AEP.L","999700948","2.6166","United Kingdom"
"6383","Amanat Holdings","AMANAT.AE","999095721","0.400261","United Arab Emirates"
"6384","Design Therapeutics","DSGN","997551488","15.94","United States"
"6385","Emerald Holding","EEX","997505920","5.04","United States"
"6386","Zehnder Group","ZEHN.SW","996780940","89.5907","Switzerland"
"6387","Japan Aviation Electronics Industry","6807.T","995571189","14.7649","Japan"
"6388","B2 Impact ASA","B2I.OL","995148802","2.68328","Norway"
"6389","SPIMACO (Saudi Pharmaceutical Industries and Medical Appliances Corporation)","2070.SR","994995813","8.33644","Saudi Arabia"
"6390","Eurowag (W.A.G payment solutions)","EWG.L","994552474","1.42947","United Kingdom"
"6391","Juventus Turin","JUVE.MI","993866011","2.38318","Italy"
"6392","Al-Babtain Power and Telecommunications","2320.SR","992944186","15.5276","Saudi Arabia"
"6393","Time Technoplast","TIMETECHNO.NS","992705081","2.01101","India"
"6394","Almunajem Foods Company","4162.SR","991583662","16.5264","Saudi Arabia"
"6395","Heritage Insurance","HRTG","990981504","33.33","United States"
"6396","Afcon Holdings","AFHL.TA","990272562","171.325","Israel"
"6397","Olema Pharmaceuticals","OLMA","989597952","11.31","United States"
"6398","Victrex","VCT.L","989235056","11.354","United Kingdom"
"6399","USA TODAY Co.","TDAY","988084736","6.73","United States"
"6400","Nippon Paper Industries","3863.T","988042679","8.56869","Japan"
"6401","Whitestone REIT","WSR","988012416","18.99","United States"
"6402","innoscripta SE","1INN.DE","987149526","98.715","Germany"
"6403","Elecom","6750.T","986380026","12.2473","Japan"
"6404","Barings BDC","BBDC","986338816","9.42","United States"
"6405","Arbutus Biopharma","ABUS","985282240","4.98","United States"
"6406","Helia Group","HLI.AX","984910058","3.59456","Australia"
"6407","Unitil Corporation","UTL","984780416","54","United States"
"6408","Securitize Corp.","SECZ","984492096","6.03","United States"
"6409","Chimera Investment Corporation","CIM","984450944","11.76","United States"
"6410","ESAB India","ESABINDIA.NS","983858785","63.9159","India"
"6411","Voltalia","VLTSA.PA","983602834","7.51168","France"
"6412","Melco International Development","0200.HK","983420421","0.432289","Hong Kong"
"6413","Strides Pharma","STAR.NS","981963921","10.6535","India"
"6414","Lectra SA","LSS.PA","981436927","26.4019","France"
"6415","Cyient","CYIENT.NS","981294138","9.42732","India"
"6416","Wavestone SA","WAVE.PA","981003357","39.9533","France"
"6417","Global Medical REIT","GMRE","979776256","35.98","United States"
"6418","Heartland Express","HTLD","979417472","12.665","United States"
"6419","Heiwa Real Estate","8803.T","979272580","14.8217","Japan"
"6420","Eckert &amp; Ziegler","EUZ.F","978097871","15.6304","Germany"
"6421","Yulon Motor Company","2201.TW","976662311","0.919233","Taiwan"
"6422","Placoplatre","MLPLC.PA","976201862","747.664","France"
"6423","Relaxo Footwear","RELAXO.NS","976196673","3.92144","India"
"6424","Accel Entertainment","ACEL","975900800","11.99","United States"
"6425","Tsuburaya Fields Holdings","2767.T","974142888","15.6483","Japan"
"6426","Vetoquinol","VETO.PA","973697563","83.7617","France"
"6427","Savencia Fromage &amp; Dairy","SAVE.PA","973542797","75.4673","France"
"6428","Resolute Holdings Management","RHLD","973056960","117.84","United States"
"6429","BCI Minerals Limited","BCI.AX","972293188","0.330984","Australia"
"6430","Konoike Transport","9025.T","971636865","18.2984","Japan"
"6431","ASTA Energy Solutions AG","1AST.F","971329040","68.2243","Austria"
"6432","The Hub Power Company","HUBC.PK","970772757","0.748386","Pakistan"
"6433","Arriyadh Development Company","4150.SR","970713791","4.14958","Saudi Arabia"
"6434","Trainline","TRN.L","970712661","2.8426","United Kingdom"
"6435","Genuit Group","GEN.L","970501895","3.85003","United Kingdom"
"6436","Villar International","VILR.TA","970462833","55.0927","Israel"
"6437","Raito Kogyo","1926.T","970083691","23.6301","Japan"
"6438","Pet Valu","PET.TO","969420151","14.4224","Canada"
"6439","Forbright, Inc.","FRBT","969092032","19.09","United States"
"6440","AGI Inc (Agibank)","AGBK","968605056","6.06","Brazil"
"6441","Basilea Pharmaceutica","BSLN.SW","967905062","78.2042","Switzerland"
"6442","CTT - Correios De Portugal","CTT.LS","967657638","7.37734","Portugal"
"6443","NTG Nordic Transport Group A/S","NTG.CO","965900972","44.6046","Denmark"
"6444","Einhell Germany","EIN.DE","965887856","85.0467","Germany"
"6445","Bata India","BATAINDIA.NS","965000235","7.50812","India"
"6446","Arzan Financial Group for Financing and Investment","ARZAN.KW","964084461","1002.93","Kuwait"
"6447","Nick Scali Limited","NCK.AX","963430311","11.2641","Australia"
"6448","JYP Entertainment","035900.KQ","962562381","29.0514","South Korea"
"6449","American Bitcoin Corp","ABTC","962375744","7.9","United States"
"6450","Hemnet Group AB","HEM.ST","962265443","10.6865","Sweden"
"6451","Trustco Bank","TRST","962067328","56.5","United States"
"6452","Lightwave Logic","LWLG","962003584","6.24","United States"
"6453","Y.D. More Investments","MRIN.TA","961586338","13.1618","Israel"
"6454","Southside Bancshares","SBSI","961277824","32.31","United States"
"6455","Ohsho Food Service","9936.T","960905347","18.2921","Japan"
"6456","Topsports International","6110.HK","960789830","0.154936","Hong Kong"
"6457","Sedlmayr Grund und Immobilien AG","SPB.F","960731058","1308.41","Germany"
"6458","Douglas Dynamics","PLOW","960697472","41.63","United States"
"6459","Astec Industries","ASTE","960388096","41.71","United States"
"6460","Karat Packaging","KRT","960110912","48.17","United States"
"6461","NB Bancorp","NBBK","959624896","21.9","United States"
"6462","Ridgepost Capital","RPC","959074432","8.7","United States"
"6463","MNTN, Inc.","MNTN","958976512","12.82","United States"
"6464","Pacira Biosciences","PCRX","958515456","24.36","United States"
"6465","Yellow Hat","9882.T","957583349","11.2819","Japan"
"6466","Camden National Corporation","CAC","957217792","56.65","United States"
"6467","Kaken Pharmaceutical Co., Ltd.","4521.T","956958523","25.2707","Japan"
"6468","Centerspace","CSR","956776832","54.07","United States"
"6469","Allied Group Limited","0373.HK","956611223","0.272253","Hong Kong"
"6470","Tejas Networks","TEJASNET.NS","956073852","5.37898","India"
"6471","National Real Estate Company - K.P.S.C.","NRE.KW","955925451","459.134","Kuwait"
"6472","CeriBell","CBLL","955230912","24.89","United States"
"6473","Central Pacific Financial","CPF","955229696","37.1","United States"
"6474","Sudarshan Chemical","SUDARSCHEM.NS","954945028","11.9957","India"
"6475","Burford Capital","BUR","952996736","4.34","Guernsey"
"6476","Eastman Kodak Company","KODK","952633920","9.73","United States"
"6477","Manitou Group","MTU.PA","952187956","24.8832","France"
"6478","Quanex Building Products","NX","951168064","20.71","United States"
"6479","Daqo New Energy","DQ","950709248","14.05","China"
"6480","NEUCA","NEU.WA","950245698","210.101","Poland"
"6481","Sri Trang Gloves","STGT.BK","950170919","0.344302","Thailand"
"6482","Reliance Power","RPOWER.NS","949892996","0.229677","India"
"6483","Shochiku","9601.T","949580740","69.0922","Japan"
"6484","China Resources Building Materials Technology","1313.HK","948336861","0.135808","Hong Kong"
"6485","Totech Corporation","9960.T","948283430","23.1254","Japan"
"6486","Aclaris Therapeutics","ACRS","947960896","6.44","United States"
"6487","Ichibanya Co., Ltd.","7630.T","947657881","5.93751","Japan"
"6488","QuidelOrtho","QDEL","946340864","13.8","United States"
"6489","Beijing Airport","0694.HK","945970240","0.206581","China"
"6490","Zad Holding Company","ZHCD.QA","945953801","3.29121","Qatar"
"6491","Vivara","VIVA3.SA","944980771","4.01889","Brazil"
"6492","Daio Paper Corporation","3880.T","944896303","6.1268","Japan"
"6493","Riverstone Holdings","AP4.SI","944561146","0.637283","Singapore"
"6494","Northern Dynasty Minerals","NAK","944364352","1.68","Canada"
"6495","Caisse Régionale de Crédit Agricole Mutuel Loire Haute-Loire","CRLO.PA","942383545","116.822","France"
"6496","Daktronics","DAKT","941963584","19.5","United States"
"6497","Cargojet","CJT.TO","941643464","63.6252","Canada"
"6498","RS Technologies","3445.T","941456970","35.3979","Japan"
"6499","Sanken Electric Co., Ltd.","6707.T","941356278","47.0899","Japan"
"6500","JBG SMITH","JBGS","940666176","12.18","United States"
"6501","Fujita Kanko","9722.T","940578037","15.6924","Japan"
"6502","Harvia Oyj","HARVIA.HE","939820703","50.2921","Finland"
"6503","Engro Corporation","ENGRO.PK","939197951","1.75019","Pakistan"
"6504","Immix Biopharma","IMMX","938995456","13.19","United States"
"6505","Mid Penn Bancorp","MPB","937909696","37.02","United States"
"6506","First Financial","THFF","937319232","78.82","United States"
"6507","Kronos Worldwide","KRO","936893824","8.14","United States"
"6508","Africa Israel Residences","AFRE.TA","936744843","73.9385","Israel"
"6509","Arabian Contracting Services Company","4071.SR","936051790","17.0191","Saudi Arabia"
"6510","WIN Semiconductors","3105.TWO","936015496","11.5808","Taiwan"
"6511","Formosa Taffeta","1434.TW","935881687","0.556254","Taiwan"
"6512","Marcus Corporation","MCS","935756096","30.35","United States"
"6513","Voyageurs du Monde","ALVDM.PA","935665264","208.528","France"
"6514","Black Diamond Group","BDI.TO","934767940","13.6252","Canada"
"6515","Nextdoor","NXDR","934399936","2.45","United States"
"6516","Dor Alon Energy In Israel","DRAL.TA","934139350","59.0231","Israel"
"6517","Standard Chartered Bank (Pakistan)","SCBPL.PK","933658886","0.241157","Pakistan"
"6518","Hunting PLC","HTG.L","933504328","6.41898","United Kingdom"
"6519","Alkhorayef Water and Power Technologies Company","2081.SR","933122034","26.6606","Saudi Arabia"
"6520","Bank ABC (Arab Banking Corporation)","ABC.BH","932999990","0.86","Bahrain"
"6521","PagerDuty","PD","932823296","12.17","United States"
"6522","Renta 4 Banco","R4.MC","931760292","22.8972","Spain"
"6523","Prashkovsky Investments and Construction","PRSK.TA","931673604","43.5703","Israel"
"6524","Sequent Scientific","SEQUENT.NS","931273369","2.13731","India"
"6525","Eve Holding, Inc.","EVEX","930458560","2.67","United States"
"6526","Vulcan Energy Resources","VUL.AX","930132999","1.9432","Australia"
"6527","Anteris Technologies","AVR.AX","929563290","9.53805","Australia"
"6528","Riken Keiki","7734.T","929284651","20.4437","Japan"
"6529","Orient Corporation","8585.T","928925614","5.42642","Japan"
"6530","Winnebago Industries","WGO","928915840","32.86","United States"
"6531","DBV Technologies","DBVT","928861056","14.78","France"
"6532","Xvivo Perfusion AB","XVIVO.ST","928375180","29.4727","Sweden"
"6533","Nippon Seiki","7287.T","927428368","16.1341","Japan"
"6534","4D Molecular Therapeutics","FDMT","925892992","16.76","United States"
"6535","NCC Limited","NCC.NS","925280802","1.47374","India"
"6536","Amphastar Pharmaceuticals","AMPH","924774912","21.74","United States"
"6537","San-Ai Obbli","8097.T","924619754","14.9416","Japan"
"6538","GAG Immobilien","GWK3.HM","924267507","57.243","Germany"
"6539","Trican Well Service","TCW.TO","923932282","4.41368","Canada"
"6540","Telecom Plus PLC","TEP.L","923737824","11.9122","United Kingdom"
"6541","Hanmi Financial","HAFC","923574336","31.15","United States"
"6542","Adlai Nortye","ANL","922822400","14.33","Cayman Islands"
"6543","HMH Holding","HMH","922619776","21","United States"
"6544","Fuji Kyuko","9010.T","921350066","17.3519","Japan"
"6545","Vesuvius India","VESUVIUS.NS","920650850","4.5361","India"
"6546","Canon Electronics Inc.","7739.T","920553236","22.5062","Japan"
"6547","MFA Financial","MFA","919900288","9.1","United States"
"6548","Kuwait Cement Company","KCEM.KW","919366883","1289.48","Kuwait"
"6549","Prodea Real Estate Investment Company","PRODEA.AT","918065190","3.45794","Greece"
"6550","AOKI Holdings","8214.T","917600387","10.9033","Japan"
"6551","Sable Offshore","SOC","917136576","4.78","United States"
"6552","Kopin Corporation","KOPN","916351936","4.93","United States"
"6553","Arafura Rare Earths","ARU.AX","916341816","0.1509","Australia"
"6554","Adaptive Biotechnologies","ADPT","916254080","22.9","United States"
"6555","Forum Energy Technologies","FET","915673344","81.42","United States"
"6556","Tronox","TROX","915081216","5.73","United States"
"6557","AG Barr","BAG.L","914045205","8.23645","United Kingdom"
"6558","XPS Pensions Group","XPS.L","913518073","4.49941","United Kingdom"
"6559","Flotek Industries","FTK","911668160","25.17","United States"
"6560","Fox Factory Holding","FOXF","911232064","21.68","United States"
"6561","SpyGlass Pharma","SGP","910788480","27.23","United States"
"6562","Lucky Strike Entertainment","LUCK","909668800","6.67","United States"
"6563","Vietcap Securities","VCI.VN","909636055","0.79262","Vietnam"
"6564","Jastrzebska Spólka Weglowa","JSW.WA","909484872","7.74612","Poland"
"6565","Autoneum Holding","AUTN.SW","909363468","156.659","Switzerland"
"6566","Greenfire Resources","GFR","908512192","6.18","Canada"
"6567","Bloomin' Brands","BLMN","908437952","10.61","United States"
"6568","Oxford Lane Capital","OXLC","908141760","9.3","United States"
"6569","Menicon Co., Ltd.","7780.T","907560478","12.2221","Japan"
"6570","Ryerson","RYI","907088320","28.16","United States"
"6571","Star Asia Investment Corporation","3468.T","907060018","337.574","Japan"
"6572","Webjet Limited","WEB.AX","906964716","2.50552","Australia"
"6573","CrossAmerica Partners","CAPL","905469632","23.72","United States"
"6574","Reformation Inc.","REF","905047488","15.32","United States"
"6575","Hexatronic Group AB","HTRO.ST","903713884","4.0912","Sweden"
"6576","Mitsubishi Pencil","7976.T","903412685","18.0649","Japan"
"6577","SAKURA Internet","3778.T","902855572","22.5575","Japan"
"6578","Evertz Technologies","ET.TO","900565463","11.9148","Canada"
"6579","Beta Bionics","BBNX","900243648","20.01","United States"
"6580","Boozt","BOOZT.ST","899347870","15.4255","Sweden"
"6581","Sun Frontier Fudousan","8934.T","899160478","15.724","Japan"
"6582","X-FAB","XFAB.PA","898857489","6.88084","Belgium"
"6583","ADS-TEC Energy","ADSE","897800256","11.95","Ireland"
"6584","PageGroup","PAGE.L","897797409","2.88344","United Kingdom"
"6585","Playtika","PLTK","896332672","2.35","Israel"
"6586","Abacus Global Management","ABX","894799040","9.15","United States"
"6587","Morgan Advanced Materials","MGAM.L","893736397","3.23332","United Kingdom"
"6588","Karoon Energy","KAR.AX","893028760","1.27909","Australia"
"6589","JVCKENWOOD Corporation","6632.T","892383433","6.27634","Japan"
"6590","Engro Fertilizers","EFERT.PK","891226792","0.667436","Pakistan"
"6591","R&S Group","RSGN.SW","891166483","23.9868","Switzerland"
"6592","Collegium Pharmaceutical","COLL","890916800","28.74","United States"
"6593","Toyobo Co., Ltd.","3101.T","890888875","10.0957","Japan"
"6594","PeptiDream","4587.T","890735770","6.92814","Japan"
"6595","Funding Circle","FCH.L","890522979","3.14483","United Kingdom"
"6596","Morguard","MRC.TO","889984637","83.3454","Canada"
"6597","Lesha Bank","QFBQ.QA","889538436","0.794231","Qatar"
"6598","The Shikoku Bank","8387.T","889302206","21.2324","Japan"
"6599","Investcorp Capital","ICAP.AE","889107976","0.41","United Arab Emirates"
"6600","Jinko Solar","JKS","888198336","16.96","China"
"6601","RFA Financial Inc.","RFA.TO","887786057","19.4014","Canada"
"6602","GrainCorp","GNC.AX","887775466","3.99317","Australia"
"6603","Pharmanutra","PHN.MI","887046797","92.6402","Italy"
"6604","Miramar Hotel and Investment","0071.HK","885510264","1.28157","Hong Kong"
"6605","Beazer Homes USA","BZH","885496704","33.19","United States"
"6606","EverQuote","EVER","885393216","25.03","United States"
"6607","Apollo Commercial Real Estate Finance","ARI","884663488","6.9","United States"
"6608","Scanfil","SCANFL.HE","884183695","13.4579","Finland"
"6609","Kiwi Property","KPG.NZ","883955569","0.535555","New Zealand"
"6610","Krosaki Harima","5352.T","883732789","26.2423","Japan"
"6611","LSI Industries","LYTS","883300416","24.06","United States"
"6612","SI-BONE","SIBN","882994240","19.91","United States"
"6613","Theravance Biopharma","TBPH","882099584","16.99","Cayman Islands"
"6614","Ubisoft","UBI.PA","881738311","6.48598","France"
"6615","Elders Limited","ELD.AX","880821519","4.08926","Australia"
"6616","Ibotta","IBTA","880266432","37.9","United States"
"6617","Kelsian Group","KLS.AX","878838152","3.23511","Australia"
"6618","SP Group A/S","SPG.CO","878182513","74.8526","Denmark"
"6619","Troax Group AB","TROAX.ST","878095673","14.6728","Sweden"
"6620","Achieve Life Sciences","ACHV","877758208","8.53","Canada"
"6621","Deyaar Development","DEYAAR.AE","876930899","0.200403","United Arab Emirates"
"6622","Sun Country Airlines","SNCY","876356672","16.17","United States"
"6623","Shin Nippon Air Technologies","1952.T","875125669","19.2448","Japan"
"6624","Dexco","DXCO3.SA","874827526","0.963604","Brazil"
"6625","MedCap","MCAP.ST","874808217","58.4154","Sweden"
"6626","Root Insurance","ROOT","874748992","56.46","United States"
"6627","Criteo","CRTO","874606464","17.85","France"
"6628","RAK Properties","RAKPROP.AE","874040182","0.29","United Arab Emirates"
"6629","Amerigo Resources","ARG.TO","874017940","5.41383","Canada"
"6630","Hanza AB","HANZA.ST","873449300","13.8882","Sweden"
"6631","Capital City Bank Group","CCBG","872606976","50.99","United States"
"6632","Compass Diversified Holdings","CODI","871984896","11.59","United States"
"6633","Vital Healthcare Property Trust","VHP.NZ","871726066","1.08004","New Zealand"
"6634","Rackspace Technology","RXT","871665152","3.42","United States"
"6635","Galaxy Surfactants","GALAXYSURF.NS","871343467","24.5762","India"
"6636","National Corporation for Tourism &amp; Hotels","NCTH.AE","871342387","0.4","United Arab Emirates"
"6637","Talkspace","TALK","870574976","5.25","United States"
"6638","Toyo Engineering Corporation","6330.T","869991738","14.8469","Japan"
"6639","Al-Dawaa Medical Services Company","4163.SR","869786342","10.2328","Saudi Arabia"
"6640","EuroTeleSites","ETS.VI","869439171","5.23365","Austria"
"6641","Apogee Enterprises","APOG","869373120","41.66","United States"
"6642","Covenant Logistics","CVLG","869188928","34.25","United States"
"6643","Rigel Pharmaceuticals","RIGL","868857664","46.96","United States"
"6644","HSBC Oman","HBMO.OM","867668167","0.433766","Oman"
"6645","Navient","NAVI","867500352","9.25","United States"
"6646","Safilo Group","SFL.MI","867291433","2.21612","Italy"
"6647","Mitani Sekisan","5273.T","866596961","12.3672","Japan"
"6648","SmartFinancial (SmartBank)","SMBK","866037632","50.65","United States"
"6649","InMode","INMD","865464320","15.04","Israel"
"6650","WH Smith","SMWH.L","865456384","5.75054","United Kingdom"
"6651","UP Fintech (Tiger Brokers)","TIGR","864911232","4.84","China"
"6652","Cybozu","4776.T","864428524","19.0556","Japan"
"6653","Takara Bio","4974.T","863722455","7.17286","Japan"
"6654","Pick n Pay Stores","PIK.JO","862107500","1.17392","South Africa"
"6655","Cardinal Infrastructure Group","CDNL","862097344","43.33","United States"
"6656","Delta Israel Brands","DLTI.TA","861775490","34.4329","Israel"
"6657","Close Brothers Group","CBG.L","861759311","5.71786","United Kingdom"
"6658","Hippo Holdings","HIPO","861349376","32.64","United States"
"6659","Fastned","FAST.AS","860651283","44.2173","Netherlands"
"6660","Helus Pharma","HELP","860648832","11.78","Canada"
"6661","World Acceptance Corporation","WRLD","860589888","184.55","United States"
"6662","Standard Motor Products","SMP","860475776","38.65","United States"
"6663","Employers Holdings","EIG","860128640","47.89","United States"
"6664","Scandinavian Tobacco Group","STG.CO","859972154","10.9207","Denmark"
"6665","Hosiden Corporation","6804.T","859872537","17.4655","Japan"
"6666","Sanyo Chemical Industries","4471.T","859815781","38.8683","Japan"
"6667","Phoenix Group","PHX.AE","859741288","0.14","United Arab Emirates"
"6668","Transcat","TRNS","858949760","91.77","United States"
"6669","Quantum Corporation","QMCO","858743936","21.79","United States"
"6670","Kura Sushi,Inc.","2695.T","858638754","10.8024","Japan"
"6671","United States Antimony Corporation","UAMY","857605504","5.73","United States"
"6672","Pexip","PEXIP.OL","857311408","8.2001","Norway"
"6673","Compañía de Acero del Pacífico","CAP.SN","857172235","5.73558","Chile"
"6674","Canada Goose","GOOS","856483584","8.77","Canada"
"6675","Rockhopper Exploration","RKH.L","856215880","0.996542","United Kingdom"
"6676","JM AB","JM.ST","856193845","13.2733","Sweden"
"6677","BML, Inc.","4694.T","856178786","22.8414","Japan"
"6678","ProFrac","ACDC","855976960","4.7","United States"
"6679","FACC AG","FACC.VI","855887844","18.6916","Austria"
"6680","Postal Realty Trust","PSTL","855801664","22.77","United States"
"6681","Great Southern Bancorp","GSBC","855781184","78.53","United States"
"6682","Magic Software","MGIC","853345856","17.38","Israel"
"6683","Borosil","BORORENEW.NS","852651934","5.79311","India"
"6684","Core Lithium Ltd","CXO.AX","852456886","0.263364","Australia"
"6685","Synsam","SYNSAM.ST","851936610","5.86274","Sweden"
"6686","Mitek Systems","MITK","851910400","18.88","United States"
"6687","Skellerup Holdings","SKL.NZ","851724248","4.34395","New Zealand"
"6688","IQE plc","IQE.L","851669644","0.639856","United Kingdom"
"6689","Sabre","SABR","851560512","2.11","United States"
"6690","Yanlord","Z25.SI","851017080","0.440591","Singapore"
"6691","Satellogic","SATL","850181696","5.53","United States"
"6692","B Communications","BCOM.TA","850162312","8.08819","Israel"
"6693","Koppers Holdings","KOP","849129408","44.9","United States"
"6694","SKF India","SKFINDIA.NS","848897713","17.171","India"
"6695","Hello Group Inc.","MOMO","848808832","5.745","China"
"6696","PSI Software","PSAN.DE","848460256","52.5701","Germany"
"6697","Bank Jago","ARTO.JK","846956155","0.0611021","Indonesia"
"6698","Yubico","YUBICO.ST","846494548","9.86911","Sweden"
"6699","indie Semiconductor","INDI","846210816","4.005","United States"
"6700","Silence Therapeutics","SLN","845917120","13.61","United Kingdom"
"6701","Latham Group","SWIM","845875392","7.19","United States"
"6702","ACLEDA Bank","ABC.KH","845300892","1.95","Cambodia"
"6703","Dakota Gold","DC","845289856","6.3","United States"
"6704","Aubay","AUB.PA","845262648","66.3551","France"
"6705","JCU Corporation","4975.T","845077738","34.3252","Japan"
"6706","Japan Pulp and Paper Company","8032.T","844669389","7.66008","Japan"
"6707","KOMEDA Holdings","3543.T","844536443","18.5571","Japan"
"6708","Aspen Group","APZ.AX","844284073","3.70845","Australia"
"6709","Astra Agro Lestari","AALI.JK","844256214","0.438646","Indonesia"
"6710","Mattr Corp.","MATR.TO","843830515","13.7629","Canada"
"6711","Clairvest Group","CVG.TO","843605740","63.0454","Canada"
"6712","Stingray Group","RAY-A.TO","843548063","12.3987","Canada"
"6713","Petco","WOOF","842417472","2.95","United States"
"6714","GCM Grosvenor","GCMG","842319936","13.78","United States"
"6715","Metallus","MTUS","842130560","20.23","United States"
"6716","Eagle Bancorp","EGBN","841967360","27.62","United States"
"6717","CEVA","CEVA","841806720","29.9","United States"
"6718","Cathay Real Estate Development","2501.TW","841793207","0.725959","Taiwan"
"6719","Restar Corporation","3156.T","840955789","29.9084","Japan"
"6720","Vishay Precision Group","VPG","840918784","63.13","United States"
"6721","Sparebanken Sør","SOR.OL","840479500","20.1631","Norway"
"6722","Hartalega","5168.KL","840253954","0.246592","Malaysia"
"6723","Dynavox Group","DYVOX.ST","839980635","7.91947","Sweden"
"6724","Mishra Dhatu Nigam","MIDHANI.NS","839422875","4.48075","India"
"6725","Heiwado","8276.T","839413522","16.9733","Japan"
"6726","Viant Technology","DSP","839089984","12.59","United States"
"6727","Catapult Group International","CAT.AX","838912883","2.65499","Australia"
"6728","Pharming Group","PHAR","838720832","11.85","Netherlands"
"6729","Jumia","JMIA","838341760","6.73","Germany"
"6730","Nufarm","NUF.AX","838315568","2.18165","Australia"
"6731","IP Group","IPO.L","837075824","0.947532","United Kingdom"
"6732","Kvutzat Acro","ACRO.TA","837051469","13.2726","Israel"
"6733","YIT","YIT.HE","836893826","3.62734","Finland"
"6734","Mahindra Lifespaces","MAHLIFE.NS","836664943","3.91726","India"
"6735","Yalla Group","YALA","836577792","5.51","United Arab Emirates"
"6736","Vitasoy","0345.HK","836069038","0.82186","Hong Kong"
"6737","Super Hi International","9658.HK","835810099","1.42056","Singapore"
"6738","HealthStream","HSTM","834800704","28.55","United States"
"6739","Westrock Coffee","WEST","834714176","8.55","United States"
"6740","Lincoln Educational Services","LINC","834274880","26.3","United States"
"6741","ASGN","ASGN","833931008","19.53","United States"
"6742","Archicom","ARH.WA","833064908","14.2414","Poland"
"6743","Sky Harbour Group","SKYH","832956096","10.34","United States"
"6744","South Plains Financial","SPFI","832876800","44.21","United States"
"6745","Gilat Satellite Networks","GILT","832690624","10.81","Israel"
"6746","Recticel","RECT.BR","832563957","14.6729","Belgium"
"6747","Advanced Medical Solutions Group","AMS.L","832450301","3.82552","United Kingdom"
"6748","Gulf International Services","GISS.QA","832199501","0.447802","Qatar"
"6749","Safe Bulkers","SB","831979456","8.17","Monaco"
"6750","PennyMac Mortgage Investment Trust","PMT","831910528","9.54","United States"
"6751","Bright Minds Biosciences","DRUG","831474048","84.74","United States"
"6752","LightPath Technologies","LPTH","831331776","13.24","United States"
"6753","Monopar Therapeutics","MNPR","831235328","123.84","United States"
"6754","Bank Nizwa","BKNZ.OM","830868290","0.371429","Oman"
"6755","WhiteFiber","WYFI","830572800","21.38","United States"
"6756","Aisan Industry","7283.T","830512390","14.4936","Japan"
"6757","Paul Hartmann","PHH2.F","829846274","233.645","Germany"
"6758","Riley Exploration Permian","REPX","828994560","37.42","United States"
"6759","Oxford Biomedica","OXB.L","828890805","6.84782","United Kingdom"
"6760","Budget Saudi (United International Transportation Company)","4260.SR","828630657","7.92628","Saudi Arabia"
"6761","Synektik Spólka Akcyjna","SNT.WA","828559508","97.1447","Poland"
"6762","Heritage Commerce","HTBK","828429632","13.45","United States"
"6763","Groupon","GRPN","827538816","20.35","United States"
"6764","Galliford Try","GFRD.L","826771558","8.37259","United Kingdom"
"6765","MediaAlpha","MAX","826451008","13.49","United States"
"6766","CryoPort","CYRX","826086784","16.31","United States"
"6767","Thermador Groupe","THEP.PA","826007022","90.0701","France"
"6768","Cantaloupe","CTLP","825815936","11.2","United States"
"6769","CTO Realty Growth","CTO","825804608","22.03","United States"
"6770","Daily Journal","DJCO","824222016","598.15","United States"
"6771","Indian Metals &amp; Ferro Alloys","IMFA.NS","823092694","15.2554","India"
"6772","Nissan Shatai","7222.T","823054229","6.07632","Japan"
"6773","Caisse régionale de Crédit Agricole Mutuel d'Ille-et-Vilaine","CIV.PA","823027134","136.869","France"
"6774","Ålandsbanken","ALBAV.HE","822742200","53.3879","Finland"
"6775","Rapid7","RPD","822624832","12.205","United States"
"6776","Piaggio","PIA.MI","821899059","2.33645","Italy"
"6777","Orrstown Financial Services","ORRF","821403520","41.76","United States"
"6778","Alpha &amp; Omega Semiconductor","AOSL","821066432","27.14","United States"
"6779","Volaris","VLRS","820752768","7.14","Mexico"
"6780","Religare","RELIGARE.NS","820624646","2.40488","India"
"6781","GungHo Online Entertainment","3765.T","820442294","15.6672","Japan"
"6782","Independent Bank Corporation","IBCP","820264000","36.95","United States"
"6783","WELL Health Technologies","WELL.TO","819891230","3.20336","Canada"
"6784","Esperion Therapeutics","ESPR","819464832","3.18","United States"
"6785","Merida Industry","9914.TW","819340188","2.74041","Taiwan"
"6786","American Public Education","APEI","818994112","44.75","United States"
"6787","Bunka Shutter","5930.T","818850921","11.6416","Japan"
"6788","Iress Limited","IRE.AX","817677675","4.37754","Australia"
"6789","Wiit S.p.A.","WIIT.MI","816061377","32.7687","Italy"
"6790","Arjo AB","ARJO-B.ST","816030199","2.99604","Sweden"
"6791","REVO Insurance S.p.A.","REVO.MI","815776817","28.3878","Italy"
"6792","Royal holdings","8179.T","815718935","8.27844","Japan"
"6793","Southern Missouri Bancorp","SMBC","814932224","74.01","United States"
"6794","Kingfa Science & Technology","KINGFA.NS","814133113","60.0775","India"
"6795","Alerus Financial","ALRS","813837824","32.68","United States"
"6796","Minto Apartment Real Estate Investment Trust","MI-UN.TO","813423695","13.0381","Canada"
"6797","BASSAC","BASS.PA","812484181","50.5841","France"
"6798","FRoSTA AG","NLM.F","811188256","119.159","Germany"
"6799","Yokorei Co.,Ltd.","2874.T","810479402","13.6922","Japan"
"6800","Kohnan Shoji","7516.T","810140834","28.047","Japan"
"6801","Power Mech Projects","POWERMECH.NS","810096707","25.6228","India"
"6802","TANLA","TANLA.NS","809878437","6.13309","India"
"6803","Costain Group","COST.L","809688975","3.06995","United Kingdom"
"6804","Basler Aktiengesellschaft","BSL.DE","808463097","26.285","Germany"
"6805","Aura Biosciences","AURA","807860480","7.79","United States"
"6806","Solstad Offshore","SOFF.OL","806643525","7.42732","Norway"
"6807","IDOM Inc.","7599.T","806506734","8.03236","Japan"
"6808","Channel Infrastructure NZ Limited","CHI.NZ","806338899","1.94585","New Zealand"
"6809","Financial Institutions","FISI","806187200","40.91","United States"
"6810","Ethos Watches","ETHOSLTD.NS","806171104","30.1286","India"
"6811","Tuas Limited","TUA.AX","806063193","1.46986","Australia"
"6812","Egypt Kuwait Holding Company","EKHOLDING.KW","805906644","685.921","Egypt"
"6813","Thurgauer Kantonalbank","TKBP.SW","805815904","201.454","Switzerland"
"6814","Yuasa Trading","8074.T","805197535","38.2373","Japan"
"6815","Tinexta","TNXT.MI","804177938","17.5234","Italy"
"6816","Worldline","WLN.PA","804044405","14.2336","France"
"6817","Yesway, Inc.","YSWY","803340032","25.76","United States"
"6818","Sakata INX Corporation","4633.T","802937607","16.5127","Japan"
"6819","SunCoke Energy","SXC","802916096","9.46","United States"
"6820","Abraj Energy Services","ABRJ.OM","802208332","1.04156","Oman"
"6821","Barrett Business Services","BBSI","801942080","33.09","United States"
"6822","Dometic Group","DOM.ST","801421634","2.50836","Sweden"
"6823","World Co., Ltd.","3612.T","801030720","10.5121","Japan"
"6824","Ferrari Group PLC","046.F","801008218","8.77336","United Kingdom"
"6825","Montrose Environmental","MEG","800798912","22.14","United States"
"6826","Ottogi","007310.KS","800572134","232.77","South Korea"
"6827","Harworth Group","HWG.L","799622658","2.45868","United Kingdom"
"6828","The Japan Wool Textile Co., Ltd. (Nikke Group)","3201.T","799347495","12.2725","Japan"
"6829","Total Energy Services","TOT.TO","799306588","21.8003","Canada"
"6830","Emirates Stallions Group (ESG)","ESG.AE","799161350","3.2","United Arab Emirates"
"6831","Peapack-Gladstone Financial","PGC","798821568","45.06","United States"
"6832","Burelle","BUR.PA","798708630","455.607","France"
"6833","Air New Zealand","AIR.NZ","798529109","0.24695","New Zealand"
"6834","Gulf Investment House Company","GIH.KW","798192750","1973.3","Kuwait"
"6835","Cogna Educação","COGN3.SA","797688162","0.398599","Brazil"
"6836","PAR Technology","PAR","797473024","19.28","United States"
"6837","SML MAHINDRA LIMITED","SMLMAH.NS","797472489","55.1059","India"
"6838","Sustained Infrastructure Holding Company (sisco)","2190.SR","795894690","9.78533","Saudi Arabia"
"6839","Agrana","AGR.VI","795712368","12.7336","Austria"
"6840","Riskified","RSKD","794867200","6.02","Israel"
"6841","Surge Energy","SGY.TO","794340489","8.00841","Canada"
"6842","RE/MAX Holdings","RMAX","794137344","14.41","United States"
"6843","GO (Etihad Atheeb Telecommunication Company)","7040.SR","793717401","23.3447","Saudi Arabia"
"6844","REGENXBIO","RGNX","793478592","12.02","United States"
"6845","Movado Group","MOV","793289856","35.69","United States"
"6846","Itoki Corporation","7972.T","792831483","16.0269","Japan"
"6847","Anan Investment Holding","ANAN.AE","792469542","0.32","United Arab Emirates"
"6848","TXT e-solutions","TXT.MI","791320891","62.8505","Italy"
"6849","Judo Capital Holdings","JDO.AX","790896254","0.704677","Australia"
"6850","Asseco Business Solutions","ABS.WA","790721141","24.0966","Poland"
"6851","DoubleUGames","192080.KS","789692465","40.9589","South Korea"
"6852","Neurogene","NGNE","789048768","39.43","United States"
"6853","Sanofi India Limited","SANOFI.NS","788125824","34.2208","India"
"6854","Al Majed for Oud Company","4165.SR","787700453","31.508","Saudi Arabia"
"6855","India Glycols","INDIAGLYCO.NS","786248157","11.7304","India"
"6856","First Milling Company","2283.SR","785656258","14.156","Saudi Arabia"
"6857","Logistea AB","LOGI-A.ST","785361302","1.53824","Sweden"
"6858","SiteMinder","SDR.AX","783828147","2.76888","Australia"
"6859","Bain Capital Specialty Finance","BCSF","783611584","12.08","United States"
"6860","IperionX","IPX","781485312","21.58","United States"
"6861","Obsidian Energy","OBE","780689152","11.7","Canada"
"6862","Ryoyo Ryosan Holdings","167A.T","780592485","19.4657","Japan"
"6863","Peakstone Realty Trust","PKST","780562688","20.99","United States"
"6864","Carlyle Secured Lending","CGBD","779555904","11.33","United States"
"6865","Paysign","PAYS","779177792","13.8","United States"
"6866","The Ehime Bank","8541.T","779129354","19.9389","Japan"
"6867","Ridley Corporation","RIC.AX","779109576","2.07844","Australia"
"6868","GMR Solutions Inc.","GMRS","778993088","14.42","United States"
"6869","HomeTrust Bancshares","HTB","778737536","47.1","United States"
"6870","Varex Imaging","VREX","778056768","18.46","United States"
"6871","Entravision Communications","EVC","777990400","8.43","United States"
"6872","CytomX Therapeutics","CTMX","777900416","3.57","United States"
"6873","Sheela Foam","SFL.NS","777766956","7.12219","India"
"6874","Takasago International Corporation","4914.T","777586466","7.97557","Japan"
"6875","Evli","EVLI.HE","776601639","29.3224","Finland"
"6876","Middle East Healthcare Company","4009.SR","776601279","8.43765","Saudi Arabia"
"6877","Pason Systems","PSI.TO","776515435","10.0014","Canada"
"6878","Baladna","BLDN.QA","776180725","0.346978","Qatar"
"6879","Gold Royalty Corp","GROY","776130368","3.35","Canada"
"6880","Bergman &amp; Beving","BERG-B.ST","775929463","29.0487","Sweden"
"6881","NewPrinces S.p.A.","NWL.MI","775732555","18.9019","Italy"
"6882","Genomma Lab Internacional","LABB.MX","775160419","0.792798","Mexico"
"6883","Saudi Automotive Services Company","4050.SR","773717546","11.0531","Saudi Arabia"
"6884","HIVE Digital Technologies","HIVE","773462080","2.82","Canada"
"6885","Olvi plc","OLVAS.HE","773393214","37.4796","Finland"
"6886","Park Aerospace","PKE","772820544","35.53","United States"
"6887","Hallador Energy Company","HNRG","772208128","16.38","United States"
"6888","Ponsse","PON1V.HE","771463471","27.5701","Finland"
"6889","Festi hf.","FESTI.IC","771354997","2.49735","Iceland"
"6890","Salhia Real Estate Company","SRE.KW","771197244","1282.97","Kuwait"
"6891","Cera Sanitaryware","CERA.NS","771061517","59.7955","India"
"6892","SunOpta","STKL","770973184","6.5","Canada"
"6893","First Watch Restaurant","FWRG","770788288","12.49","United States"
"6894","TXO Partners, L.P.","TXO","770705024","13.9","United States"
"6895","Tata Teleservices","TTML.NS","770594004","0.39418","India"
"6896","Allogene Therapeutics","ALLO","770444672","2.23","United States"
"6897","AdaptHealth","AHCO","770066432","5.66","United States"
"6898","CEWE","CWC.F","769979882","114.252","Germany"
"6899","Hertz","HTZ","769935040","2.16","United States"
"6900","Phnom Penh Water Supply Authority","PWSA.KH","769559683","1.61","Cambodia"
"6901","Strawberry Fields REIT","STRW","769228992","13.61","United States"
"6902","Prima Meat Packers","2281.T","769075747","15.3012","Japan"
"6903","Shore Bancshares","SHBI","768897280","23.04","United States"
"6904","Shattuck Labs","STTK","768782528","7.66","United States"
"6905","Dubai Refreshment","DRC.AE","768501872","8.53891","United Arab Emirates"
"6906","Oman Cables Industry","OCAI.OM","768391188","8.56623","Oman"
"6907","Green Dot","GDOT","767590400","13.47","United States"
"6908","Synergie SE","SDG.PA","767494723","33.7617","France"
"6909","Scholastic","SCHL","767329600","40.68","United States"
"6910","Mama's Creations","MAMA","766275328","16.48","United States"
"6911","Mitsuboshi Belting","5192.T","766105653","27.4476","Japan"
"6912","Papa John's Pizza","PZZA","766087680","23.27","United States"
"6913","Westlake Chemical Partners","WLKP","765540480","21.72","United States"
"6914","Marimaca Copper","MARI.TO","764999006","5.66749","Canada"
"6915","Ramaco Resources","METC","764462208","12.06","United States"
"6916","PubMatic","PUBM","764330048","16.78","United States"
"6917","Cromwell Property Group","CMW.AX","764278877","0.291836","Australia"
"6918","Sweetgreen","SG","764245248","6.42","United States"
"6919","Filtronic","FTC.L","763544481","3.47156","United Kingdom"
"6920","Safari Industries India","SAFARI.NS","763311874","15.5792","India"
"6921","Nissin Corporation","9066.T","762935226","51.9081","Japan"
"6922","Hibiya Engineering","1982.T","762894478","18.4877","Japan"
"6923","Autobacs Seven","9832.T","762072508","9.70445","Japan"
"6924","Showa Sangyo","2004.T","760728419","23.4093","Japan"
"6925","Construtora Tenda S.A.","TEND3.SA","760573041","6.20151","Brazil"
"6926","Noor Financial Investment Company","NOOR.KW","760476514","1494.63","Kuwait"
"6927","Lifenet Insurance Company","7157.T","760395278","9.46468","Japan"
"6928","HiteJinro","000080.KS","760356868","10.8961","South Korea"
"6929","Nuvectis Pharma","NVCT","760127168","23.33","United States"
"6930","Viridien","VIRI.PA","759902723","105.257","France"
"6931","Senshu Electric","9824.T","759669037","44.5471","Japan"
"6932","Nanosonics Limited","NAN.AX","759564270","2.54111","Australia"
"6933","GlobalData","DATA.L","758598147","1.15719","United Kingdom"
"6934","Gyre Therapeutics","GYRE","758141376","7.15","United States"
"6935","Arclands Corporation","9842.T","757916341","12.0643","Japan"
"6936","Array Technologies","ARRY","757717888","4.92","United States"
"6937","Basellandschaftliche Kantonalbank","BLKB.SW","757649134","1345.11","Switzerland"
"6938","Ferroglobe","GSM","756785088","4.05","United Kingdom"
"6939","Sakai Moving Service Co.,Ltd.","9039.T","755739995","18.7716","Japan"
"6940","Hilton Food Group plc","HFG.L","755611352","8.39982","United Kingdom"
"6941","Himalaya Shipping","HSHP","755262912","16.02","Bermuda"
"6942","Phathom Pharmaceuticals","PHAT","753996672","9.32","United States"
"6943","Ballard Power Systems","BLDP","753766272","2.5","Canada"
"6944","Golden Entertainment","GDEN","753686080","28.55","United States"
"6945","Nachi-Fujikoshi","6474.T","753662067","34.5776","Japan"
"6946","Jensen-Group","JEN.BR","753515135","80.8411","Belgium"
"6947","Oculis Holding AG","OCS","753514432","13.57","Switzerland"
"6948","Stratasys","SSYS","753248256","8.6","Israel"
"6949","Senvest Capital","SEC.TO","753146343","311.639","Canada"
"6950","International Tower Hill Mines","THM","752283328","2.83","Canada"
"6951","Ackerstein Group","ACKR.TA","752264454","2.6075","Israel"
"6952","Once Upon A Farm","OFRM","752052544","17.91","United States"
"6953","Ardmore Shipping","ASC","750360064","18.39","Bermuda"
"6954","LEM Holding","LEHN.SW","749339601","658.166","Switzerland"
"6955","Aeon Hokkaido Corporation","7512.T","748813102","5.38225","Japan"
"6956","Patrizia Immobilien","P1Z.VI","748418163","8.65654","Germany"
"6957","APG|SGA","APGN.SW","748323372","249.628","Switzerland"
"6958","Hovnanian Enterprises","HOV","748094720","127.67","United States"
"6959","Washington Trust Bancorp","WASH","747522560","39.19","United States"
"6960","National Healthcare Properties","NHP","747361984","16.88","United States"
"6961","LSB Industries","LXU","747334080","10.38","United States"
"6962","Agthia Group","AGTHIA.AE","746831830","0.9","United Arab Emirates"
"6963","Third Coast Bancshares","TCBX","746264832","44.85","United States"
"6964","Enovix","ENVX","746124992","3.4","United States"
"6965","United Development Company","UDCD.QA","746110291","0.210714","Qatar"
"6966","EVgo","EVGO","745593024","1.53","United States"
"6967","Fujibo Holdings","3104.T","744629797","22.0842","Japan"
"6968","Mitsuuroko Group Holdings","8131.T","744072840","13.6165","Japan"
"6969","Suprajit Engineering","SUPRAJIT.NS","742900195","5.41554","India"
"6970","Kirloskar Ferrous Industries","KIRLFER.NS","742304595","4.49902","India"
"6971","AO World","AO.L","741689213","1.30558","United Kingdom"
"6972","Warteck Invest","WARN.SW","741316998","2396.18","Switzerland"
"6973","TaskUs","TASK","740831168","8.08","United States"
"6974","KDH (Khang Dien House Trading and Investment)","KDH.VN","739455603","0.658925","Vietnam"
"6975","Ghitha","GHITHA.AE","739417300","3.06","United Arab Emirates"
"6976","Phreesia","PHR","738820480","11.96","United States"
"6977","Avon Protection","AVON.L","738556564","25.0769","United Kingdom"
"6978","EIZO Corporation","6737.T","738338275","18.759","Japan"
"6979","Tokyo Electron Device Limited","2760.T","737705023","25.0498","Japan"
"6980","Foresight Group","FSG.L","737588296","6.71168","United Kingdom"
"6981","Similarweb","SMWB","736876736","8.35","Israel"
"6982","Karnov Group","KAR.ST","736794328","7.66503","Sweden"
"6983","Südwestdeutsche Salzwerke","SSH.F","736506985","70.0935","Germany"
"6984","Barco NV","BAR.BR","735917901","9.04206","Belgium"
"6985","Al Meera Consumer Goods Company","MERS.QA","735714300","3.57143","Qatar"
"6986","Sukoon Insurance","SUKOON.AE","735705489","1.59288","United Arab Emirates"
"6987","BILDCO (Abu Dhabi National Building Materials Co.)","BILDCO.AE","735173985","0.49","United Arab Emirates"
"6988","BitGo","BTGO","734660160","6.25","United States"
"6989","LINK Mobility Group","LINK.OL","734573819","2.80993","Norway"
"6990","Momentum Group AB","MMGR-B.ST","733757214","14.8424","Sweden"
"6991","Phu Nhuan Jewelry (PNJ)","PNJ.VN","733016427","1.43245","Vietnam"
"6992","Allied Bank (Pakistan)","ABL.PK","733007489","0.64014","Pakistan"
"6993","DRI Healthcare Trust","DHT-UN.TO","731955376","13.0091","Canada"
"6994","Pakistan Oilfields Limited","POL.PK","731945595","2.57859","Pakistan"
"6995","PRA Group","PRAA","731877312","19.44","United States"
"6996","JK Paper","JKPAPER.NS","731672355","4.03528","India"
"6997","Frequency Electronics","FEIM","731601152","66.77","United States"
"6998","PennantPark Floating Rate Capital Ltd.","PFLT","730243712","7.36","United States"
"6999","Transport Corporation of India","TCI.NS","728725501","9.48477","India"
"7000","SF Urban Properties (SFP)","SFPN.SW","727997111","124.626","Switzerland"
"7001","Waga Energy","WAGA.PA","727889415","27.2196","France"
"7002","Mochida Pharmaceutical","4534.T","727752832","20.633","Japan"
"7003","Auction Technology Group","ATG.L","727323280","6.00648","United Kingdom"
"7004","Séché Environnement","SCHP.PA","726629303","93.5748","France"
"7005","Cass Information Systems","CASS","726108672","56.7","United States"
"7006","Rain Industries","RAIN.NS","725786946","2.15786","India"
"7007","Rosenbauer International","ROS.VI","724485976","71.028","Austria"
"7008","Tectonic Therapeutic","TECX","724108544","37.04","United States"
"7009","Riyadh Cement Company","3092.SR","723272742","6.02727","Saudi Arabia"
"7010","Algoma Central Corporation","ALC.TO","723270291","17.8287","Canada"
"7011","Grupo Supervielle","SUPV","722987776","7.65","Argentina"
"7012","VP Bank","VPBN.SW","722233996","115.617","Liechtenstein"
"7013","Propel Holdings","PRL.TO","722225455","18.3432","Canada"
"7014","Iguatemi","IGTI3.SA","722053909","0.599834","Brazil"
"7015","K-Electric","KEL.PK","721920340","0.0261421","Pakistan"
"7016","Kornit Digital","KRNT","721408192","16.79","Israel"
"7017","Ironwood Pharmaceuticals","IRWD","720446208","4.36","United States"
"7018","Zevra Therapeutics","ZVRA","720325248","12.13","United States"
"7019","THG (The Hut Group)","THG.L","720256523","0.45389","United Kingdom"
"7020","Johnson Service Group PLC","JSG.L","719783323","1.98219","United Kingdom"
"7021","Interfor","IFP.TO","719251575","10.9364","Canada"
"7022","Better Collective A/S","BETCO-DKK.CO","718310868","12.5768","Denmark"
"7023","Italtile","ITE.JO","718134700","0.602488","South Africa"
"7024","Velocity Financial","VEL","717378048","18.17","United States"
"7025","Pantoro Limited","PNR.AX","717093351","1.83999","Australia"
"7026","Cancom","COK.F","716813901","24.9416","Germany"
"7027","Caisse Régionale de Crédit Agricole du Morbihan","CMO.PA","716627060","136.682","France"
"7028","Daiichi Jitsugyo","8059.T","716554916","22.5575","Japan"
"7029","Mühlbauer Holding","MUB.DE","716223771","50.4673","Germany"
"7030","Campus Activewear","CAMPUS.NS","715678091","2.34127","India"
"7031","Mensch und Maschine","MUM.F","714344443","42.8738","Germany"
"7032","Fundamenta Real Estate AG","FREN.SW","714284587","20.8962","Switzerland"
"7033","ENCE Energía y Celulosa","ENC.MC","713381154","2.94626","Spain"
"7034","Bloomsbury Publishing","BMY.L","713185714","8.82185","United Kingdom"
"7035","Pakuwon Jati Tbk","PWON.JK","712715679","0.014799","Indonesia"
"7036","Zignago Vetro","ZV.MI","712515359","8.07243","Italy"
"7037","Kossan Rubber Industries","7153.KL","712027705","0.282528","Malaysia"
"7038","Maharah for Human Resources Company","1831.SR","711710401","1.24913","Saudi Arabia"
"7039","Sto SE &amp; Co. KGaA","STO3.DE","711664518","110.748","Germany"
"7040","Qualitas Limited","QAL.AX","711240874","2.3596","Australia"
"7041","XOMA Royalty","XOMA","710155008","40.17","United States"
"7042","Shenzhen Bingchuan Network","300533.SZ","708706279","2.15907","China"
"7043","Vitesse Energy","VTS","708194560","16.82","United States"
"7044","Japan Lifeline","7575.T","707812885","10.0893","Japan"
"7045","Weebit Nano","WBT.AX","707643955","2.94327","Australia"
"7046","Arrow Financial","AROW","707235776","38.18","United States"
"7047","Enhabit","EHAB","706913408","13.8","United States"
"7048","SNP Schneider-Neureither &amp; Partner","SHF.DE","706791546","96.9626","Germany"
"7049","Verra Mobility","VRRM","706720064","4.65","United States"
"7050","Doman Building Materials Group","DBM.TO","706102458","8.03352","Canada"
"7051","SOPHiA GENETICS","SOPH","704858368","8.28","Switzerland"
"7052","Southern Province Cement Company","3050.SR","704735481","5.03383","Saudi Arabia"
"7053","Bank AL Habib","BAHL.PK","704334284","0.633722","Pakistan"
"7054","Mediterranean Towers","MDTR.TA","703894316","4.62913","Israel"
"7055","Evotec","EVO","703670464","1.98","Germany"
"7056","Hutchison Telecommunications Hong Kong Holdings","0215.HK","703632503","0.146009","Hong Kong"
"7057","DATAGROUP SE","D6H.DE","703390793","84.8","Germany"
"7058","Camping World","CWH","702405440","6.8","United States"
"7059","Okamoto Industries","5122.T","702348399","41.3291","Japan"
"7060","Contango Ore","CTGO","702254528","21","United States"
"7061","Energy Vault","NRGV","701900736","3.86","United States"
"7062","American Woodmark","AMWD","700651840","48.09","United States"
"7063","IPH Limited","IPH.AX","700523687","2.73329","Australia"
"7064","Community West Bancshares","CWBC","700333824","25.81","United States"
"7065","Slate Grocery REIT","SGR-UN.TO","699236430","11.7988","Canada"
"7066","Axial Retailing","8255.T","699155212","8.01343","Japan"
"7067","Consensus Cloud Solutions","CCSI","698545984","38.12","United States"
"7068","Acast AB","ACAST.ST","698333467","3.82721","Sweden"
"7069","Peoples Financial Services","PFIS","697222080","69.65","United States"
"7070","Janus International Group","JBI","697186944","5.11","United States"
"7071","Property For Industry","PFI.NZ","696544530","1.38649","New Zealand"
"7072","GOLDCREST Co.,Ltd.","8871.T","696224144","20.9485","Japan"
"7073","Samhällsbyggnadsbolaget i Norden","SBB-B.ST","695950544","0.356535","Sweden"
"7074","The Shibusawa Warehouse","9304.T","695856320","12.5565","Japan"
"7075","Pinewood Technologies Group","PINE.L","695718150","6.0446","United Kingdom"
"7076","Cicor Technologies","CICN.SW","695569397","159.411","Switzerland"
"7077","Shen Zhen Shengxunda Technology (gamexun)","300518.SZ","695514880","3.48784","China"
"7078","Ascopiave","ASC.MI","695331883","3.21262","Italy"
"7079","mobilezone Holding","MOZN.SW","695262126","16.1163","Switzerland"
"7080","MLP Group S.A.","MLG.WA","695137669","28.9701","Poland"
"7081","BFF Bank","BFF.MI","695131359","3.67991","Italy"
"7082","Aditya Birla Fashion and Retail","ABFRL.NS","694662213","0.570903","India"
"7083","SLR Investment","SLRC","694480448","12.73","United States"
"7084","Ricegrowers Limited","SGLLV.AX","693524003","10.0149","Australia"
"7085","2CRSI","AL2SI.PA","692064294","30.6308","France"
"7086","OrthoPediatrics","KIDS","691909376","26.5","United States"
"7087","PVA TePla AG","TPE.DE","691886799","33.8785","Germany"
"7088","CIR S.p.A. - Compagnie Industriali Riunite","CIR.MI","691814126","0.836449","Italy"
"7089","Osisko Development","ODV","691717504","2.27","Canada"
"7090","The Manitowoc Company","MTW","691668544","19.18","United States"
"7091","Lumibird","LBIRD.PA","690839696","31.3084","France"
"7092","Information Services Corporation","ISC.TO","690798338","36.9401","Canada"
"7093","Arena REIT","ARF.AX","690230205","1.69051","Australia"
"7094","Halfords Group","HFD.L","689958856","3.18567","United Kingdom"
"7095","EPC Groupe","EXPL.PA","689607621","322.43","France"
"7096","MCAN Mortgage Corporation","MKP.TO","689418381","16.8503","Canada"
"7097","Viña Concha y Toro","CONCHATORO.SN","689253686","0.932672","Chile"
"7098","IsoEnergy","ISO.TO","688602448","10.5523","Canada"
"7099","Donegal Group","DGICA","685788160","18.51","United States"
"7100","Matthews International Corporation","MATW","685753344","21.97","United States"
"7101","Rashtriya Chemicals and Fertilizers","RCF.NS","685699125","1.24291","India"
"7102","Civmec Limited","CVL.AX","685594180","1.34529","Australia"
"7103","Minerva S.A.","BEEF3.SA","684657827","0.690776","Brazil"
"7104","Mutares","MUX.DE","684598649","31.4252","Germany"
"7105","IDEC Corporation","6652.T","684304123","23.1254","Japan"
"7106","New Found Gold","NFGC","684156416","1.78","Canada"
"7107","The Rank Group","RNK.L","683351052","1.46759","United Kingdom"
"7108","Granite Ridge Resources","GRNT","683243200","5.18","United States"
"7109","Pollen Street Group","POLN.L","683226283","11.531","United Kingdom"
"7110","Liberty Financial Group","LFG.AX","682878519","2.24927","Australia"
"7111","Oeneo","SBT.PA","682044257","10.8879","France"
"7112","Tiptree","TIPT","681113984","18.29","United States"
"7113","GFT Technologies","GFT.DE","680931808","26.6355","Germany"
"7114","Norma Group","NOEJ.F","680071995","23.715","Germany"
"7115","Systems Limited (Pakistan)","SYS.PK","680041023","0.461544","Pakistan"
"7116","SPARC","SPARC.NS","679596259","2.09415","India"
"7117","National Investments Company (Kuwait)","NINV.KW","679529226","853.142","Kuwait"
"7118","Ecclesiastical Insurance Office plc","ELLA.L","679526012","1.93775","United Kingdom"
"7119","Aoyama Trading","8219.T","678910038","4.78282","Japan"
"7120","Greenlam Industries","GREENLAM.NS","678622601","2.65972","India"
"7121","Artea Bankas","ROE1L.VS","678389303","1.05023","Lithuania"
"7122","Legacy Housing Corporation","LEGH","678251264","28.52","United States"
"7123","Doshisha Co.","7483.T","677621980","18.8789","Japan"
"7124","Udemy","UDMY","677283328","4.63","United States"
"7125","Agomab Therapeutics","AGMB","677159680","13.75","Belgium"
"7126","California BanCorp","BCAL","677090368","21.06","United States"
"7127","Enghouse Systems","ENGH.TO","676983419","12.4511","Canada"
"7128","Alfa Financial Software","ALFA.L","676648670","2.27625","United Kingdom"
"7129","Autolus Therapeutics","AUTL","676052864","2.54","United Kingdom"
"7130","Shoei Co., Ltd.","7839.T","675879467","13.2001","Japan"
"7131","Funai Soken Holdings Incorporated","9757.T","675745229","7.23732","Japan"
"7132","Collins Foods Limited","CKF.AX","675286485","5.70147","Australia"
"7133","Carlton Investments","CIN.AX","674997394","25.6246","Australia"
"7134","Seika Corporation","8061.T","674459239","18.9294","Japan"
"7135","Electra Real Estate","ELCRE.TA","674302787","9.80919","Israel"
"7136","Earth Corporation","4985.T","674238575","30.7602","Japan"
"7137","River City Bank","RCBC","674133120","48.17","United States"
"7138","Lotus Technology","LOT","674059776","1.04","China"
"7139","West Holdings","1407.T","673898302","16.9923","Japan"
"7140","Shentel","SHEN","672680832","12.15","United States"
"7141","Praj Industries","PRAJIND.NS","672430750","3.65823","India"
"7142","Fiera Milano","FM.MI","672333154","9.41589","Italy"
"7143","SIMPAR","SIMH3.SA","672078305","1.15129","Brazil"
"7144","Uchida Yoko Co., Ltd.","8057.T","671884779","13.6228","Japan"
"7145","Franklin BSP Realty Trust","FBRT","671837440","8.09","United States"
"7146","Digital Garage","4819.T","671821510","14.5693","Japan"
"7147","ES-CON JAPAN","8892.T","671594282","7.00386","Japan"
"7148","Mativ Holdings","MATV","670559616","12.15","United States"
"7149","Bluelinx","BXC","670531200","86.16","United States"
"7150","Midland States Bancorp","MSBI","670500736","32.31","United States"
"7151","Mesa Laboratories","MLAB","669937472","119.72","United States"
"7152","Centiel","CNTL.SW","669806592","8.20831","Switzerland"
"7153","Bahnhof AB","3B7.F","669768818","6.22664","Sweden"
"7154","ParkOhio Holdings Corp.","PKOH","669728256","46.22","United States"
"7155","Calian Group","CGY.TO","669721195","58.1751","Canada"
"7156","eDreams ODIGEO","EDR.MC","668403509","6.43692","Spain"
"7157","Happiest Minds Technologies","HAPPSTMNDS.NS","667792498","4.44419","India"
"7158","SmarTone Telecommunications","0315.HK","667565027","0.606353","Hong Kong"
"7159","Wacom Co., Ltd.","6727.T","666802124","5.02259","Japan"
"7160","Cars.com","CARS","665946944","12.44","United States"
"7161","Hingham Institution for Savings","HIFS","664602240","302.47","United States"
"7162","Tilray Brands","TLRY","664515776","4.83","Canada"
"7163","AngioDynamics","ANGO","664211456","16.07","United States"
"7164","Nxera Pharma","4565.T","664198873","7.26887","Japan"
"7165","CorMedix","CRMD","664085632","8.52","United States"
"7166","Bliss GVS Pharma","BLISSGVS.NS","663783130","6.24589","India"
"7167","Summit Hotel Properties","INN","663298816","6.15","United States"
"7168","Latitude Group Holdings","LFS.AX","662368133","0.637056","Australia"
"7169","Truecaller","TRUE-B.ST","662247006","2.12776","Sweden"
"7170","Obrascón Huarte Lain","OHLA.MC","662153790","0.478972","Spain"
"7171","Bar Harbor Bankshares","BHB","661924800","39.48","United States"
"7172","Tian An China Investments Company","0028.HK","661808955","0.451417","Hong Kong"
"7173","Helen of Troy","HELE","661727424","28.41","United States"
"7174","Integral Corporation","5842.T","661471256","19.4026","Japan"
"7175","EnQuest","ENQ.L","661287720","0.355324","United Kingdom"
"7176","Paisalo Digital","PAISALO.NS","661099894","0.723186","India"
"7177","Energy Absolute","EA.BK","660763494","0.0889701","Thailand"
"7178","Verastem Oncology","VSTM","660660288","7.295","United States"
"7179","Keihanshin Building","8818.T","660375329","6.92183","Japan"
"7180","Saudi Ceramic Company","2040.SR","660002369","6.62121","Saudi Arabia"
"7181","Kakao Games","293490.KQ","658611106","6.19046","South Korea"
"7182","Onward Holdings Co., Ltd.","8016.T","657825939","4.82699","Japan"
"7183","Red River Bancshares","RRBI","657818048","99.91","United States"
"7184","Sagimet Biosciences","SGMT","657638528","10.58","United States"
"7185","Zuken Inc.","6947.T","657603414","31.2019","Japan"
"7186","Floridienne S.A.","FLOB.BR","657458762","67.1729","Belgium"
"7187","Hayat Communications Company","DIGITUS.KW","657427136","6121.78","Kuwait"
"7188","NIPPON KANZAI Holdings","9347.T","657051574","18.0902","Japan"
"7189","IFA Hotels and Resorts","IFAHR.KW","656330008","1803.97","Kuwait"
"7190","Mannai Corporation","MCCS.QA","655963972","1.43791","Qatar"
"7191","Atal S.A.","1AT.WA","655913692","15.1619","Poland"
"7192","Cannae Holdings","CNNE","655818304","15.12","United States"
"7193","JBCC Holdings","9889.T","655721752","10.7645","Japan"
"7194","Viaplay Group","VPLAY-B.ST","655650870","0.144713","Sweden"
"7195","Hyliion","HYLN","655451776","3.67","United States"
"7196","Oma Säästöpankki","OMASP.HE","654746911","19.7196","Finland"
"7197","Reitir fasteignafélag","REITIR.IC","654084707","0.954868","Iceland"
"7198","Amotiv Limited","AOV.AX","654053645","4.88647","Australia"
"7199","N-Able","NABL","653613120","3.46","United States"
"7200","Alight","ALIT","653186944","13.77","United States"
"7201","Jahez International Company for Information Systems Technology","6017.SR","652858629","3.19874","Saudi Arabia"
"7202","Skipper Limited","SKIPPER.NS","652709688","5.7811","India"
"7203","ADTRAN","ADTN","652666112","8.01","United States"
"7204","Roland Corporation","7944.T","652378716","24.7344","Japan"
"7205","Kempower","KEMPOWR.HE","652260631","11.764","Finland"
"7206","Tri Chemical Laboratories","4369.T","652051158","20.0651","Japan"
"7207","BellSystem24","6183.T","651584090","8.76429","Japan"
"7208","ADENTRA Inc.","ADEN.TO","651384671","26.8662","Canada"
"7209","Chatham Lodging Trust","CLDT","651295104","13.27","United States"
"7210","ACICO Industries Company","ACICO.KW","651029532","1970.04","Kuwait"
"7211","Arabi Group Holding","AGHC.KW","650721123","1254.07","Kuwait"
"7212","Klaveness Combination Carriers","KCC.OL","650672175","10.9692","Norway"
"7213","Eikon Therapeutics","EIKN","650522048","12.01","United States"
"7214","Reservoir Media","RSVR","650245568","9.88","United States"
"7215","Atos","ATO.PA","649955659","33.4813","France"
"7216","Cognyte Software","CGNT","649349056","8.81","Israel"
"7217","NioCorp Developments","NB","649318208","4.46","United States"
"7218","Bank Alfalah","BAFL.PK","648654896","0.205639","Pakistan"
"7219","MiMedx Group","MDXG","648634048","4.45","United States"
"7220","Valneva SE","VALN","648592448","6.84","France"
"7221","Gladstone Investment","GAIN","647903424","16.27","United States"
"7222","Armada Hoffler Properties","AHH","647902656","6.25","United States"
"7223","Sveafastigheter AB","SVEAF.ST","647828830","3.28264","Sweden"
"7224","Grid Dynamics","GDYN","647392512","7.98","United States"
"7225","OTC Markets Group","OTCM","647107456","54","United States"
"7226","NerdWallet","NRDS","646902528","10.12","United States"
"7227","RAK Ceramics","RAKCEC.AE","646667876","0.65","United Arab Emirates"
"7228","Transport International Holdings","0062.HK","646388308","1.20505","Hong Kong"
"7229","Maxvalu Tokai","8198.T","645833035","20.2544","Japan"
"7230","ACNB Corporation","ACNB","645707520","63.23","United States"
"7231","AH Realty Trust","AHRT","644509824","6.72","United States"
"7232","PNE AG","PNE3.DE","644327098","8.41121","Germany"
"7233","International Financial Advisors Holding","IFA.KW","644175478","1133.18","Kuwait"
"7234","Autohellas","OTOEL.AT","642918201","13.3879","Greece"
"7235","Groupe CRIT","CEN.PA","642233266","60.9813","France"
"7236","Litgrid AB","LGD1L.VS","642197678","1.27336","Lithuania"
"7237","Nichiha Corporation","7943.T","642145642","19.3395","Japan"
"7238","Prime Medicine","PRME","642074112","3.54","United States"
"7239","Rogers Sugar (Lantic)","RSI.TO","640948839","4.98623","Canada"
"7240","Shibaura Machine","6104.T","640846524","27.1005","Japan"
"7241","Saudi Steel Pipes","1320.SR","640764392","12.6778","Saudi Arabia"
"7242","Vamos Locação de Caminhões, Máquinas e Equipamentos S.A.","VAMO3.SA","640644906","0.524371","Brazil"
"7243","WA1 Resources","WA1.AX","640306787","8.61271","Australia"
"7244","Al-Maidan Clinic for Oral Health Services","MIDAN.KW","640271916","3161.84","Kuwait"
"7245","ASOS","ASC.L","640155103","5.35029","United Kingdom"
"7246","Northfield Bancorp","NFBK","639406784","15.31","United States"
"7247","Miller Industries","MLR","638787392","56.27","United States"
"7248","DocMorris","DOCM.SW","637913660","12.5127","Switzerland"
"7249","The Star Entertainment Group","SGR.AX","637687702","0.0960923","Australia"
"7250","Hypoport","HYQ.F","637622051","96.3201","Germany"
"7251","Trilogy Metals","TMQ","637431360","3.69","Canada"
"7252","Patriot Battery Metals","PMET.TO","637418078","3.42803","Canada"
"7253","FleetPartners Group","FPR.AX","637139951","2.98242","Australia"
"7254","Gladstone Commercial","GOOD","636687616","13.04","United States"
"7255","Village Super Market","VLGEA","636215744","42.96","United States"
"7256","Pakistan State Oil Company","PSO.PK","634812303","1.35218","Pakistan"
"7257","ARS Pharmaceuticals","SPRY","634474048","6.38","United States"
"7258","TINC NV","TINC.BR","634381154","13.0841","Belgium"
"7259","Medgulf (The Mediterranean and Gulf Cooperative Insurance and Reinsurance Company)","8030.SR","634379665","4.5917","Saudi Arabia"
"7260","Credit Corp Group","CCP.AX","634206765","9.31739","Australia"
"7261","Northern Data AG","NB2.DE","633342201","9.86565","Germany"
"7262","WhiteHawk Minerals Corp","WHK","633196928","26.61","United States"
"7263","Smith &amp; Wesson","SWBI","633136256","14.12","United States"
"7264","Arvinas","ARVN","632938368","9.68","United States"
"7265","Credit Agricole Mutuel Toulouse 31","CAT31.PA","631629005","139.953","France"
"7266","GDI Integrated Facility Services","GDI.TO","631553405","26.8246","Canada"
"7267","Hollywood Bowl Group","BOWL.L","631019328","3.78468","United Kingdom"
"7268","Yext","YEXT","629558144","6.28","United States"
"7269","AmRest","EAT.MC","628548407","2.93808","Spain"
"7270","Schweiter Technologies","SWTQ.SW","627946688","438.569","Switzerland"
"7271","Iwaki Co.","6237.T","627759761","28.2994","Japan"
"7272","Sembcorp Salalah Power & Water Company","SSPW.OM","627290154","0.657143","Oman"
"7273","ASP Isotopes","ASPI","627035392","4.09","United States"
"7274","Arnoldo Mondadori Editore","MN.MI","626667883","2.41822","Italy"
"7275","DoubleDown Interactive","DDI","625859968","12.63","United States"
"7276","Forward Air","FWRD","625621632","18.52","United States"
"7277","Vaalco Energy","EGY","623787200","5.93","United States"
"7278","AlTi Global","ALTI","623773696","4","United States"
"7279","VersaBank","VBNK","623630656","19.37","Canada"
"7280","Mavi Giyim Sanayi ve Ticaret","MAVI.IS","623009561","0.795056","Turkey"
"7281","Forge Global","FRGE","623007296","45","United States"
"7282","Audax Renovables","ADX.MC","622681678","1.3972","Spain"
"7283","Morita Holdings Corporation","6455.T","622533564","15.1561","Japan"
"7284","DIP Corporation","2379.T","622376324","11.8876","Japan"
"7285","oOh!media Limited","OML.AX","622243926","1.17802","Australia"
"7286","Citycon","CTY1S.HE","621904369","3.38785","Finland"
"7287","BrightSpire Capital","BRSP","621233664","4.91","United States"
"7288","Elior Group","ELIOR.PA","620037603","2.46963","France"
"7289","MISTRAS Group","MG","619480448","19.45","United States"
"7290","VTEX","VTEX","618864576","3.63","United Kingdom"
"7291","Saudi Paper Manufacturing Company","2300.SR","618593794","16.7395","Saudi Arabia"
"7292","Direct Finance of Direct Group","DIFI.TA","618571789","208.949","Israel"
"7293","Geopark","GPRK","618456512","9.53","Chile"
"7294","India Tourism Development Corp","ITDC.NS","618301541","7.20888","India"
"7295","COVER Corporation","5253.T","616441564","9.66659","Japan"
"7296","Yanbu Cement Company","3060.SR","615804631","3.90987","Saudi Arabia"
"7297","ECN Capital","ECN.TO","614662284","2.18172","Canada"
"7298","Grendene","GRND3.SA","614462428","0.681101","Brazil"
"7299","Gokaldas Exports","GOKEX.NS","614127722","8.38129","India"
"7300","Solowin Holdings","SWIN","614008064","3.28","Hong Kong"
"7301","Vinci Compass Investments","VINP","613182848","9.34","Brazil"
"7302","TPG Real Estate Finance Trust","TRTX","612281024","7.92","United States"
"7303","A'ayan Leasing and Investment Company","AAYAN.KW","611927585","921.524","Kuwait"
"7304","EagleRock Land","EROK","611881344","25.02","United States"
"7305","OppFi","OPFI","611795200","7.18","United States"
"7306","CJ CGV Co., Ltd.","079160.KS","611693171","3.69419","South Korea"
"7307","Sumitomo Seika Chemicals Company","4008.T","611679748","9.49623","Japan"
"7308","MasterCraft Boat","MCFT","611370112","25.24","United States"
"7309","WashTec AG","WSU.DE","611316743","45.7944","Germany"
"7310","Lycopodium","LYL.AX","611137837","15.3783","Australia"
"7311","Cytek Biosciences","CTKB","610921280","4.7","United States"
"7312","Sturm, Ruger &amp; Co","RGR","610369408","38.2","United States"
"7313","Endúr ASA","ENDUR.OL","610252249","11.9138","Norway"
"7314","ME Group International","MEGP.L","610004466","1.62823","United Kingdom"
"7315","RWS Holdings","RWS.L","609897559","1.64321","United Kingdom"
"7316","Kura Sushi USA","KRUS","609800256","50.19","United States"
"7317","Wakita & Co.,LTD.","8125.T","609670670","12.2599","Japan"
"7318","OmniAb","OABI","609185792","4.19","United States"
"7319","BrainsWay","BWAY","608791168","15.17","Israel"
"7320","SMASCO (Saudi Manpower Solutions Company)","1834.SR","608320452","1.5208","Saudi Arabia"
"7321","Aeon Kyushu","2653.T","608203301","17.7936","Japan"
"7322","Real Brokerage Inc.","REAX","608064128","2.79","Canada"
"7323","Magazine Luíza","MGLU3.SA","607847522","0.783654","Brazil"
"7324","Sprout Social","SPT","607739840","10.03","United States"
"7325","Krispy Kreme","DNUT","607249984","3.5","United States"
"7326","F.I.L.A. - Fabbrica Italiana Lapis ed Affini","FILA.MI","607063958","11.9977","Italy"
"7327","Altimmune","ALT","606895168","3.12","United States"
"7328","Al-Saif Stores for Development &amp; Investment","4192.SR","606855608","1.73387","Saudi Arabia"
"7329","Basler Kantonalbank","BSKP.SW","606843160","118.995","Switzerland"
"7330","Redwood Trust","RWT","606708032","4.83","United States"
"7331","Grupo Empresarial San José","GSJ.MC","606201117","9.32243","Spain"
"7332","Kearny Financial","KRNY","606043520","9.63","United States"
"7333","Plus Alpha Consulting","4071.T","604659555","14.2601","Japan"
"7334","Chrysos Corporation Limited","C79.AX","604574979","5.18898","Australia"
"7335","Shizuoka Gas","9543.T","604261543","8.01343","Japan"
"7336","ODDITY Tech","ODD","604231680","13.1","Israel"
"7337","Insteel Industries","IIIN","604170880","31.21","United States"
"7338","init innovation in traffic systems","IXX.DE","603385715","55.1986","Germany"
"7339","United International Holding Company","4083.SR","603259976","8.04347","Saudi Arabia"
"7340","Hapvida","HAPV3.SA","603041125","1.26933","Brazil"
"7341","Contineum Therapeutics","CTNM","602690560","16.02","United States"
"7342","Bridgewater Bancshares","BWB","602569472","21.61","United States"
"7343","Singapore Post","S08.SI","602526978","0.267502","Singapore"
"7344","Betterware de Mexico","BWMX","601489280","16.15","Mexico"
"7345","Duc Giang Chemicals Group","DGC.VN","601314577","1.58333","Vietnam"
"7346","Qatar General Insurance & Reinsurance Company","QGRI.QA","601007526","0.686813","Qatar"
"7347","SMCP S.A.","SMCP.PA","600910463","7.69276","France"
"7348","Duniec Bros.","DUNI.TA","600309816","77.7681","Israel"
"7349","Claritev","CTEV","599770752","35.39","United States"
"7350","Care Property Invest NV","CPINV.BR","599525304","14.1822","Belgium"
"7351","Alok Industries","ALOKINDS.NS","598984034","0.120635","India"
"7352","Zeria Pharmaceutical","4559.T","598539125","13.5787","Japan"
"7353","Equasens","EQS.PA","597951472","39.778","France"
"7354","Peet Limited","PPC.AX","596486944","1.27411","Australia"
"7355","Avax S.A.","AVAX.AT","596058463","4.01869","Greece"
"7356","Sparebanken Møre","MORG.OL","595924156","12.0232","Norway"
"7357","G City","GCT.TA","595255218","3.48361","Israel"
"7358","FDC India","FDC.NS","594831648","3.65353","India"
"7359","Hyster-Yale Materials Handling","HY","594807936","33.2","United States"
"7360","Nilfisk Holding","NLFSK.CO","594716482","21.9239","Denmark"
"7361","Gulf Oil Lubricants","GULFOILLUB.NS","594709850","12.0009","India"
"7362","IFB Industries","IFBIND.NS","594516650","14.6726","India"
"7363","RVRC Holding","RVRC.ST","594497637","5.6189","Sweden"
"7364","Malam - Team","MLTM.TA","594381087","27.1466","Israel"
"7365","Unity Bancorp","UNTY","593616768","59.11","United States"
"7366","TomTom","TOM2.AS","592605229","4.77804","Netherlands"
"7367","Southern First Bancshares","SFST","592079360","62.51","United States"
"7368","IDI","IDIP.PA","591776706","82.9439","France"
"7369","Modern Mills for Food Products","2284.SR","591646293","7.30304","Saudi Arabia"
"7370","Metals Exploration","MTL.L","591263464","0.193318","United Kingdom"
"7371","Musti Group","MUSTI.HE","590918799","17.6986","Finland"
"7372","ProKidney","PROK","590790208","1.48","United States"
"7373","Citi Trends, Inc.","CTRN","590669568","70.91","United States"
"7374","Rayonier Advanced Materials","RYAM","590533888","8.73","United States"
"7375","Northpointe Bancshares","NPB","589274560","17.04","United States"
"7376","Craneware","CRW.L","589154541","17.208","United Kingdom"
"7377","Hankyu Hanshin REIT","8977.T","588676718","846.773","Japan"
"7378","TRE Holdings Corporation","9247.T","588382965","12.5123","Japan"
"7379","Shinagawa Refractories","5351.T","588251622","12.8909","Japan"
"7380","Integral Diagnostics Limited","IDX.AX","588185894","1.57662","Australia"
"7381","NRJ Group","NRG.PA","587871771","7.59346","France"
"7382","Wellneo Sugar","2117.T","587081210","17.9324","Japan"
"7383","NETGEAR","NTGR","587066816","21.6","United States"
"7384","Bukalapak.com","BUKA.JK","586862283","0.00639049","Indonesia"
"7385","Fourth Milling","2286.SR","586800184","1.08667","Saudi Arabia"
"7386","Zojirushi","7965.T","586138906","9.23122","Japan"
"7387","BayWa","BYW.F","586019697","9.13551","Germany"
"7388","Laurent-Perrier","LPE.PA","585992743","99.7664","France"
"7389","Miquel y Costas &amp; Miquel","MCM.MC","585908743","15.7126","Spain"
"7390","Scribe Therapeutics","SCTX","585739200","31.05","United States"
"7391","Weathernews Inc.","4825.T","585706004","13.1875","Japan"
"7392","Greene County Bancorp","GCBC","585165888","34.37","United States"
"7393","Weave Communications","WEAV","584793536","7.31","United States"
"7394","OneSpan","OSPN","584638848","15.77","United States"
"7395","PZ Cussons plc","PZC.L","583921639","1.3859","United Kingdom"
"7396","Arabian Cement Company","3010.SR","583817177","5.83817","Saudi Arabia"
"7397","Opthea","OPT","583100736","3.41","Australia"
"7398","W&amp;T Offshore","WTI","582639744","3.86","United States"
"7399","Malibu Boats","MBUU","582238208","29.65","United States"
"7400","Inghams Group","ING.AX","582030888","1.56595","Australia"
"7401","SIG (Semen Indonesia)","SMGR.JK","581464106","0.0863277","Indonesia"
"7402","ARGO GRAPHICS","7595.T","580539147","8.4488","Japan"
"7403","Unilever Pakistan Foods","UPFL.PK","580512307","91.1332","Pakistan"
"7404","Core Laboratories","CLB","580439488","12.65","Netherlands"
"7405","Garofalo Health Care","GHC.MI","579675622","6.56542","Italy"
"7406","Wickes Group","WIX.L","579580854","2.63566","United Kingdom"
"7407","SEALSQ","LAES","579212352","2.6","Switzerland"
"7408","Australian Agricultural Company","AAC.AX","579212136","0.960923","Australia"
"7409","Enviri Corporation","NVRI","578461248","20.52","United States"
"7410","Galiano Gold","GAU","578117824","2.21","Canada"
"7411","Energy Resources of Australia","ERA.AX","577117616","0.00142359","Australia"
"7412","Grenke","GLJ.F","576996145","13.0607","Germany"
"7413","Docebo","DCBO","576860672","23.18","Canada"
"7414","CSB Bank","CSBBANK.NS","576619949","3.40234","India"
"7415","TV TOKYO Holdings","9413.T","576566479","21.5795","Japan"
"7416","RaySearch Laboratories AB","RAY-B.ST","576283961","19.3358","Sweden"
"7417","Pepper Money Limited","PPM.AX","576238635","1.28265","Australia"
"7418","Aquestive Therapeutics","AQST","576098496","4.59","United States"
"7419","Mayville Engineering Company","MEC","576052480","22.59","United States"
"7420","Ethan Allen","ETD","575850624","22.63","United States"
"7421","Arabian Mills for Food Products","2285.SR","575390641","11.2129","Saudi Arabia"
"7422","First Business Financial Services","FBIZ","574401472","68.64","United States"
"7423","Cerus Corporation","CERS","574345920","2.85","United States"
"7424","Fujimori Kogyo","7917.T","574153756","8.04498","Japan"
"7425","Integra Resources","ITRG","574130752","2.83","Canada"
"7426","Kelly Services","KELYA","574119040","16.53","United States"
"7427","Tatton Asset Management","TAM.L","573565181","9.44809","United Kingdom"
"7428","Blackline Safety","BLN.TO","573500222","6.55892","Canada"
"7429","Kaufman &amp; Broad","KOF.PA","573271622","29.2056","France"
"7430","Kid ASA","KID.OL","573231365","14.1033","Norway"
"7431","BAVARIA Industries Group AG","B8A.MU","573196856","127.336","Germany"
"7432","MTY Food Group","MTY.TO","572937728","25.0833","Canada"
"7433","Northrim BanCorp","NRIM","572580288","25.74","United States"
"7434","Ovid Therapeutics","OVID","572222720","2.93","United States"
"7435","Artiva Biotherapeutics","ARTV","572014400","11.7","United States"
"7436","Civista Bancshares","CIVB","571633600","27.49","United States"
"7437","Bénéteau","BEN.PA","571535136","7.18458","France"
"7438","Universal Health Realty Income Trust","UHT","571235904","41.1","United States"
"7439","Kimball Electronics","KE","570440448","23.72","United States"
"7440","Standard Lithium","SLI","570071424","2.31","Canada"
"7441","Cineplex","CGX.TO","569390733","9.03754","Canada"
"7442","S Foods Inc.","2292.T","568178161","17.9387","Japan"
"7443","Evolus","EOLS","568033792","8.6","United States"
"7444","Al-Ahleia Insurance","AINS.KW","568029284","2311.95","Kuwait"
"7445","Addiko Bank","ZYE1.F","567799061","29.4393","Austria"
"7446","Eastern Province Cement Company","3080.SR","567591764","6.5999","Saudi Arabia"
"7447","Figeac Aero","FGA.PA","567283697","12.8037","France"
"7448","Mastek","MASTEK.NS","567118416","18.2927","India"
"7449","ProCredit","PCZ.DE","566966762","9.62617","Germany"
"7450","Wild Bunch","WBAH.F","566923642","23.6783","Germany"
"7451","Kyokuto Kaihatsu Kogyo","7226.T","566842497","14.7207","Japan"
"7452","3D Systems","DDD","566561344","3.41","United States"
"7453","Bannerman Energy","BMN.AX","566530260","2.72617","Australia"
"7454","MyState Limited","MYS.AX","566486390","3.32408","Australia"
"7455","RCS MediaGroup","RCS.MI","566343921","1.09463","Italy"
"7456","Marshalls plc","MSLH.L","565999172","2.23814","United Kingdom"
"7457","Unitika Ltd.","3103.T","563864288","9.78017","Japan"
"7458","MapmyIndia","MAPMYINDIA.NS","563857014","10.5909","India"
"7459","MapLight Therapeutics","MPLT","563490624","12.15","United States"
"7460","Western Copper and Gold","WRN","563176832","2.49","Canada"
"7461","NEC Capital Solutions","8793.T","562125393","26.091","Japan"
"7462","Alpen Co.,Ltd.","3028.T","560540688","14.9479","Japan"
"7463","AS Merko Ehitus","MRK1T.TL","560362164","31.6589","Estonia"
"7464","Industrial Logistics Properties Trust","ILPT","559997952","8.39","United States"
"7465","Nexxen","NEXN","559993856","10.05","Israel"
"7466","Zephyrus Wing Energies","ZPRS.TA","559692648","8.21688","Israel"
"7467","Zura Bio","ZURA","559642176","5.84","United States"
"7468","Arata Corporation","2733.T","559550571","16.7146","Japan"
"7469","Asia Financial Holdings","0662.HK","559177568","0.605078","Hong Kong"
"7470","Medley, Inc.","4480.T","559095132","18.5003","Japan"
"7471","BEWi ASA","BEWI.OL","558496561","2.36129","Norway"
"7472","E7 Group PJSC","E7.AE","557307829","0.27","United Arab Emirates"
"7473","Ur-Energy","URG","557009216","1.4","United States"
"7474","Lumax Industries","LUMAXIND.NS","556999594","59.5866","India"
"7475","Sappi","SAP.JO","556935600","0.917397","South Africa"
"7476","Sligro Food","SLIGR.AS","556544631","12.6168","Netherlands"
"7477","Spire Global","SPIR","556526464","13.7","United States"
"7478","Vadilal Industries","VADILALIND.NS","555774383","77.3216","India"
"7479","Ooma","OOMA","554991488","20.2","United States"
"7480","Heimar","HEIMAR.IC","554243361","0.284012","Iceland"
"7481","Saibu Gas Holdings","9536.T","553439755","15.3769","Japan"
"7482","Ryobi Limited","5851.T","552958627","17.3835","Japan"
"7483","Alpha HPA Limited","A4N.AX","552896742","0.38081","Australia"
"7484","Deutsche Rohstoff","DR0.DE","552869230","115.421","Germany"
"7485","Avalon Pharma (Middle East Pharmaceutical)","4016.SR","552788581","15.794","Saudi Arabia"
"7486","Bouvet","BOUV.OL","552633182","5.39876","Norway"
"7487","Investors Title Company","ITIC","552031168","292.39","United States"
"7488","Almawarid Manpower Company","1833.SR","550258343","27.5129","Saudi Arabia"
"7489","Hindustan Construction Company","HCC.NS","549649741","0.209833","India"
"7490","Creotech Instruments","CRI.WA","549468730","192.502","Poland"
"7491","York Water","YORW","549175168","33.84","United States"
"7492","GAMCO Investors","GAMI","548966400","25.56","United States"
"7493","Kyverna Therapeutics","KYTX","548551360","8.87","United States"
"7494","Nueva Expresión Textil","NXT.MC","547920370","1.27336","Spain"
"7495","Nichols plc","NICL.L","547575233","14.9754","United Kingdom"
"7496","Carriage Services","CSV","547303936","34.46","United States"
"7497","Seco S.p.A.","IOT.MI","547184632","4.12967","Italy"
"7498","Bawan Company","1302.SR","546849225","9.11415","Saudi Arabia"
"7499","Home Bancorp","HBCP","546780992","69.47","United States"
"7500","Martinrea International","MRE.TO","545679424","7.79823","Canada"
"7501","Aduro Clean Technologies","ADUR","545474304","15.39","Canada"
"7502","Nextensa","NEXTA.BR","545447660","53.972","Belgium"
"7503","Evommune","EVMN","544744640","15.01","United States"
"7504","AvenuesAI Limited","CCAVENUE.NS","544642159","0.156461","India"
"7505","BMC Minerals","BMC.AX","544431559","1.98235","Canada"
"7506","Abacus Group","ABG.AX","543865995","0.608584","Australia"
"7507","CARE's Ratings","CARERATING.NS","543619432","18.0682","India"
"7508","Fulgent Genetics","FLGT","543151872","19.74","United States"
"7509","EyePoint Pharmaceuticals","EYPT","543136448","6.3","United States"
"7510","Puravankara","PURVA.NS","543118678","2.29019","India"
"7511","Ecora Resources","ECOR.L","542688888","2.17551","United Kingdom"
"7512","Kyoei Steel","5440.T","542399752","12.4808","Japan"
"7513","Tallink Grupp","T5N.F","541937304","0.700935","Estonia"
"7514","PDS Multinational","PDSL.NS","541388221","3.83318","India"
"7515","Tamdeen Real Estate Company","TAM.KW","541257184","1348.1","Kuwait"
"7516","Maxell, Ltd.","6810.T","540763513","14.6703","Japan"
"7517","VRL Logistics","VRLLOG.NS","540562887","3.09004","India"
"7518","Meeza QSTP LLC (Public)","MEZA.QA","540222332","0.832418","Qatar"
"7519","YG Entertainment","122870.KQ","540143528","29.1231","South Korea"
"7520","Gulf Keystone Petroleum","GKP.L","539360459","2.48046","Bermuda"
"7521","Olympic Steel","ZEUS","538983936","47.86","United States"
"7522","Swarmer","SWMR","538908288","45.2","United States"
"7523","MOIL","MOIL.NS","538664214","2.64719","India"
"7524","The Honest Company","HNST","538567552","5.02","United States"
"7525","Entera Bio","ENTX","538471040","3.11","Israel"
"7526","NVE Corporation","NVEC","538279936","111.28","United States"
"7527","AMTD Digital","HKD","537417728","1.71","Hong Kong"
"7528","H.I.S. Co., Ltd.","9603.T","537323146","7.18685","Japan"
"7529","ATHEX  (Athens Stock Exchange)","EXAE.AT","537275099","9.28738","Greece"
"7530","Tadiran Group","TDRN.TA","536480823","62.4832","Israel"
"7531","Tidewater Renewables","LCFS.TO","536027706","14.676","Canada"
"7532","Deutsche Pfandbriefbank","PBB.DE","536016071","3.98598","Germany"
"7533","PolyNovo","PNV.AX","535994665","0.775856","Australia"
"7534","Vastned Belgium NV","VASTB.BR","535867959","33.1776","Belgium"
"7535","Oil States International","OIS","535664864","8.88","United States"
"7536","Sekisui Jushi Corporation","4212.T","535410314","17.8062","Japan"
"7537","PostNL","PNL.AS","534827772","1.0514","Netherlands"
"7538","One Liberty Properties","OLP","534809088","24.42","United States"
"7539","Porvair plc","PRV.L","534670896","11.5991","United Kingdom"
"7540","Tactile Medical","TCMD","534593952","23.6","United States"
"7541","Teikoku Sen-i Co., Ltd.","3302.T","534394249","20.8538","Japan"
"7542","Lifedrink Company","2585.T","533350219","10.2786","Japan"
"7543","Quess","QUESS.NS","532664793","3.56632","India"
"7544","Ion Beam Applications","IBAB.BR","532630052","18.3411","Belgium"
"7545","Ooredoo Oman","ORDS.OM","532590747","0.818182","Oman"
"7546","Restore plc","RST.L","532217246","4.01612","United Kingdom"
"7547","Kameda Seika","2220.T","531985092","8.41094","Japan"
"7548","Boiron","BOI.PA","531415473","30.6075","France"
"7549","Faysal Bank","FABL.PK","531163711","0.34998","Pakistan"
"7550","Schoeller-Bleckmann Oilfield Equipment","SBO.VI","530949569","33.6908","Austria"
"7551","Cogent Communications","CCOI","530851104","10.365","United States"
"7552","Argosy Property","ARG.NZ","530466951","0.606962","New Zealand"
"7553","Brandywine Realty Trust","BDN","530345088","3.07","United States"
"7554","Oxford Industries","OXM","529898816","35.49","United States"
"7555","Solid Power","SLDP","529380416","2.32","United States"
"7556","Shofu Inc.","7979.T","528841114","14.8595","Japan"
"7557","ARKO Corp.","ARKO","527272864","4.7","United States"
"7558","NIPPON PARKING DEVELOPMENT","2353.T","526995169","1.69102","Japan"
"7559","Euroseas","ESEA","525978688","74.55","Greece"
"7560","Perfect Presentation for Commercial Services CompanyPerfect Presentation for Commercial Services","7204.SR","525755067","1.75252","Saudi Arabia"
"7561","Cabaletta Bio","CABA","525590848","3.1","United States"
"7562","SandRidge Energy","SD","525356960","14.17","United States"
"7563","Flushing Financial Corp","FFIC","524179680","15.47","United States"
"7564","The Elmet Group","ELMT","523598784","17.19","United States"
"7565","Bankwell Financial Group","BWFG","523280224","65.64","United States"
"7566","Société Fermière du Casino Municipal de Cannes","FCMC.PA","523090837","3317.76","France"
"7567","Air Astana","7YH.F","521842277","5.89953","Kazakhstan"
"7568","Eslead Corporation","8877.T","521826762","33.8204","Japan"
"7569","MPS Limited","MPSLTD.NS","521820829","30.7396","India"
"7570","Quad","QUAD","521782368","10.12","United States"
"7571","Movida Participações","MOVI3.SA","521461228","1.30028","Brazil"
"7572","Universal Logistics Holdings","ULH","521291488","19.77","United States"
"7573","Strata Critical Medical","SRTA","521069472","5.89","United States"
"7574","Limbach Holdings","LMB","520950624","43.7","United States"
"7575","Sinko Industries","6458.T","520699770","7.75473","Japan"
"7576","Wirtualna Polska (WP Holding)","WPL.WA","519974937","17.4633","Poland"
"7577","Idaho Strategic Resources","IDR","519889664","32.85","United States"
"7578","RENOVA, Inc.","9519.T","519763927","5.74821","Japan"
"7579","Ginkgo Bioworks","DNA","519193568","7.71","United States"
"7580","The Pack Corporation","3950.T","518795519","9.48361","Japan"
"7581","C4 Therapeutics","CCCC","517935840","4.21","United States"
"7582","Evolent Health","EVH","517811744","4.58","United States"
"7583","Diagnosticos da America (DASA)","DASA3.SA","517526592","0.414079","Brazil"
"7584","Osaka Steel","5449.T","517444814","17.2951","Japan"
"7585","NCC Group plc","NCC.L","517299392","1.87328","United Kingdom"
"7586","eGuarantee","8771.T","516794401","11.6163","Japan"
"7587","Veradigm","MDRX","516615808","4.74","United States"
"7588","Calfrac Well Services","CFW.TO","516491332","5.11668","Canada"
"7589","Rieter Holding","RIEN.SW","516335079","3.7976","Switzerland"
"7590","Cenomi Retail (Fawaz Abdulaziz Al Hokair &amp; Company)","4240.SR","516274762","4.49848","Saudi Arabia"
"7591","Ellaktor","ELLAKTOR.AT","516225417","1.48598","Greece"
"7592","MSTC Limited","MSTCLTD.NS","516108384","7.33108","India"
"7593","Relmada Therapeutics","RLMD","515215360","4.83","United States"
"7594","Gray Media","GTN","514921920","5","United States"
"7595","Sierra Bancorp","BSRR","514906144","39.72","United States"
"7596","SD BioSensor","137310.KS","514830783","4.30391","South Korea"
"7597","Nyab AB","NYAB.ST","514612568","0.723036","Sweden"
"7598","Oula Fuel Marketing Company","OULAFUEL.KW","514437828","1155.98","Kuwait"
"7599","Gujarat Alkalies and Chemicals","GUJALKALI.NS","513712594","6.99529","India"
"7600","Aurelius Group","AR4.DE","513292829","19.24","Germany"
"7601","Daiwa Industries","6459.T","513143709","10.449","Japan"
"7602","The Oncology Institute","TOI","512912480","5.13","United States"
"7603","Sunlight REIT","0435.HK","512716328","0.293294","Hong Kong"
"7604","Pangaea Logistics Solutions","PANL","512004896","7.82","United States"
"7605","Heidelberger Druckmaschinen","HDD.DE","511612108","1.68107","Germany"
"7606","Immobiliare Grande Distribuzione SIIQ","IGD.MI","511104707","4.63201","Italy"
"7607","Columbus McKinnon","CMCO","510608480","17.69","United States"
"7608","Gemini Space Station","GEMI","509533152","3.93","United States"
"7609","Phoenix Mecano","PMN.SW","508821712","554.311","Switzerland"
"7610","Plastika Kritis","PLAKR.AT","508562239","18.5748","Greece"
"7611","Al-Yamamah Steel Industries Company","1304.SR","508460033","10.0091","Saudi Arabia"
"7612","Eagle Point Credit Company","ECC","508101056","3.82","United States"
"7613","Belships ASA","BELCO.OL","506976420","2.00572","Norway"
"7614","Orange County Bancorp","OBT","506016544","37.74","United States"
"7615","Cooper Standard","CPS","505889344","28.47","United States"
"7616","Greenlight Re","GLRE","505456672","15.24","Cayman Islands"
"7617","Subros","SUBROS.NS","505332998","7.74626","India"
"7618","Patrimoine et Commerce SA","PAT.PA","505220632","31.0748","France"
"7619","Shamal Az-Zour Al-Oula Power and Water Company","AZNOULA.KW","505047219","459.134","Kuwait"
"7620","Bit Digital","BTBT","504886912","1.4","United States"
"7621","Algoma Steel","ASTL","504811456","4.79","Canada"
"7622","Huya","HUYA","504689088","2.21","China"
"7623","Methode Electronics","MEI","504383168","14.21","United States"
"7624","Interloop","ILP.PK","504014982","0.359572","Pakistan"
"7625","Dutch Lady Milk Industries","3026.KL","502800515","7.85626","Malaysia"
"7626","Johnson Outdoors","JOUT","502709792","47.97","United States"
"7627","NeuroPace","NPCE","502507360","14.64","United States"
"7628","Ocugen","OCGN","501883392","1.48","United States"
"7629","NetDragon Websoft","0777.HK","501145619","0.952567","China"
"7630","goeasy","GSY.TO","500736004","31.2292","Canada"
"7631","Dingdong Maicai","DDL","500724800","2.29","China"
"7632","TAT Technologies","TATT","500428288","38.5","Israel"
"7633","AMC Networks","AMCX","499949664","12.12","United States"
"7634","TOKAI Corp.","9729.T","499660176","16.1783","Japan"
"7635","Editas Medicine","EDIT","499135104","3.25","United States"
"7636","GB Group (GBG)","GBG.L","498532773","2.17823","United Kingdom"
"7637","Oman Cement Company","OCOI.OM","498457601","1.50649","Oman"
"7638","Surya Roshni","SURYAROSNI.NS","498382894","2.28998","India"
"7639","Aston Martin","AML.L","498244114","0.490919","United Kingdom"
"7640","DFS Furniture","DFS.L","497987692","2.15101","United Kingdom"
"7641","Intrepid Potash","IPI","497762400","36.99","United States"
"7642","Fauji Cement Company","FCCL.PK","496884446","0.202575","Pakistan"
"7643","Plasson Industries","PLSN.TA","496835007","52.0357","Israel"
"7644","Ataa Educational Company","4292.SR","496581152","11.7989","Saudi Arabia"
"7645","Build-A-Bear Workshop","BBW","496232032","39.58","United States"
"7646","Alujain Corporation","2170.SR","496155110","7.16987","Saudi Arabia"
"7647","Hektaş","HEKTS.IS","495817197","0.0588158","Turkey"
"7648","NAGAWA Co., Ltd.","9663.T","495810425","31.9906","Japan"
"7649","HelloFresh","HFG.DE","495666277","3.41939","Germany"
"7650","Kappa Create","7421.T","495441516","10.0389","Japan"
"7651","Wabash National","WNC","495364000","12.16","United States"
"7652","Grenevia","GEA.WA","495293297","0.861864","Poland"
"7653","Pareto Bank","PARB.OL","495292840","6.4506","Norway"
"7654","Mitsubishi Research Institute","3636.T","495202192","31.4227","Japan"
"7655","Vital KSK Holdings","3151.T","494974912","10.348","Japan"
"7656","Canopy Growth","CGC","494583008","1.04","Canada"
"7657","ERock, Inc.","EROC","494265504","10.26","United States"
"7658","IVU Traffic Technologies","IVU.DE","493864819","28.6215","Germany"
"7659","Revenio","REG1V.HE","493460595","16.9626","Finland"
"7660","BioAge Labs","BIOA","493391776","10.75","United States"
"7661","Bourrelier Group","ALBOU.PA","493028258","79.4393","France"
"7662","Abu Dhabi Ship Building","ADSB.AE","492950952","2.33","United Arab Emirates"
"7663","Premium Water Holdings","2588.T","492802133","22.9361","Japan"
"7664","Bank of Jerusalem","JBNK.TA","492496603","6.98401","Israel"
"7665","OBOOK Holdings Inc. (OwlTing)","OWLS","491133728","5.56","Taiwan"
"7666","The Gym Group","GYM.L","491081339","2.8317","United Kingdom"
"7667","ATN International","ATNI","491059008","31.88","United States"
"7668","Stabilus","STM.DE","489960258","19.8364","Luxembourg"
"7669","Puma Biotechnology","PBYI","489874400","9.49","United States"
"7670","AMERISAFE","AMSF","489664768","26.18","United States"
"7671","Bank7","BSVN","489629024","51.4","United States"
"7672","First Foundation","FFWM","489265120","5.9","United States"
"7673","Wing On Company International","0289.HK","488887965","1.696","Hong Kong"
"7674","Kvika banki","KVIKA.IC","488814365","0.106096","Iceland"
"7675","Eiken Chemical","4549.T","488813389","14.828","Japan"
"7676","Acinque","AC5.MI","488748632","2.47664","Italy"
"7677","Novavest Real Estate AG","NREN.SW","488698737","48.0487","Switzerland"
"7678","Zion Oil &amp; Gas","ZNOG","488672096","0.41","United States"
"7679","Kintetsu Department Store","8244.T","488582543","12.1148","Japan"
"7680","Jadwa Investment - Jadwa Reit Saudi Fund","4342.SR","488305334","2.61812","Saudi Arabia"
"7681","Valhi","VHI","488257344","17.24","United States"
"7682","Wall Financial Corporation","WFC.TO","488136613","15.3066","Canada"
"7683","Coor Service Management Holding AB","COOR.ST","487356601","5.1291","Sweden"
"7684","Jacquet Metals","JCQ.PA","487140595","24.007","France"
"7685","CJ ENM CO., Ltd.","035760.KQ","487115440","23.4563","South Korea"
"7686","Quadient","QDT.PA","487093903","14.3692","France"
"7687","PayPoint","PAY.L","486943653","8.20922","United Kingdom"
"7688","Malteries Franco-Belges","MALT.PA","486713268","981.308","France"
"7689","Ponce Financial Group","PDLB","486660576","20.12","United States"
"7690","Virgin Galactic","SPCE","486622848","3.21","United States"
"7691","NRC Health","NRC","486622144","21.98","United States"
"7692","SThree","STEM.L","485106966","3.9957","United Kingdom"
"7693","Amper, S.A.","AMP.MC","484793155","5.32477","Spain"
"7694","Combined Group Contracting Company","CGC.KW","484590560","2832.95","Kuwait"
"7695","Nippon Chemi-Con Corporation","6997.T","484413350","17.6926","Japan"
"7696","PTC India","PTC.NS","484252478","1.63594","India"
"7697","Shoulder Innovations","SI","484248928","23.26","United States"
"7698","Simona","SIM0.F","483644856","80.6075","Germany"
"7699","Chorus Aviation","CHR.TO","483207527","21.4089","Canada"
"7700","Nederman Holding","NMAN.ST","483127886","13.7871","Sweden"
"7701","KKR Real Estate Finance Trust","KREF","482896128","7.51","United States"
"7702","Strike Company","6196.T","482722629","8.3794","Japan"
"7703","Guardian Metal Resources","GMTL","482344576","12.38","United Kingdom"
"7704","Aurelia Metals","AMI.AX","482141640","0.284718","Australia"
"7705","Senseonics Holdings","SENS","481682592","9.11","United States"
"7706","Gravity Co.","GRVY","481558784","69.3","South Korea"
"7707","MBM Resources","5983.KL","481465087","1.23172","Malaysia"
"7708","iHeartMedia","IHRT","481394304","3.11","United States"
"7709","Flat Capital AB","FLAT-B.ST","480527492","0.964755","Sweden"
"7710","Komax Holding","KOMN.SW","480313246","93.7199","Switzerland"
"7711","Lubawa","LBW.WA","480088062","3.19484","Poland"
"7712","sterling &amp; wilson solar","SWSOLAR.NS","480044990","2.0555","India"
"7713","Miahona Company","2084.SR","479613464","2.98034","Saudi Arabia"
"7714","West Bancorporation","WTBA","479270080","28.12","United States"
"7715","IBEX","IBEX","478928672","35.77","United States"
"7716","Sygnity","SGN.WA","478885573","21.1455","Poland"
"7717","Qatar National Cement Company","QNCD.QA","478117472","0.731593","Qatar"
"7718","Dawood Hercules Corporation","DAWH.PK","477729505","0.992608","Pakistan"
"7719","Regal Partners Limited","RPL.AX","477112476","2.04641","Australia"
"7720","Prothena","PRTA","476920512","9.29","Ireland"
"7721","Summit Midstream","SMC","476775360","34.59","United States"
"7722","Global Dominion Access","DOM.MC","476681978","3.17757","Spain"
"7723","eMudhra","EMUDHRA.NS","476658516","5.80982","India"
"7724","The Westaim Corporation","WED.V","476236731","14.3499","Canada"
"7725","Electra Consumer Products","ECP.TA","475711132","20.779","Israel"
"7726","Samty Residential Investment Corporation","3459.T","475637824","557.785","Japan"
"7727","One REIT, Inc.","3290.T","475518420","488.377","Japan"
"7728","IGG Inc","0799.HK","475495509","0.431652","Singapore"
"7729","Consolidated Water","CWCO","475421984","29.69","Cayman Islands"
"7730","Groupe SAMSE","SAMS.PA","474978202","140.771","France"
"7731","Fiducial Real Estate","ORIA.PA","473775698","196.262","France"
"7732","Diamond Hill Investment Group","DHIL","473290400","174.99","United States"
"7733","Shoe Carnival","SCVL","473247296","17.43","United States"
"7734","Hexagon Composites","HEX.OL","473187282","1.42106","Norway"
"7735","Rimini Street","RMNI","472381344","5.06","United States"
"7736","JM Holdings Co.,Ltd.","3539.T","472331591","9.26907","Japan"
"7737","Nexen Tire Corporation","002350.KS","472047914","4.59801","South Korea"
"7738","Q32 Bio","QTTB","471548352","15.84","United States"
"7739","Deep Fission, Inc.","FISN","471247488","8","United States"
"7740","The Tinplate Company Of India","TINPLATE.NS","471008189","4.49641","India"
"7741","CI&amp;T","CINT","470998336","3.68","Brazil"
"7742","Caledonia Mining","CMCL","470809216","24.35","Jersey"
"7743","Villeroy &amp; Boch","VIB3.DE","470722539","17.5818","Germany"
"7744","Armah Sports","9590.SR","470404358","14.3158","Saudi Arabia"
"7745","BlossomHill Therapeutics","BLSM","470242368","16.17","United States"
"7746","Shui On Land","0272.HK","469830321","0.0586587","China"
"7747","GPI S.p.A.","GPI.MI","469101081","16.2383","Italy"
"7748","Ashtead Technology","AT.L","469021579","5.83358","United Kingdom"
"7749","Soft-World International","5478.TWO","468035939","3.12382","Taiwan"
"7750","Wajax Corporation","WJX.TO","467863205","21.4814","Canada"
"7751","Nouveau Monde Graphite","NMG","467402688","1.42","Canada"
"7752","El Pollo Loco","LOCO","466879712","15.33","United States"
"7753","Vital Farms","VITL","466665632","10.87","United States"
"7754","Sight Sciences","SGHT","466595296","8.47","United States"
"7755","Calavo Growers","CVGW","466334752","26.09","United States"
"7756","Electrosteel Castings","ELECTCAST.NS","466303456","0.754311","India"
"7757","Capita plc","CPI.L","465560539","3.88679","United Kingdom"
"7758","Computer Engineering &amp; Consulting","9692.T","465057394","15.1687","Japan"
"7759","Sea1 Offshore","SEA1.OL","464736691","3.02674","Norway"
"7760","RPG Life Sciences","RPGLIFE.NS","464162770","28.0647","India"
"7761","Priority Technology Holdings","PRTH","464139296","5.63","United States"
"7762","Smartoptics Group","SMOP.OL","464079171","4.7333","Norway"
"7763","Capricor Therapeutics","CAPR","463949120","7.98","United States"
"7764","Mears Group plc","MER.L","463778265","5.8472","United Kingdom"
"7765","MARR S.p.A.","MARR.MI","463726688","7.40654","Italy"
"7766","Commercial Bancgroup","CBK","463376960","33.82","United States"
"7767","Jaguar Mining","JAG.TO","463203468","5.42832","Canada"
"7768","Medistim","MEDI.OL","463107263","25.3301","Norway"
"7769","everplay group plc","EVPL.L","462961558","3.2129","United Kingdom"
"7770","Hansen Technologies","HSN.AX","462945694","2.26351","Australia"
"7771","Costamare Bulkers Holdings Limited","CMDB","462517888","19.08","Monaco"
"7772","Axactor ASA","ACR.OL","462324889","0.552755","Norway"
"7773","S4 Capital","SFOR.L","462315537","0.694312","United Kingdom"
"7774","Leonteq","LEON.SW","461875978","26.0889","Switzerland"
"7775","Caleres","CAL","461523072","13.74","United States"
"7776","Farmers &amp; Merchants Bancorp","FMAO","461400928","33.5","United States"
"7777","Nexity","NXI.PA","461384520","8.28855","France"
"7778","Hangzhou Electronic Soul Network Technology","603258.SS","461290974","1.90016","China"
"7779","AdvanSix","ASIX","460370208","17.05","United States"
"7780","Prelude Therapeutics","PRLD","460349888","5.78","United States"
"7781","Aeris Resources","AIS.AX","460346425","0.307495","Australia"
"7782","Ibstock plc","IBST.L","460334041","1.16536","United Kingdom"
"7783","John Mattson Fastighetsföretagen","JOMA.ST","460287250","6.2126","Sweden"
"7784","Benitec Biopharma","BNTC","459661024","13.38","United States"
"7785","Gree","3632.T","459634001","2.67535","Japan"
"7786","Metall Zug AG","METN.SW","459449441","1028.54","Switzerland"
"7787","Citizens &amp; Northern Corp","CZNC","458773920","25.58","United States"
"7788","Lifestyle Communities Limited","LIC.AX","458399092","3.76539","Australia"
"7789","Luxfer","LXFR","457720224","17.11","United Kingdom"
"7790","Medmix","MEDX.SW","457525053","11.2489","Switzerland"
"7791","Mitsubishi Kakoki Kaisha","6331.T","457105235","20.0651","Japan"
"7792","Kamada","KMDA","455207808","7.89","Israel"
"7793","Hampiðjan","HAMP.IC","455092682","0.726353","Iceland"
"7794","Network18","NETWORK18.NS","455072407","0.294643","India"
"7795","Havertys","HVT","455015648","28.27","United States"
"7796","Birla Carbon (Thailand)","BCT.BK","454753194","1.51584","Thailand"
"7797","EVS Broadcast Equipment","EVS.BR","454666501","33.8201","Belgium"
"7798","Rezolute","RZLT","454499776","4.72","United States"
"7799","Braskem","BAK","454167584","2.01","Brazil"
"7800","Raisio plc","RAIVV.HE","453797230","2.86799","Finland"
"7801","Linc AB","LINC.ST","453328899","7.83466","Sweden"
"7802","EMX Royalty","EMX","453291424","4.16","Canada"
"7803","Eventbrite","EB","452958144","4.51","United States"
"7804","Gulf Medical Projects Company","GMPC.AE","452939510","0.65","United Arab Emirates"
"7805","Hamilton Beach Brands","HBB","452872160","33.69","United States"
"7806","Allergy Therapeutics","AGY.L","452606799","0.0714733","United Kingdom"
"7807","VIP Industries","VIPIND.NS","452527910","3.18561","India"
"7808","Tokmanni","TOKMAN.HE","452302500","7.78153","Finland"
"7809","Aspen Aerogels","ASPN","452288864","5.45","United States"
"7810","Voltamp Energy","VOES.OM","451948063","0.451948","Oman"
"7811","Invictus Investment Company","INVICTUS.AE","451342369","0.4","United Arab Emirates"
"7812","kneat.com","FOBK.F","451270464","4.6729","Ireland"
"7813","Vinh Hoan Corporation","VHC.VN","450981166","2.00924","Vietnam"
"7814","Gooch &amp; Housego","GHH.L","450875103","16.4729","United Kingdom"
"7815","Luceco plc","LUCE.L","450864604","3.06314","United Kingdom"
"7816","Sunteck Realty","SUNTECK.NS","450757496","3.06968","India"
"7817","Meier Tobler Group","MTG.SW","449809120","41.6672","Switzerland"
"7818","Groupe Guillin","ALGIL.PA","449155847","24.2991","France"
"7819","adesso SE","ADN1.DE","448349343","69.9766","Germany"
"7820","Atea Pharmaceuticals","AVIR","448344256","5.59","United States"
"7821","Stitch Fix","SFIX","448310848","3.36","United States"
"7822","Marston's","MARS.L","448084698","0.707926","United Kingdom"
"7823","Soltec Power Holdings","SOL.MC","448026090","0.981308","Spain"
"7824","Hokkaido Gas","9534.T","447568422","5.06676","Japan"
"7825","Marimekko","MEKKO.HE","447333268","11.028","Finland"
"7826","HOMAG Group","HG1.F","447181305","28.5047","Germany"
"7827","Commercial Facilities Company S.A.K.P.","FACIL.KW","446935438","882.449","Kuwait"
"7828","American Coastal Insurance Corporation","ACIC","446696928","9.45","United States"
"7829","Tejon Ranch","TRC","446664480","16.53","United States"
"7830","Compass Therapeutics","CMPX","446618048","2.48","United States"
"7831","RBB Bancorp","RBB","446581440","26.4","United States"
"7832","Carvolix","CVX.PA","446406427","7.1729","France"
"7833","Bally's Corporation","BALY","446150560","8.84","United States"
"7834","Select Harvests Limited","SHV.AX","445977698","3.18172","Australia"
"7835","WideOpenWest","WOW","445855520","5.2","United States"
"7836","Ismail Industries","ISIL.PK","445562719","6.71464","Pakistan"
"7837","Charming Medical","MCTA","445550176","29.355","Hong Kong"
"7838","ATOM Corporation","7412.T","444806689","2.30307","Japan"
"7839","Boss Energy","BOE.AX","444756828","1.07125","Australia"
"7840","Alantra Partners","ALNT.MC","444733230","11.7407","Spain"
"7841","Qatari Investors Group","QIGD.QA","444365772","0.357418","Qatar"
"7842","Boohoo Group","DEBS.L","444358524","0.28249","United Kingdom"
"7843","Gladstone Capital Corporation","GLAD","444179712","19.66","United States"
"7844","Acacia Research","ACTG","444020000","4.55","United States"
"7845","PlayWay","PLW.WA","443983700","66.6042","Poland"
"7846","Innovative Aerosystems","ISSC","443541504","24.78","United States"
"7847","Frontera Energy","FEC.TO","442874400","6.35599","Canada"
"7848","CPH Group AG","CPHN.SW","442582043","73.8248","Switzerland"
"7849","BSR Real Estate Investment Trust","HOM-UN.TO","442456716","11.3857","Canada"
"7850","Chofu Seisakusho","5946.T","441960858","12.9982","Japan"
"7851","Texmaco Rail &amp; Engineering","TEXRAIL.NS","441783113","1.08582","India"
"7852","Raymond","RAYMOND.NS","441530661","6.63443","India"
"7853","Larimar Therapeutics","LRMR","441502464","4.25","United States"
"7854","Universal Store Holdings","UNI.AX","440698210","5.74418","Australia"
"7855","National Cement Company P.S.C.","NCC.AE","440611016","1.22801","United Arab Emirates"
"7856","Lexeo Therapeutics","LXEO","440588384","5.37","United States"
"7857","Andersen Group","ANDG","440472992","34.82","United States"
"7858","Attica Holdings","ATTICA.AT","440308969","1.81075","Greece"
"7859","ECARX Holdings","ECX","440149792","1.12","China"
"7860","doValue S.p.A.","DOV.MI","439967623","2.31893","Italy"
"7861","Kaiser (China) Culture","002425.SZ","439862358","0.459787","China"
"7862","Farmland Partners","FPI","439676608","10.01","United States"
"7863","Bank of Marin Bancorp","BMRC","439349920","27.13","United States"
"7864","Riso Kagaku Corporation","6413.T","438367541","6.99124","Japan"
"7865","LendingTree","TREE","438315072","31.22","United States"
"7866","Weyco Group","WEYS","437435008","45.8","United States"
"7867","Advantage Solutions","ADV","437366272","34.11","United States"
"7868","AIC Mines Limited","A1M.AX","437160831","0.548082","Australia"
"7869","Lindex Group","LINDEX.HE","437157118","2.66355","Finland"
"7870","EHang Holdings","EH","436869280","5.76","China"
"7871","Oatly","OTLY","436525472","13.98","Sweden"
"7872","Home Invest Belgium","HOMI.BR","436036371","21.9159","Belgium"
"7873","Union Properties","UPP.AE","435778098","0.152481","United Arab Emirates"
"7874","Ranpak","PACK","435652096","5.08","United States"
"7875","i3 Verticals","IIIV","435359552","16.49","United States"
"7876","Brunel International","BRNL.AS","434986801","8.6215","Netherlands"
"7877","Symphony Limited","SYMPHONY.NS","434687680","6.32997","India"
"7878","eQ Oyj","EQV1V.HE","434388595","10.4907","Finland"
"7879","Multiconsult","MULTI.OL","434278771","15.7562","Norway"
"7880","RattanIndia Power","RTNPOWER.NS","434126990","0.0808414","India"
"7881","TKM Grupp AS","TKM1T.TL","433937268","10.6542","Estonia"
"7882","Tera Light","TRLT.TA","433753211","5.49583","Israel"
"7883","Altshuler Shaham Finance","ALTF.TA","433683424","2.18355","Israel"
"7884","Enento Group","ENENTO.HE","433679174","18.3178","Finland"
"7885","eREX Co.,Ltd.","9517.T","433624953","5.5463","Japan"
"7886","Millat Tractors","MTL.PK","433089121","1.08535","Pakistan"
"7887","Foseco India","FOSECOIND.NS","433032519","57.1687","India"
"7888","Servcorp Limited","SRV.AX","432723744","4.33483","Australia"
"7889","West Coast Paper Mills","WSTCSTPAPR.NS","432608856","6.54983","India"
"7890","PensionBee Group","PBEE.L","432496428","1.81066","United Kingdom"
"7891","Plaza Retail REIT","PLZ-UN.TO","431193820","3.86288","Canada"
"7892","Whitefield Industrials Limited","WHF.AX","430831168","3.55185","Australia"
"7893","Marqeta","MQ","430390752","4.06","United States"
"7894","SofWave Medical","SOFW.TA","430158823","11.8517","Israel"
"7895","Djurslands Bank A/S","DJUR.CO","430144700","163.264","Denmark"
"7896","JCI Hitachi India","JCHAC.NS","429941645","15.7544","India"
"7897","Sohu.com","SOHU","429634560","14.29","China"
"7898","Vetropack","VETN.SW","429624603","21.6719","Switzerland"
"7899","Van de Velde","VAN.BR","429594838","34.5794","Belgium"
"7900","National Petroleum Services Company","NAPESCO.KW","429490488","4754.15","Kuwait"
"7901","Magnera","MAGN","428268000","12.03","United States"
"7902","International Money Express","IMXI","428098784","14.17","United States"
"7903","Cross Country Healthcare","CCRN","428060928","13.25","United States"
"7904","Murapol S.A.","MUR.WA","428053896","10.4915","Poland"
"7905","Dine Brands Global","DIN","427752704","33.79","United States"
"7906","Bumble","BMBL","427474784","2.79","United States"
"7907","Cedar Woods Properties Limited","CWP.AX","426922972","5.01815","Australia"
"7908","Orthofix Medical","OFIX","426877728","10.48","United States"
"7909","Arabian Pipes Company","2200.SR","426809766","1.70724","Saudi Arabia"
"7910","Tide Water Oil","TIDEWATER.NS","426582649","25.0972","India"
"7911","Bajaj Electricals","BAJAJELEC.NS","426050413","3.69218","India"
"7912","Medicare Group","MCGS.QA","425718142","1.51264","Qatar"
"7913","NACL Industries","NACLIND.NS","425705682","1.81737","India"
"7914","Glarner Kantonalbank","GLKBN.SW","425681010","31.5319","Switzerland"
"7915","SFC Energy AG","F3C.DE","424787025","24.4159","Germany"
"7916","Everspin Technologies","MRAM","424664160","17.44","United States"
"7917","Plumas Bancorp","PLBC","424291200","60.97","United States"
"7918","Nichireki Group","5011.T","424271096","14.91","Japan"
"7919","KYORIN Pharmaceutical","4569.T","424094343","7.38245","Japan"
"7920","PureTech Health","PRTC","424034496","17.42","United States"
"7921","Shenzhen Zqgame","300052.SZ","423540525","1.61744","China"
"7922","908 Devices","MASS","423257120","10.24","United States"
"7923","FRP Holdings","FRPH","423088000","22.07","United States"
"7924","Tohokushinsha Film","2329.T","422810809","3.07287","Japan"
"7925","Community Healthcare Trust","CHCT","422576800","14.79","United States"
"7926","TFF Group","TFF.PA","422456072","19.486","France"
"7927","Mahindra Logistics","MAHLOG.NS","422257518","4.25566","India"
"7928","Lithium Royalty Corp.","LIRC.TO","421987321","7.68248","Canada"
"7929","Panoro Energy ASA","PEN.OL","421671548","3.17164","United Kingdom"
"7930","Titan International","TWI","421461568","6.53","United States"
"7931","Talgo S.A.","TLGO.MC","421318016","3.14252","Spain"
"7932","Habib Metropolitan Bank","HMB.PK","421278678","0.402048","Pakistan"
"7933","Avacta Group","AVCT.L","421000667","0.898522","United Kingdom"
"7934","Zamil Industrial Investment Company","2240.SR","420923662","7.01539","Saudi Arabia"
"7935","K-Bro Linen","KBL.TO","420713367","32.7004","Canada"
"7936","Energiekontor","EKT.DE","420325679","30.3154","Germany"
"7937","Foster Electric Company","6794.T","420197529","18.7022","Japan"
"7938","Mepco (Middle East Company for Manufacturing and Producing Paper)","1202.SR","419414396","4.8394","Saudi Arabia"
"7939","Foghorn Therapeutics","FHTX","419260320","7.06","United States"
"7940","IPD Group Limited","IPG.AX","418910604","4.02876","Australia"
"7941","YouGov plc","YOU.L","418527370","3.5723","United Kingdom"
"7942","Automated Systems Company KPSC","ASC.KW","418104047","4181.05","Kuwait"
"7943","Selectirente","SELER.PA","418084483","100.467","France"
"7944","JCR Pharmaceuticals","4552.T","418055712","3.42621","Japan"
"7945","Locaweb","LWSA3.SA","417986077","0.744955","Brazil"
"7946","Ascencio","ASCE.BR","417981679","60.514","Belgium"
"7947","Pro Real Estate Investment Trust","PRV-UN.TO","416149691","4.95724","Canada"
"7948","Pioneer Bancorp","PBFS","415649920","17.19","United States"
"7949","Nat Games (Nexon Games)","225570.KQ","415015778","6.59933","South Korea"
"7950","Barnes &amp; Noble Education","BNED","414593152","11.96","United States"
"7951","Serve Robotics","SERV","414461888","4.78","United States"
"7952","Bed Bath &amp; Beyond","BBBY","414399584","4.35","United States"
"7953","Turners Automotive Group","TRA.NZ","414366726","4.55222","New Zealand"
"7954","Titan Machinery","TITN","414312768","17.78","United States"
"7955","Boston Omaha","BOC","414240288","13.75","United States"
"7956","Meteoric Resources","MEI.AX","413783041","0.142359","Australia"
"7957","Star Group","SGU","413749408","12.61","United States"
"7958","Aeroporto G. Marconi Bologna","ADB.MI","413588221","11.4486","Italy"
"7959","F-Secure","FSECURE.HE","413311175","2.36565","Finland"
"7960","Topy Industries","7231.T","413250374","19.1186","Japan"
"7961","Kaveri Seed","KSCL.NS","412594999","8.08362","India"
"7962","SRA Holdings","3817.T","412590089","30.5078","Japan"
"7963","X4 Pharmaceuticals","XFOR","412450432","4.16","United States"
"7964","Nel ASA","NEL.OL","412312904","0.224322","Norway"
"7965","MCI Capital Alternatywna Spólka Inwestycyjna","MCI.WA","411909155","7.85172","Poland"
"7966","Community Health Systems","CYH","411747328","2.92","United States"
"7967","Upstream Bio","UPB","411604352","7.515","United States"
"7968","Investar Holding","ISTR","411244224","29.85","United States"
"7969","Radiant Logistics","RLGT","411181984","8.78","United States"
"7970","Atrium Mortgage Investment","AI.TO","411002928","8.50123","Canada"
"7971","Hamborner REIT","HABA.DE","410992932","5.05257","Germany"
"7972","Maruzen","5982.T","410390870","25.807","Japan"
"7973","Harbour Centre Development","0051.HK","410320996","0.578936","Hong Kong"
"7974","ZipRecruiter","ZIP","410308512","4.99","United States"
"7975","Orient Electric","ORIENTELEC.NS","410251659","1.92254","India"
"7976","Doha Insurance Group","DOHI.QA","410164841","0.82033","Qatar"
"7977","Vitru","VTRU3.SA","410139739","2.51737","Brazil"
"7978","Hydratec Industries","HYDRA.AS","409998801","315.421","Netherlands"
"7979","Eik fasteignafélag","EIK.IC","409877762","0.120787","Iceland"
"7980","Ranger Energy Services","RNGR","409769440","17.51","United States"
"7981","PowerFleet","AIOT","409389056","3.05","United States"
"7982","General Oceans ASA","GENO.OL","408773209","2.17882","Norway"
"7983","Fonciere Inea","INEA.PA","408256520","37.7336","France"
"7984","IVF Hartmann","VBSN.SW","408222413","171.424","Switzerland"
"7985","Austriacard Holdings","ACAG.VI","408126502","11.3668","Austria"
"7986","Café de Coral","0341.HK","407865580","0.719207","Hong Kong"
"7987","Viking Line Abp","VIK1V.HE","407775698","23.5981","Finland"
"7988","Sjóvá-Almennar tryggingar","SJOVA.IC","407681239","0.350934","Iceland"
"7989","Bijou Brigitte","BIJ.DE","407050240","54.3224","Germany"
"7990","Akastor ASA","AKAST.OL","406630268","1.4919","Norway"
"7991","Essentra plc","ESNT.L","406526781","1.43491","United Kingdom"
"7992","Aimco","AIV","405740640","2.63","United States"
"7993","Melcor Developments","MRD.TO","405556016","13.502","Canada"
"7994","29Metals","29M.AX","404850784","0.231333","Australia"
"7995","Fujiya Co., Ltd.","2211.T","404317788","15.6861","Japan"
"7996","The Metals Royalty Company","TMCR","404143712","6.41","Canada"
"7997","Invalda INVL, AB","IVL1L.VS","404084745","32.4766","Lithuania"
"7998","NexPoint Real Estate Finance","NREF","403788448","17.53","United States"
"7999","Lumi Rental Company","4262.SR","403718084","7.34033","Saudi Arabia"
"8000","Borussia Dortmund","BVB.F","403599324","3.65654","Germany"
"8001","Energy Recovery","ERII","403509760","7.905","United States"
"8002","Kuwait Reinsurance Company","KUWAITRE.KW","403137586","1188.54","Kuwait"
"8003","Mirrabooka Investments Limited","MIR.AX","403134232","1.80084","Australia"
"8004","Esprinet","PRT.MI","402875548","8.14836","Italy"
"8005","Chalice Mining","CHN.AX","402687521","1.0321","Australia"
"8006","Vst Tillers Tractors","VSTTILLERS.NS","402520327","46.5193","India"
"8007","BVZ Holding","BVZN.SW","402361318","2039.57","Switzerland"
"8008","Auna SA","AUNA","402125792","5.43","Luxembourg"
"8009","Lesaka Technologies","LSAK","401528960","4.68","South Africa"
"8010","Perion Network","PERI","401464096","9.72","Israel"
"8011","Gorilla Technology","GRRR","401364032","14.59","Taiwan"
"8012","Rocket Pharmaceuticals","RCKT","400677312","3.65","United States"
"8013","Sandhar","SANDHAR.NS","400321930","6.63495","India"
"8014","FRP Advisory Group","FRP.L","400302782","1.62006","United Kingdom"
"8015","Primis Financial","FRST","400256992","16.14","United States"
"8016","Mortgage Advice Bureau (Holdings)","MAB1.L","400020135","6.94312","United Kingdom"
"8017","Fenix Outdoor","FOI-B.ST","399717778","36.162","Switzerland"
"8018","The Okinawa Electric Power Company","9511.T","399607326","7.35721","Japan"
"8019","M1 Kliniken AG","M12.DE","399257119","21.2617","Germany"
"8020","Franchise Brands plc","FRAN.L","399052215","2.08294","United Kingdom"
"8021","Toscana Aeroporti","TYA.MI","398983137","21.4369","Italy"
"8022","Parke Bancorp","PKBK","398360992","33.87","United States"
"8023","Nathan's Famous","NATH","398180896","97.25","United States"
"8024","Global Indemnity","GBLI","397931904","27.18","Cayman Islands"
"8025","Forterra plc","FORT.L","397632877","1.96313","United Kingdom"
"8026","Norcros","NXR.L","397601685","4.45177","United Kingdom"
"8027","Kalyani Steels","KSL.NS","397588211","9.08578","India"
"8028","Al Soor Fuel Marketing Company K.S.C.P.","SOOR.KW","397345831","944.318","Kuwait"
"8029","Perspective Therapeutics","CATX","397247808","3.48","United States"
"8030","Orascom Development","ODHN.SW","397040564","6.66163","Switzerland"
"8031","Acco Brands","ACCO","396922560","4.3","United States"
"8032","FW Thorpe Plc","TFW.L","396657726","3.53963","United Kingdom"
"8033","Yü Group","YU.L","396430231","22.8715","United Kingdom"
"8034","Heisco (Heavy Engineering Industries and Shipbuilding Company)","SHIP.KW","396396121","1999.35","Kuwait"
"8035","Aarti Drugs","AARTIDRUGS.NS","396326679","4.34235","India"
"8036","Vaibhav Global","VAIBHAVGBL.NS","395922440","2.36675","India"
"8037","Gaotu Techedu","GOTU","395833248","1.66","China"
"8038","LNA Santé","LNA.PA","395724670","38.4346","France"
"8039","ElringKlinger","ZIL2.DE","395259773","6.23832","Germany"
"8040","Unimot","UNT.WA","395079858","48.1933","Poland"
"8041","Eshraq Investments","ESHRAQ.AE","394830480","0.15","United Arab Emirates"
"8042","Emeco Holdings","EHL.AX","394804619","0.76162","Australia"
"8043","Genie Energy","GNE","394794368","15","United States"
"8044","Pacific Biosciences","PACB","394755040","1.27","United States"
"8045","Marie Brizard Wine &amp; Spirits","MBWS.PA","394663362","3.52804","France"
"8046","KG Mobility (SsangYong Motor)","003620.KS","394129397","1.94752","South Korea"
"8047","Vasta Platform","VSTA","393989824","4.9","Brazil"
"8048","Palram Industries","PLRM.TA","393729260","15.305","Israel"
"8049","TruBridge","TBRG","393577312","26.24","United States"
"8050","Enanta Pharmaceuticals","ENTA","393484192","13.51","United States"
"8051","Clinuvel Pharmaceuticals","CUV.AX","393042558","7.79415","Australia"
"8052","Independent Petroleum Group K.S.C.P.","IPG.KW","393029140","2175.19","Kuwait"
"8053","Semperit","SEM.VI","392962203","19.1005","Austria"
"8054","MVB Financial","MVBF","392915456","30.3","United States"
"8055","Monro","MNRO","392773216","12.57","United States"
"8056","Globe Trade Centre","GTC.WA","392629181","0.683719","Poland"
"8057","Magnetic Resources NL","MAU.AX","392598464","1.30668","Australia"
"8058","Skycity Entertainment Group","SKC.NZ","392190089","0.355549","New Zealand"
"8059","LPKF Laser &amp; Electronics","LPK.DE","392059212","16.0047","Germany"
"8060","Secure Trust Bank PLC","STB.L","391012832","21.1016","United Kingdom"
"8061","First Carolina Financial Services","FCBM","390846144","12.58","United States"
"8062","Duni AB","DUNI.ST","390643376","8.31173","Sweden"
"8063","The Property Franchise Group","TPFG.L","390562852","6.12628","United Kingdom"
"8064","NIOX Group","NIOX.L","389616758","0.925749","United Kingdom"
"8065","First Bancorp","FNLC","389579200","34.53","United States"
"8066","Bafang Yunji","2753.TW","389565357","5.84538","Taiwan"
"8067","Envela Corporation","ELA","389452128","15","United States"
"8068","loanDepot","LDI","389395008","0.8763","United States"
"8069","L.B. Foster","FSTR","389231232","37","United States"
"8070","Orion Group Holdings","ORN","389159712","9.61","United States"
"8071","Genesco","GCO","389077248","35.03","United States"
"8072","Kuwait National Cinema Company","KCIN.KW","388983422","4200.59","Kuwait"
"8073","I'LL inc.","3854.T","388679490","15.5473","Japan"
"8074","PCB Bancorp","PCB","388614144","27.67","United States"
"8075","Newegg","NEGG","388008352","18.5","United States"
"8076","Wemade","112040.KQ","387972916","11.4771","South Korea"
"8077","Pasona Group","2168.T","387938827","10.3859","Japan"
"8078","Schweizerische Nationalbank","SNBN.SW","387892749","3878.93","Switzerland"
"8079","PharmaSGP","PSG.DE","387716280","33.6779","Germany"
"8080","ThredUp","TDUP","387434272","2.95","United States"
"8081","Walaa Cooperative Insurance Company","8060.SR","387302201","3.03628","Saudi Arabia"
"8082","Daikokutenbussan","2791.T","387153169","28.8673","Japan"
"8083","MGP Ingredients","MGPI","386952352","18.07","United States"
"8084","Formycon AG","FYB.DE","386904969","21.8925","Germany"
"8085","Ashiana Housing","ASHIANA.NS","386379666","3.84362","India"
"8086","OPAL Fuels","OPAL","386212032","2.21","United States"
"8087","Lyell Immunopharma","LYEL","386201024","15.76","United States"
"8088","SAPTCO (Saudi Public Transport Company)","4040.SR","386192932","3.08954","Saudi Arabia"
"8089","Nissha Co., Ltd.","7915.T","385927604","8.13962","Japan"
"8090","Polyplex","POLYPLEX.NS","385786633","12.2891","India"
"8091","Filatex India","FILATEX.NS","385419827","0.867949","India"
"8092","Group Five Pipe Saudi Company","9523.SR","384807964","13.7431","Saudi Arabia"
"8093","Mirbud S.A.","MRB.WA","384517413","3.49266","Poland"
"8094","Vista Group International","VGL.NZ","384456695","1.60666","New Zealand"
"8095","Lux Industries","LUXIND.NS","384034786","12.7706","India"
"8096","Instone Real Estate Group","INS.DE","383627474","8.85514","Germany"
"8097","EQT Holdings Limited","EQT.AX","382949427","14.2928","Australia"
"8098","Al Taiseer Group TALCO Industrial Company","4143.SR","382038028","9.55095","Saudi Arabia"
"8099","CompX International","CIX","382014752","31","United States"
"8100","Lands' End","LE","381494176","12.41","United States"
"8101","Sanford Limited","SAN.NZ","381081167","4.07022","New Zealand"
"8102","Gevo","GEVO","380745120","1.54","United States"
"8103","Holley","HLLY","380675232","3.14","United States"
"8104","Chaince Digital Holdings","CD","380613152","3.46","United States"
"8105","AutoCanada Inc.","ACQ.TO","380572360","16.5241","Canada"
"8106","Ice Fish Farm","IFISH.OL","380549975","3.1126","Iceland"
"8107","Mitsuba Corporation","7280.T","380382404","8.27213","Japan"
"8108","Tullow Oil","TLW.L","380333648","0.251041","United Kingdom"
"8109","Materialise NV","MTLS","380145504","6.57","Belgium"
"8110","Anup Engineering","ANUP.NS","380113119","18.9758","India"
"8111","Mobia Medical, Inc.","MOBI","379703648","11.42","United States"
"8112","Baader Bank","BWB.DE","379661306","7.78037","Germany"
"8113","AS Tallinna Sadam","TSM1T.TL","379137829","1.44159","Estonia"
"8114","Clearfield","CLFD","378856512","27.89","United States"
"8115","Heidelbergcement India","HEIDELBERG.NS","378519733","1.6702","India"
"8116","GWA Group Limited","GWA.AX","378433757","1.48765","Australia"
"8117","Genki Global Dining Concepts","9828.T","378297446","21.4217","Japan"
"8118","Lifeway Foods","LWAY","378272960","25.04","United States"
"8119","JTEKT India","JTEKTINDIA.NS","378156564","1.36323","India"
"8120","Unipres Corporation","5949.T","377929932","8.43618","Japan"
"8121","McBride","MCB.L","377688269","2.2218","United Kingdom"
"8122","Hypothekarbank Lenzburg","HBLN.SW","377573821","5255.32","Switzerland"
"8123","Capital A (Air Asia)","5099.KL","377384016","0.0842627","Malaysia"
"8124","Ölgerðin Egill Skallagrímsson","OLGERD.IC","376879239","0.131611","Iceland"
"8125","Knr Constructions","KNRCON.NS","376837833","1.33994","India"
"8126","Waterstone Financial","WSBF","376798496","20.96","United States"
"8127","Future plc","FUTR.L","376766441","4.25028","United Kingdom"
"8128","Tanzanian Gold Corporation","TRX","376595104","1.15","Canada"
"8129","Australian Clinical Labs","ACL.AX","376383629","2.01794","Australia"
"8130","City Cement Company","3003.SR","376231835","2.68737","Saudi Arabia"
"8131","Allot","ALLT","376218656","7.69","Israel"
"8132","Vox Royalty","VOXR","375274528","5.4","Canada"
"8133","Kits Eyecare","KITS.TO","374862245","11.0233","Canada"
"8134","Arqit Quantum","ARQQ","374673952","21.53","United Kingdom"
"8135","Lucky Core Industries (LCI)","LCI.PK","374491605","0.810947","Pakistan"
"8136","en Japan","4849.T","374277171","9.90636","Japan"
"8137","Xerox","XRX","374246336","2.85","United States"
"8138","Phnom Penh Autonomous Port","PPAP.KH","374142150","3.27","Cambodia"
"8139","Jindal Worldwide","JINDWORLD.NS","374052906","0.373082","India"
"8140","SHL Finance Company","1183.SR","373941294","3.73941","Saudi Arabia"
"8141","Uzin Utz","UZU.DE","373609605","74.0654","Germany"
"8142","BOE Varitronix","0710.HK","373469031","0.484572","Hong Kong"
"8143","Aramis Group","ARAMI.PA","373381007","4.5736","France"
"8144","Digital Arts Inc.","2326.T","373129478","27.7946","Japan"
"8145","BHG Group AB","BHG.ST","373016234","2.07899","Sweden"
"8146","Ercros","ECR.MC","372794801","4.0771","Spain"
"8147","Ring Energy","REI","372571616","1.43","United States"
"8148","Liva Group","LIVA.OM","372505887","0.935065","Oman"
"8149","Wheels India","WHEELS.NS","372455242","15.2439","India"
"8150","Gérard Perrier Industrie S.A.","PERR.PA","372263549","98.5981","France"
"8151","Agora, Inc.","API","372019072","4.4","China"
"8152","ShaMaran Petroleum","SNM.OL","371902980","0.128797","Bermuda"
"8153","National Finance","NFCI.OM","371825950","0.571429","Oman"
"8154","Agenus","AGEN","371779904","8.26","United States"
"8155","Open Lending","LPRO","371532640","3.14","United States"
"8156","Simulations Plus","SLP","371530304","18.37","United States"
"8157","Gladstone Land","LAND","371405856","8.61","United States"
"8158","Jupiter Mines Limited","JMS.AX","370809584","0.188626","Australia"
"8159","Timbercreek Financial","TF.TO","370644196","4.47891","Canada"
"8160","On the Beach Group","OTB.L","370240364","2.58665","United Kingdom"
"8161","Canada Packers","CPKR.TO","370217700","12.4366","Canada"
"8162","Stride Property Group","SPG.NZ","370167424","0.660518","New Zealand"
"8163","Galectin Therapeutics","GALT","370118208","3.67","United States"
"8164","All for One Group","A1OS.DE","369876932","79.6729","Germany"
"8165","Datalogic S.p.A.","DAL.MI","369484820","6.62383","Italy"
"8166","AIAI Holdings Corporation","AIAI","369212928","5.225","United States"
"8167","Greenply","GREENPLY.NS","369058714","2.95479","India"
"8168","Gulf Warehousing Company","GWCS.QA","368684614","0.629121","Qatar"
"8169","gremz, Inc.","3150.T","368130974","15.9196","Japan"
"8170","Gaumont SA","GAM.PA","367549605","117.991","France"
"8171","Cerence","CRNC","367269664","8.12","United States"
"8172","Perma-Fix Environmental Services","PESI","367077472","17.3","United States"
"8173","Thob Al Aseel Company","4012.SR","366483775","0.916209","Saudi Arabia"
"8174","LSL Property Services plc","LSL.L","366477378","3.74384","United Kingdom"
"8175","Pico Far East Holdings","0752.HK","366469354","0.286918","Hong Kong"
"8176","KNOT Offshore Partners","KNOP","366262080","10.6","United Kingdom"
"8177","North American Construction Group","NOA","366028960","13.6","Canada"
"8178","M-tron Industries","MPTI","366016736","84.21","United States"
"8179","Seanergy Maritime","SHIP","365975840","16.89","Greece"
"8180","Alandalus Property Company","4320.SR","364921259","3.90987","Saudi Arabia"
"8181","Artesian Resources","ARTNA","364650656","35.31","United States"
"8182","Richtech Robotics","RR","364461440","1.63","United States"
"8183","Kuwait Insurance Company","KINS.KW","364390911","1530.45","Kuwait"
"8184","Eimskipafélag Íslands","EIM.IC","364287105","2.25251","Iceland"
"8185","Lifezone Metals","LZM","364153984","4.05","United Kingdom"
"8186","Light S.A.","LIGT3.SA","364151179","0.595964","Brazil"
"8187","NewtekOne","NEWT","363947648","12.6","United States"
"8188","Australian Ethical Investment Limited","AEF.AX","363796029","3.19596","Australia"
"8189","Orbit Communication Systems","ORBI.TA","363764075","14.3123","Israel"
"8190","MS INTERNATIONAL plc","MSI.L","363733282","22.1227","United Kingdom"
"8191","Deceuninck","DECB.BR","363698465","2.61098","Belgium"
"8192","Sutro Biopharma","STRO","363293440","21.91","United States"
"8193","Daiichi Kensetsu","1799.T","363116576","20.5068","Japan"
"8194","Ribbon Communications","RBBN","363011424","2.03","United States"
"8195","Bystronic AG","BYS.SW","362661482","175.678","Switzerland"
"8196","Cigniti Technologies","CIGNITITEC.NS","362553149","13.1613","India"
"8197","Electrovaya","ELVA","362394752","7.32","Canada"
"8198","Avingtrans","AVG.L","362000323","9.80205","United Kingdom"
"8199","Zentalis Pharmaceuticals","ZNTL","361646688","3.82","United States"
"8200","PCC Rokita","PCR.WA","361458657","17.8423","Poland"
"8201","Southern States Bancshares","SSBK","361068608","36.37","United States"
"8202","Presidio Production Company","FTW","360873408","11.52","United States"
"8203","Nice One Beauty Digital Marketing Company","4193.SR","360841357","3.12417","Saudi Arabia"
"8204","National Fertilizers","NFL.NS","360620722","0.735093","India"
"8205","Vista Gold","VGZ","360549216","2.47","United States"
"8206","Gogo Inflight Internet","GOGO","360450912","2.66","United States"
"8207","StealthGas","GASS","360329312","9.69","Greece"
"8208","CION Investment Corporation","CION","360163808","7.32","United States"
"8209","Theeb Rent A Car Company","4261.SR","360026672","5.45731","Saudi Arabia"
"8210","BrasilAgro","LND","359611776","3.61","Brazil"
"8211","Waterdrop Inc.","WDH","359301952","1","China"
"8212","Kendrion","KENDR.AS","358575586","22.6869","Netherlands"
"8213","Inmobiliaria del Sur","ISUR.MC","358187848","19.6262","Spain"
"8214","Timberland Bancorp","TSBK","357758464","46.01","United States"
"8215","Judges Scientific plc","JDG.L","357273098","53.639","United Kingdom"
"8216","TWFG, Inc.","TWFG","356770720","27.45","United States"
"8217","Mo-BRUK S.A.","MBR.WA","356666065","101.531","Poland"
"8218","COLTENE Holding AG","CLTN.SW","356269970","59.6229","Switzerland"
"8219","Vitruvio Real Estate","YVIT.MC","356098614","21.028","Spain"
"8220","Portillo's","PTLO","356066720","4.91","United States"
"8221","The Cross-Harbour Holdings","0032.HK","355485469","0.953842","Hong Kong"
"8222","Kyokuyo","1301.T","354933105","29.8768","Japan"
"8223","D2L Inc.","DTOL.TO","354830634","6.52268","Canada"
"8224","Blend Labs","BLND","354769984","1.5","United States"
"8225","Parrot S.A.","PARRO.PA","354223586","11.4486","France"
"8226","Amplitude Energy","AEL.AX","353692465","1.17944","Australia"
"8227","Coelacanth Energy","CEI.V","353618007","0.558052","Canada"
"8228","Dhofar International Development &amp; Investment Holding","DIDI.OM","353037366","0.711688","Oman"
"8229","Value Line","VALU","352960128","37.6","United States"
"8230","Wilmington plc","WIL.L","352350724","3.93444","United Kingdom"
"8231","Rocky Brands","RCKY","352305632","47.05","United States"
"8232","Bushiroad","7803.T","352215024","2.59332","Japan"
"8233","Bourse Direct","BSD.PA","352098540","6.82243","France"
"8234","COLOPL","3668.T","352075720","2.73845","Japan"
"8235","Nuix Limited","NXL.AX","352063925","1.03566","Australia"
"8236","Grieg Seafood","GSF.OL","352016528","3.13622","Norway"
"8237","Paysafe","PSFE","351932256","6.74","United States"
"8238","WithSecure Oyj","WITH.HE","351735546","2.00023","Finland"
"8239","Alpine Income Property Trust","PINE","351599040","19.81","United States"
"8240","Civeo","CVEO","350832992","33.94","United States"
"8241","Universal Entertainment Corporation","6425.T","350577674","4.52412","Japan"
"8242","Abeona Therapeutics","ABEO","350538016","6.13","United States"
"8243","JDC Group AG","JDC.DE","349090876","25.8178","Germany"
"8244","Bakkt Holdings","BKKT","348837568","7.74","United States"
"8245","Vertu Motors","VTU.L","348338940","1.14357","United Kingdom"
"8246","ON24","ONTF","348249024","8.1","United States"
"8247","Text (LiveChat)","TXT.WA","347752511","13.505","Poland"
"8248","Stillfront Group","SF.ST","347571044","0.726216","Sweden"
"8249","PT Aspirasi Hidup Indonesia Tbk","ACES.JK","347417523","0.0202926","Indonesia"
"8250","AB Akola Group","AKO1L.VS","347401007","2.1028","Lithuania"
"8251","Argo Global Listed Infrastructure","ALI.AX","347309229","1.84355","Australia"
"8252","Oportun Financial","OPRT","347203776","7.55","United States"
"8253","Gran Tierra Energy","GTE","347082016","9.81","Canada"
"8254","GuangZhou Wahlap Technology","301011.SZ","347043017","2.24686","China"
"8255","Dave & Buster's","PLAY","346843296","9.97","United States"
"8256","Horizon Technology Finance","HRZN","346766432","5.08","United States"
"8257","Central Asia Metals","CAML.L","346594697","2.03393","United Kingdom"
"8258","Advanced Technology Company K.S.C.P.","ATC.KW","346557293","1774.67","Kuwait"
"8259","Chubu Steel Plate","5461.T","346491650","13.0045","Japan"
"8260","Air Asia Company Limited (AACL)","2630.TW","346211153","1.65305","Taiwan"
"8261","Clean Energy Fuels","CLNE","346098688","1.57","United States"
"8262","Bell Financial Group","BFG.AX","345880196","1.07837","Australia"
"8263","trivago","TRVG","345736448","4.9","Germany"
"8264","Equita Group","EQUI.MI","345422240","6.70561","Italy"
"8265","izertis","IZER.MC","345086016","9.71963","Spain"
"8266","Card Factory plc","CARD.L","344978317","1.02649","United Kingdom"
"8267","KinderCare Learning Companies","KLC","344884576","2.91","United States"
"8268","Immuneering","IMRX","344837152","5.33","United States"
"8269","Oceania Healthcare","OCA.NZ","344769308","0.476049","New Zealand"
"8270","Fiera Capital","FSZ.TO","344710257","3.25409","Canada"
"8271","Orell Füssli AG","OFN.SW","344573888","175.803","Switzerland"
"8272","Eagle Football Group","EFG.PA","344368072","2.1028","France"
"8273","Irani Papel e Embalagem S.A.","RANI3.SA","343858865","1.49571","Brazil"
"8274","Orion S.A.","OEC","343092800","6.07","United States"
"8275","Hokkaido Coca-Cola Bottling","2573.T","342571188","25.176","Japan"
"8276","Victorian Plumbing Group","VIC.L","342484413","1.04283","United Kingdom"
"8277","Egetis Therapeutics AB","EGTX.ST","342088611","0.735758","Sweden"
"8278","Fastighets AB Trianon","TRIAN-B.ST","342069803","1.8553","Sweden"
"8279","Avex Inc.","7860.T","341749967","8.00712","Japan"
"8280","Arkan Al-Kuwait Real Estate Company","ARKAN.KW","341719625","1097.36","Kuwait"
"8281","Twin Disc","TWIN","341532544","23.68","United States"
"8282","Al Suwadi Power","SUWP.OM","341430571","0.477922","Oman"
"8283","Hargreaves Services","HSP.L","341096225","11.109","United Kingdom"
"8284","The RMR Group","RMR","341092096","19.97","United States"
"8285","Clearwater Paper","CLW","340726592","21.13","United States"
"8286","Brødrene A &amp; O Johansen","AOJ-B.CO","340719902","15.7795","Denmark"
"8287","Viemed Healthcare","VMD","340508736","8.94","United States"
"8288","Andrews Sykes Group","ASY.L","340493377","8.13434","United Kingdom"
"8289","Jumbo Interactive Limited","JIN.AX","340454204","5.37405","Australia"
"8290","Verano Holdings","VRNOF","340106912","0.94","United States"
"8291","Arbonia","ARBN.SW","339889745","4.89245","Switzerland"
"8292","Sumou Real Estate Company","4323.SR","339849780","6.797","Saudi Arabia"
"8293","Syntec Optics","OPTX","339357984","8.425","United States"
"8294","Mikron Holding","MIKN.SW","339311319","20.3331","Switzerland"
"8295","Wing Tai Properties","0369.HK","338293348","0.246112","Hong Kong"
"8296","Integrated Holding Company K.S.C.P.","INTEGRATED.KW","338225623","1273.2","Kuwait"
"8297","TriSalus Life Sciences","TLSI","338044544","5.49","United States"
"8298","Bredband2 i Skandinavien AB","BRE2.ST","337924291","0.353073","Sweden"
"8299","Duos Technologies Group","DUOT","337691872","10.75","United States"
"8300","PrimeEnergy Resources","PNRG","337639808","213.345","United States"
"8301","Newron Pharmaceuticals","NWRN.SW","337395499","16.2164","Italy"
"8302","Lime Technologies AB","LIME.ST","337369529","25.2851","Sweden"
"8303","Fope S.p.A.","FPE.MI","337312072","61.9159","Italy"
"8304","Vanda Pharmaceuticals","VNDA","336777184","5.57","United States"
"8305","Strattec Security","STRT","336623168","80.555","United States"
"8306","Compagnie d'Entreprises CFE","CFEB.BR","336600259","13.6682","Belgium"
"8307","Fossil Group","FOSL","336495520","5.69","United States"
"8308","United Bankers Oyj","UNITED.HE","336174241","30.257","Finland"
"8309","Transcontinental","TCL-A.TO","336066384","4.01507","Canada"
"8310","Transcontinental Realty Investors","TCI","335867360","38.28","United States"
"8311","Nippon Air conditioning Services","4658.T","335702601","9.68552","Japan"
"8312","China Motor Bus Company","0026.HK","335596458","7.4216","Hong Kong"
"8313","Campine","CAMB.BR","335572409","223.715","Belgium"
"8314","Kuwait Investment Company","KINV.KW","335363884","608.922","Kuwait"
"8315","Merlin, Inc.","MRLN","335039712","3.315","United States"
"8316","Nordic Paper","NPAPER.ST","334821133","5.00414","Sweden"
"8317","Kitwave Group","KITW.L","334463767","3.99424","United Kingdom"
"8318","Funko","FNKO","334294720","5.97","United States"
"8319","Kewal Kiran Clothing","KKCL.NS","333862367","5.41763","India"
"8320","MM Forgings","MMFL.NS","333633851","6.91017","India"
"8321","Fiverr","FVRR","333622752","9.28","Israel"
"8322","Orchestra BioMed","OBIO","333583040","5.55","United States"
"8323","Abdulmohsen Al-Hokair Group for Tourism and Development Company","1820.SR","333546361","0.538007","Saudi Arabia"
"8324","Parken Sport (F.C. Copenhagen)","PARKEN.CO","332466172","34.0588","Denmark"
"8325","BayCom (United Business Bank)","BCML","332299168","30.43","United States"
"8326","Caltagirone Editore","CED.MI","331848259","3.10748","Italy"
"8327","Public Policy Holding Company","PPHC","331475360","10.97","United States"
"8328","Telos","TLS","331083968","4.43","United States"
"8329","Rotshtein Realestate","ROTS.TA","330786072","18.9096","Israel"
"8330","TT Electronics","TTG.L","330352151","1.8515","United Kingdom"
"8331","TrueBlue","TBI","330321152","10.85","United States"
"8332","Capital Limited","CAPD.L","330314489","1.4635","United Kingdom"
"8333","Gulf Pharmaceutical Industries","JULPHAR.AE","330280780","0.29","United Arab Emirates"
"8334","Beyout Investment Group","BEYOUT.KW","330185609","1100.62","Kuwait"
"8335","Diana Shipping","DSX","329696384","2.65","Greece"
"8336","A2Z Cust2Mate Solutions","AZ","329317984","7.48","Canada"
"8337","IDP Education","IEL.AX","329272403","1.183","Australia"
"8338","Sidetrade","ALBFR.PA","329255811","230.607","France"
"8339","Younited Financial","YOUNI.PA","329062390","7.24299","Luxembourg"
"8340","ADF Group","DRX.TO","329029700","11.5234","Canada"
"8341","Jack in the Box","JACK","328925504","17.15","United States"
"8342","United Foodbrands Limited","UFBL.NS","328898379","8.40793","India"
"8343","Ashoka Buildcon","ASHOKA.NS","328800067","1.17126","India"
"8344","Prince Pipes And Fittings","PRINCEPIPE.NS","328594782","2.9715","India"
"8345","Peach Property Group AG","PEAN.SW","328560614","5.90598","Switzerland"
"8346","V-ZUG Holding","VZUG.SW","328524938","51.2394","Switzerland"
"8347","SmartCraft ASA","SMCRT.OL","328123531","1.99594","Norway"
"8348","Propel Funeral Partners","PFP.AX","328017526","2.37739","Australia"
"8349","Bonduelle","BON.PA","327771586","10.2687","France"
"8350","Medios AG","ILM1.DE","327760484","12.8505","Germany"
"8351","American Battery Technology Company","ABAT","327394624","2.4","United States"
"8352","Accent Group","AX1.AX","327359282","0.544523","Australia"
"8353","Oman Education and Training Investments (OETI)","OETI.OM","327272735","4.67532","Oman"
"8354","Cairo Communication","CAI.MI","327063998","2.72196","Italy"
"8355","SuRo Capital","SSSS","326920416","12.54","United States"
"8356","Akatsuki Inc","3932.T","326695117","22.6521","Japan"
"8357","Selvaag Bolig","SBO.OL","326327065","3.4829","Norway"
"8358","Tanmiah Food Company","2281.SR","326000102","16.3","Saudi Arabia"
"8359","Middle East Specialized Cables Company","2370.SR","326000102","8.15","Saudi Arabia"
"8360","City of London Investment Group Plc","CLIG.L","325996859","6.60277","United Kingdom"
"8361","Tamkeen Human Resources Company","1835.SR","325797667","12.2943","Saudi Arabia"
"8362","SNDL Inc.","SNDL","325747424","1.31","Canada"
"8363","Repay Holdings","RPAY","325400416","3.69","United States"
"8364","Shinpoong Pharm","019170.KS","325106436","6.05417","South Korea"
"8365","Alto Ingredients","ALTO","325011872","4.19","United States"
"8366","OVB Holding","O4B.DE","324650241","22.7804","Germany"
"8367","Infotel SA","INF.PA","324606614","47.3131","France"
"8368","Al Batinah Power","BATP.OM","324296565","0.480519","Oman"
"8369","Kistos Holdings","KIST.L","323626330","3.89359","United Kingdom"
"8370","Santhera Pharmaceuticals","SANN.SW","323544635","21.2215","Switzerland"
"8371","James Fisher and Sons","FSJ.L","323030300","6.39856","United Kingdom"
"8372","CoastalSouth Bancshares","COSO","323009152","27.02","United States"
"8373","Corby Spirit and Wine","CSW-A.TO","322900139","11.3422","Canada"
"8374","John Marshall Bancorp","JMSB","322744512","22.87","United States"
"8375","B.P. Marsh &amp; Partners","BPM.L","322649458","9.20304","United Kingdom"
"8376","Nano Dimension","NNDM","322583680","1.53","United States"
"8377","Mitsubishi Paper Mills","3864.T","322582395","7.36352","Japan"
"8378","Tele Columbus","TC1.HM","322091362","0.549065","Germany"
"8379","Vogenx","VOGX","322054688","23.16","United States"
"8380","Wonderla Holidays","WONDERLA.NS","321740913","5.07296","India"
"8381","Tsubakimoto Kogyo","8052.T","321654409","17.5033","Japan"
"8382","Matrix Service Company","MTRX","321569920","11.43","United States"
"8383","Abbott Laboratories (Pakistan)","ABOT.PK","321239243","3.28129","Pakistan"
"8384","Batic Investments and Logistics Company","4110.SR","321205983","0.535343","Saudi Arabia"
"8385","Friedman Industries","FRD","321185568","44.53","United States"
"8386","Relais Group Oyj","RELAIS.HE","321063998","17.1729","Finland"
"8387","CMON","1792.HK","321019461","0.177752","Singapore"
"8388","Alfen","ALFEN.AS","320810540","14.7547","Netherlands"
"8389","Shoper","SHO.WA","320692494","11.3985","Poland"
"8390","Capricorn Energy","CNE.L","320641191","4.66959","United Kingdom"
"8391","E. W. Scripps Company","SSP","320634720","3.46","United States"
"8392","CPI Card Group","PMTS","320206688","27.77","United States"
"8393","AVITA Medical","RCEL","319783616","10.34","United States"
"8394","Cellectis","CLLS","319222848","3.17","France"
"8395","Village Farms International","VFF","319167232","2.61","Canada"
"8396","High Liner Foods","HLF.TO","319068697","11.364","Canada"
"8397","Flexsteel Industries","FLXS","318594400","78.17","United States"
"8398","Xunlei","XNET","318268928","5","China"
"8399","Byggmax Group","BMAX.ST","318220845","5.42807","Sweden"
"8400","Science Group","SAG.L","317971482","7.84164","United Kingdom"
"8401","IVE Group","IGL.AX","317912528","2.08556","Australia"
"8402","The National Company for Glass Industries","2150.SR","317906538","9.66281","Saudi Arabia"
"8403","Fate Therapeutics","FATE","317524384","2.65","United States"
"8404","Cartesian Therapeutics","RNAC","317378624","10.49","United States"
"8405","XANO Industri","XANO-B.ST","316911785","5.34326","Sweden"
"8406","Novabase","NBA.LS","316887101","8.41121","Portugal"
"8407","MT Højgaard Holding","MTHH.CO","316695972","41.0893","Denmark"
"8408","What's Cooking Group","WHATS.BR","316591437","170.561","Belgium"
"8409","World Holdings","2429.T","315959515","17.9009","Japan"
"8410","Northern Region Cement Company","3004.SR","315932469","1.75518","Saudi Arabia"
"8411","NL Industries","NL","315885824","6.46","United States"
"8412","Maui Land &amp; Pineapple Company","MLP","315561984","15.89","United States"
"8413","Qatar Islamic Insurance Group","QISI.QA","315494496","2.1033","Qatar"
"8414","NACCO Industries","NC","315300896","41.78","United States"
"8415","Xebio Holdings","8281.T","315161063","7.61591","Japan"
"8416","Mehadrin","MEDN.TA","315117037","91.5412","Israel"
"8417","Sanara MedTech","SMTI","314965824","34.28","United States"
"8418","Animalcare Group","ANCR.L","314896273","4.56068","United Kingdom"
"8419","Prenetics","PRE","314780736","18.76","Hong Kong"
"8420","Firm Capital Mortgage Investment Corporation","FC.TO","314725111","8.56646","Canada"
"8421","United Heavy Machinery","OMZZP.ME","314692715","114.43","Russia"
"8422","SCHMID Group","SHMD","314586720","4.79","Germany"
"8423","Rane (Madras) Limited","RML.NS","314465778","11.3784","India"
"8424","Designer Brands","DBI","314310144","6.19","United States"
"8425","Anavex Life Sciences","AVXL","314242304","3.39","United States"
"8426","EnviTec Biogas","ETG.DE","314001157","21.1449","Germany"
"8427","Verve Group SE","VER.ST","313780982","1.56799","Sweden"
"8428","Pizza Pizza","PZA.TO","313594860","9.27671","Canada"
"8429","Saudi Cable Company","2110.SR","313331218","46.9557","Saudi Arabia"
"8430","ProQR Therapeutics","PRQR","313284288","2.22","Netherlands"
"8431","Nilkamal","NILKAMAL.NS","313229273","20.9206","India"
"8432","Ladun Investment Company","9535.SR","312949428","0.625899","Saudi Arabia"
"8433","Generalfinance","GF.MI","312924540","24.7664","Italy"
"8434","InflaRx","IFRX","312420608","2.12","Germany"
"8435","fuboTV","FUBO","312010176","10.33","United States"
"8436","Bpost","13B.F","311216428","1.55607","Belgium"
"8437","Millennium &amp; Copthorne Hotels New Zealand","MCK.NZ","310693450","1.9637","New Zealand"
"8438","Helical","HLCL.L","310500161","2.72279","United Kingdom"
"8439","Lalique Group","LLQ.SW","310240545","40.5543","Switzerland"
"8440","Zengame Technology","2660.HK","310150574","0.29967","China"
"8441","Stalprodukt","STP.WA","310009932","60.9185","Poland"
"8442","Palms Sports","PALMS.AE","310006816","2.07","United Arab Emirates"
"8443","Rafhan Maize Products Company","RMPL.PK","309967777","33.5594","Pakistan"
"8444","Regional Management Corp.","RM","309617664","33.56","United States"
"8445","Omni Bridgeway","OBL.AX","309248566","1.06769","Australia"
"8446","Kogan.com Ltd","KGN.AX","309032317","3.26002","Australia"
"8447","Al-Jouf Agricultural Development","6070.SR","308901060","10.2967","Saudi Arabia"
"8448","Zumiez","ZUMZ","308508480","18.285","United States"
"8449","Neumora Therapeutics","NMRA","308149280","1.64","United States"
"8450","Microvast","MVST","307935232","0.8008","United States"
"8451","Rasiyat Holding Company","RASIYAT.KW","307717358","2051.45","Kuwait"
"8452","OneConnect Financial Technology","OCFT","307704928","7.89","China"
"8453","Brinova Fastigheter","BRIN-B.ST","307586116","1.33581","Sweden"
"8454","Palladyne AI","PDYN","307378944","6.23","United States"
"8455","NI Holdings","NODK","307295168","15.06","United States"
"8456","Kingsway Financial Services","KFS","307154208","10.73","Canada"
"8457","Nayifat Finance Company","4081.SR","307136313","2.6341","Saudi Arabia"
"8458","Embecta","EMBC","307095040","5.42","United States"
"8459","Ernst Russ","ERAG.DE","306982054","9.11215","Germany"
"8460","NN, Inc.","NNBR","306375008","3.71","United States"
"8461","Chain Bridge Bancorp","CBNA","306371232","46.69","United States"
"8462","CapsoVision","CV","306287104","6.12","United States"
"8463","Xperi","XPER","305799328","6.27","United States"
"8464","J.Jill","JILL","305756448","20.45","United States"
"8465","First Western Financial","MYFW","305648544","31.3","United States"
"8466","Myriad Genetics","MYGN","305122368","3.19","United States"
"8467","Metro Mining","MMI.AX","304900105","0.989394","Australia"
"8468","NexPoint Diversified Real Estate Trust","NXDT","304828576","5.74","United States"
"8469","Sasken Technologies","SASKEN.NS","304597782","20.0506","India"
"8470","Siyaram Silk Mills","SIYSIL.NS","304179531","6.70441","India"
"8471","Cresco Labs","CRLBF","303836512","0.816","United States"
"8472","8x8","EGHT","303314560","2.1","United States"
"8473","STRATEC","SBS.F","303188502","24.9416","Germany"
"8474","Entrada Therapeutics","TRDA","302927296","7.78","United States"
"8475","Coveo Solutions","CVO.TO","302426006","3.25409","Canada"
"8476","Saratoga Investment","SAR","302321216","18.8","United States"
"8477","One Stop Systems","OSS","302024960","12.11","United States"
"8478","Halwani Bros","6001.SR","301909675","8.53886","Saudi Arabia"
"8479","Kyodo Printing","7914.T","301662307","10.9033","Japan"
"8480","Lightbridge Corporation","LTBR","301537632","8.05","United States"
"8481","Amarin Corporation","AMRN","301535776","14.38","Ireland"
"8482","Anora Group","ANORA.HE","301465923","4.46262","Finland"
"8483","Burgenland Holding","BHD.VI","301401867","100.467","Austria"
"8484","Prosperity Real Estate Investment Trust","0808.HK","301334373","0.18809","Hong Kong"
"8485","Dialight plc","DIA.L","300421167","7.51491","United Kingdom"
"8486","Delta Plus Group","ALDLT.PA","299830727","41.8224","France"
"8487","Naqi Water Company","2282.SR","299632430","14.9816","Saudi Arabia"
"8488","Australian Finance Group","AFG.AX","299585518","1.1104","Australia"
"8489","Red Sea International Company","4230.SR","299148262","6.19773","Saudi Arabia"
"8490","Fulcrum Therapeutics","FULC","298322272","3.91","United States"
"8491","Mount Gibson Iron","MGX.AX","298279005","0.252687","Australia"
"8492","Turn Therapeutics","TTRX","298210848","9.82","United States"
"8493","Onity Group","ONIT","298089280","35.68","United States"
"8494","STEICO SE","ST5.DE","297792895","21.1449","Germany"
"8495","Árima Real Estate","ARM.MC","297147306","12.1495","Spain"
"8496","SMJ International","SMJF","296997600","10.72","Singapore"
"8497","Concurrent Technologies","CNC.L","296813010","3.26735","United Kingdom"
"8498","IFL (Ibrahim Fibres)","IBFL.PK","296735560","0.955649","Pakistan"
"8499","NervGen Pharma","NGEN.V","296699810","3.74562","Canada"
"8500","ClearView Wealth Limited","CVW.AX","296668367","0.462666","Australia"
"8501","BAUER AG","B5A0.HM","296636839","6.89252","Germany"
"8502","Treace Medical Concepts","TMCI","296557568","4.56","United States"
"8503","Alico","ALCO","296000608","39.9","United States"
"8504","Neon Equity AG","D77.DE","295930951","6.71729","Germany"
"8505","Zotefoams","ZTF.L","294993967","5.98334","United Kingdom"
"8506","Intracom Holdings","INTRK.AT","294702970","3.5514","Greece"
"8507","Aiphone Co.,Ltd.","6718.T","293909851","17.9576","Japan"
"8508","Soluna Holdings","SLNH","293508704","1.2","United States"
"8509","Neobo Fastigheter","NEOBO.ST","293466105","2.10444","Sweden"
"8510","Emirates Insurance Company","EIC.AE","293260730","1.96","United Arab Emirates"
"8511","Funkwerk AG","FEW.F","292632373","36.3083","Germany"
"8512","James Latham plc","LTHM.L","292297226","14.4989","United Kingdom"
"8513","Arcturus Therapeutics","ARCT","292189120","10.28","United States"
"8514","Al Jazeera Steel Products","ATMI.OM","291969264","2.33766","Oman"
"8515","Bank Mayapada Internasional","MAYA.JK","291911179","0.0111553","Indonesia"
"8516","CAMP4 Therapeutics","CAMP","291802400","4.65","United States"
"8517","National Industries Company","NICBM.KW","291694043","827.092","Kuwait"
"8518","Race Oncology","RAC.AX","291682025","1.48765","Australia"
"8519","Gloo Holdings","GLOO","291615712","3.33","United States"
"8520","Jindal Poly Films","JINDALPOLY.NS","291366712","6.65427","India"
"8521","Ready Capital","RC","291299360","1.76","United States"
"8522","BRC Group Holdings","RILY","290644224","7.23","United States"
"8523","Jakks Pacific","JAKK","290588832","25.39","United States"
"8524","United Carton Industries Company","1323.SR","290417085","7.26043","Saudi Arabia"
"8525","Cadiz Inc.","CDZI","289595584","3.42","United States"
"8526","Sino AG","XTP.DE","289456783","123.832","Germany"
"8527","Velan","VLN.TO","289414613","13.4077","Canada"
"8528","Bicycle Therapeutics","BCYC","289018464","4.14","United Kingdom"
"8529","Los Andes Copper","LA.V","288990227","9.50862","Canada"
"8530","Naseej International Trading Company","1213.SR","288613780","6.77036","Saudi Arabia"
"8531","Giordano","0709.HK","288564716","0.178527","Hong Kong"
"8532","B&amp;G Foods","BGS","288528640","3.55","United States"
"8533","Eledon Pharmaceuticals","ELDN","288477088","3.55","United States"
"8534","Pantheon Resources","PANR.L","288190492","0.197675","United Kingdom"
"8535","Forafric Global PLC","AFRI","287703904","10.67","Gibraltar"
"8536","Kingstone Companies","KINS","286772192","19.81","United States"
"8537","Princeton Bancorp","BPRN","286699520","42.08","United States"
"8538","Toho Co., Ltd.","8142.T","286685896","8.99144","Japan"
"8539","Alliance Entertainment","AENT","286380416","5.62","United States"
"8540","Alamar Foods Company","6014.SR","286200923","11.2236","Saudi Arabia"
"8541","Escalade Sports","ESCA","285646048","20.75","United States"
"8542","RCM Technologies","RCMT","285568096","40.16","United States"
"8543","Taiga Building Products","TBL.TO","285546852","2.64531","Canada"
"8544","Imagicaaworld Entertainment","IMAGICAA.NS","285410457","0.504371","India"
"8545","Sogefi S.p.A.","SGF.MI","284956129","2.38902","Italy"
"8546","Brooge Energy","BROG","284928800","2.6","United Arab Emirates"
"8547","Azkoyen S.A.","AZK.MC","284914914","11.6822","Spain"
"8548","ALX Oncology","ALXO","284850592","2.06","United States"
"8549","Secuoya, Grupo de Comunicación, S.A.","SEC.MC","284839904","35.514","Spain"
"8550","Anika Therapeutics","ANIK","284521856","21.26","United States"
"8551","Rare Earths Americas","REA","284342976","14.25","United States"
"8552","Ajinomoto (Malaysia)","2658.KL","284178568","4.6741","Malaysia"
"8553","CS Disco","LAW","283699360","4.37","United States"
"8554","C&amp;F Financial Corporation","CFFI","283612480","87.22","United States"
"8555","Automatic Bank Services","SHVA.TA","283572460","7.05968","Israel"
"8556","Damaan Islamic Insurance Company (Beema)","BEMA.QA","282967025","1.41484","Qatar"
"8557","Gateway Distriparks","GATEWAY.NS","282847800","0.566099","India"
"8558","Invivyd","IVVD","282821024","0.9595","United States"
"8559","Banque Cantonale du Jura","BCJ.SW","282759920","94.4707","Switzerland"
"8560","The Pearl REIF","PRFD.OM","282660750","0.477922","Oman"
"8561","Aeluma","ALMU","282634368","15.44","United States"
"8562","Sionna Therapeutics","SION","282577504","6.25","United States"
"8563","American Resources Corp","AREC","282404160","2.64","United States"
"8564","LCNB Corp.","LCNB","282106240","19.79","United States"
"8565","Omega Flex","OFLX","281934432","27.93","United States"
"8566","Pyxis Oncology","PYXS","281085120","3.37","United States"
"8567","Acrow Limited","ACF.AX","280957481","0.679764","Australia"
"8568","Coop Pank AS","CPA1T.TL","280838858","2.71028","Estonia"
"8569","Orient Cement","ORIENTCEM.NS","280561765","1.36553","India"
"8570","Gencor Industries","GENC","280255264","19.12","United States"
"8571","Mediclin","MED.DE","280227811","5.89953","Germany"
"8572","Marine Products Corporation","MPX","280037408","8.18","United States"
"8573","Gabler Group AG","XK4.F","279883157","46.2617","Germany"
"8574","Groupe Pizzorno Environnement","GPE.PA","279732484","72.3715","France"
"8575","Eisen- und Hüttenwerke","EIS.F","279626166","15.8879","Germany"
"8576","Runway Growth Finance","RWAY","278700864","6.65","United States"
"8577","CAB Payments","CABP.L","278560323","1.09729","United Kingdom"
"8578","TROOPS, Inc.","TROO","278525184","2.28","Hong Kong"
"8579","Gentrack Group","GTK.NZ","278386970","2.47545","New Zealand"
"8580","Lineage Cell Therapeutics","LCTX","278198208","1.1","United States"
"8581","Remedy Entertainment","REMEDY.HE","278159699","20.4673","Finland"
"8582","Afentra","AET.L","277929158","1.01016","United Kingdom"
"8583","Yatsen Holding","YSG","277664192","2.96","China"
"8584","Whitehawk Therapeutics","WHWK","277633856","4.87","United States"
"8585","Hikal","HIKAL.NS","277450203","2.25019","India"
"8586","Automotive Axles","AUTOAXLES.NS","277401967","18.3564","India"
"8587","Penguin International Limited","BTM.SI","277156640","1.25883","Singapore"
"8588","Incap Oyj","ICP1V.HE","277068428","9.41589","Finland"
"8589","Ames National Corp.","ATLO","277053856","31.28","United States"
"8590","Mangalam Cement","MANGLMCEM.NS","276931695","10.0712","India"
"8591","Tristel","TSTL.L","276513873","5.7519","United Kingdom"
"8592","Pihlajalinna Oyj","PIHLIS.HE","276385437","12.2897","Finland"
"8593","Netcall","NET.L","276376949","1.62006","United Kingdom"
"8594","Keiyo Gas","9539.T","276331041","8.59393","Japan"
"8595","TechTarget","TTGT","276310752","3.82","United States"
"8596","Parag Milk Foods","PARAGMILK.NS","276158938","2.18293","India"
"8597","Pure Cycle (water)","PCYO","276155872","11.46","United States"
"8598","John Wood Group","WG.L","276090680","0.399424","United Kingdom"
"8599","Western New England Bancorp","WNEB","275430272","13.74","United States"
"8600","AerSale","ASLE","275383424","5.77","United States"
"8601","AFT Pharmaceuticals","AFT.NZ","275191997","2.62422","New Zealand"
"8602","Montauk Renewables","MNTK","274718400","1.93","United States"
"8603","GE Power India","GEPIL.NS","274557971","4.07664","India"
"8604","Nam Tai Property","NTPIF","274533760","4.5","China"
"8605","Middlefield Banc","MBCN","273627936","33.67","United States"
"8606","Appen","APX.AX","273077404","1.01787","Australia"
"8607","Transgene SA","TNG.PA","273054409","0.981308","France"
"8608","BRT Apartments","BRT","272878368","14.52","United States"
"8609","SKY Network Television Limited","SKT.NZ","272810325","1.98155","New Zealand"
"8610","Beacon Lighting Group","BLX.AX","272618256","1.1887","Australia"
"8611","Adagene","ADAG","272219072","4.12","China"
"8612","Westwing Group","WEW.DE","271785942","14.4276","Germany"
"8613","Hawthorn Bancshares","HWBK","271645216","39.365","United States"
"8614","Tredegar","TG","271639872","7.8","United States"
"8615","Chicago Atlantic Real Estate Finance","REFI","271327936","10.59","United States"
"8616","Alector","ALEC","271326336","2.43","United States"
"8617","TOP Financial Group Limited","TOP","271309856","2.06","Hong Kong"
"8618","Gakken Holdings","9470.T","271303669","6.51801","Japan"
"8619","Oryzon Genomics","ORY.MC","270574596","3.3014","Spain"
"8620","The Hackett Group","HCKT","270422464","10.87","United States"
"8621","Federal-Mogul Goetze","FMGOETZE.NS","270220501","4.85727","India"
"8622","Ellomay Capital","ELLO","270151328","19.6","Israel"
"8623","Zhihu","ZH","270090048","3.16","China"
"8624","BEST S.A.","BST.WA","269886081","9.47621","Poland"
"8625","Biodesix","BDSX","269475552","25.54","United States"
"8626","Infinity Natural Resources","INR","269004480","14.43","United States"
"8627","CM.com","CMCOM.AS","268544877","8.09579","Netherlands"
"8628","Ainsworth Game Technology","AGI.AX","268495452","0.79721","Australia"
"8629","Emperor Watch &amp; Jewellery","0887.HK","268356717","0.0369805","Hong Kong"
"8630","Knowit","KNOW.ST","268263006","9.84898","Sweden"
"8631","Real Matters","REAL.TO","268128861","3.60922","Canada"
"8632","Lantronix","LTRX","268097680","6.01","United States"
"8633","Aviat Networks","AVNW","267717504","20.69","United States"
"8634","Apollo Pipes","APOLLOPIPE.NS","267618036","6.0934","India"
"8635","Deoleo","OLE.MC","267523363","0.535047","Spain"
"8636","Sinad Holding Company","4080.SR","267279549","2.11474","Saudi Arabia"
"8637","Liontrust Asset Management PLC","LIO.L","267013026","4.31563","United Kingdom"
"8638","Stelrad Group","SRAD.L","267001045","2.09655","United Kingdom"
"8639","Qatar Industrial Manufacturing Company","QIMD.QA","266581970","0.560989","Qatar"
"8640","STINAG Stuttgart Invest","STG.F","266363856","16.9982","Germany"
"8641","MacroGenics","MGNX","265629792","4.17","United States"
"8642","SEACOR Marine","SMHI","265359024","9.78","United States"
"8643","Far East Consortium International","0035.HK","265258295","0.0867129","Hong Kong"
"8644","Compagnie Du Mont-Blanc","MLCMB.PA","265108708","294.393","France"
"8645","Prim, S.A.","PRM.MC","265106428","15.5958","Spain"
"8646","Richardson Electronics","RELL","265052592","18.04","United States"
"8647","Vanquis Banking Group","VANQ.L","264802227","1.0578","United Kingdom"
"8648","Outdoor Holding Company","POWW","264515024","2.28","United States"
"8649","Qingci Games","6633.HK","264473268","0.382557","China"
"8650","SmartRent","SMRT","264424272","1.38","United States"
"8651","India Nippon Electricals","INDNIPPON.NS","264365146","11.6865","India"
"8652","Reliance Infrastructure","RELINFRA.NS","264026212","0.646836","India"
"8653","Martifer SGPS","MAR.LS","263879942","2.6986","Portugal"
"8654","Fintel Plc","FNTL.L","263837945","2.5322","United Kingdom"
"8655","Standard BioTools","LAB","263655920","0.6716","United States"
"8656","Aspo Oyj","ASPO.HE","263596727","8.41121","Finland"
"8657","Herfy Food Services Company","6002.SR","263571091","4.075","Saudi Arabia"
"8658","Movano","MOVE","263202352","9.52","United States"
"8659","Kitex Garments","KITEX.NS","262880018","1.31769","India"
"8660","National Bankshares","NKSH","262187424","41.17","United States"
"8661","Com2uS","078340.KQ","261886980","22.8825","South Korea"
"8662","Al Kout Industrial Projects Company","ALKOUT.KW","261533782","2591.99","Kuwait"
"8663","1-800-Flowers.com, Inc.","FLWS","261521808","4.08","United States"
"8664","Slam Corp","SLMWF","261266432","11.14","United States"
"8665","Myer Holdings","MYR.AX","261170347","0.1509","Australia"
"8666","Oman Flour Mills","OFMI.OM","261142166","1.5039","Oman"
"8667","Bank Ochrony Srodowiska","BOS.WA","261111462","2.81037","Poland"
"8668","Ares Commercial Real Estate","ACRE","260761216","4.7","United States"
"8669","National General Insurance Company","NGI.AE","260498627","1.57926","United Arab Emirates"
"8670","Comstock Inc.","LODE","260381904","3.43","United States"
"8671","Median Technologies SA","ALMDT.PA","260353849","5.30958","France"
"8672","Chinese Estates Holdings","0127.HK","260285683","0.136445","Hong Kong"
"8673","Genel Energy","GENL.L","259986413","0.943448","United Kingdom"
"8674","Volati AB","VOLO.ST","259856500","2.81475","Sweden"
"8675","Amtech Systems","ASYS","259470032","14.82","United States"
"8676","Arabian Shield Cooperative Insurance Company","8070.SR","259347630","3.24935","Saudi Arabia"
"8677","Archer Limited","ARCH.OL","258962042","2.60278","Norway"
"8678","U.S. Gold Corp","USAU","258799712","15.66","United States"
"8679","Profound Medical","PROF","258650752","7.08","Canada"
"8680","Celtic","CCP.L","258262863","2.71599","United Kingdom"
"8681","eVISO S.p.A.","EVISO.MI","257941176","11.5888","Italy"
"8682","TSS, Inc.","TSSI","257922304","9.14","United States"
"8683","Skel fjárfestingafélag","SKEL.IC","257839943","0.137925","Iceland"
"8684","Saudi Advanced Industries Company","2120.SR","257239138","4.35999","Saudi Arabia"
"8685","VIB Vermögen","VIH1.F","257177045","7.78037","Germany"
"8686","Solar A/S","SOLAR-B.CO","257078801","32.3403","Denmark"
"8687","Embention","ALUAV.PA","256688895","44.3925","Spain"
"8688","Global Water Resources","GWRS","256566576","8.91","United States"
"8689","AC Immune","ACIU","256521472","2.58","Switzerland"
"8690","APB Apranga","APG1L.VS","256435849","4.63785","Lithuania"
"8691","Neowiz Games","095660.KQ","256381402","13.0982","South Korea"
"8692","GPA","PCAR3.SA","256371169","0.520501","Brazil"
"8693","RxSight","RXST","256214448","6.16","United States"
"8694","Strike Energy","STX.AX","256203092","0.0711794","Australia"
"8695","Nature's Sunshine Products","NATR","256190784","14.56","United States"
"8696","Richmond Mutual Bancorporation","RMBI","255960784","15.96","United States"
"8697","Delegat","DGL.NZ","255759191","2.52901","New Zealand"
"8698","Cosmo First","COSMOFIRST.NS","255479470","9.84197","India"
"8699","Andrew Peller","ADW-A.TO","255351032","5.79794","Canada"
"8700","OraSure Technologies","OSUR","255183920","3.7","United States"
"8701","Sol-Gel Technologies","SLGL","255045760","78.59","Israel"
"8702","Laboratorio Reig Jofre","RJF.MC","255027606","3.10748","Spain"
"8703","Banco de Brasília","BSLI3.SA","254939098","0.524371","Brazil"
"8704","Kaltura","KLTR","254760528","1.67","United States"
"8705","Ecoener","ENER.MC","254663568","4.4743","Spain"
"8706","Greenwich LifeSciences","GLSI","254520128","17.34","United States"
"8707","Vp plc","VP.L","254454679","6.4394","United Kingdom"
"8708","Vuzix","VUZI","254086832","3.01","United States"
"8709","Brockhaus Technologies","BKHT.DE","253868503","24.2991","Germany"
"8710","Limoneira","LMNR","253666784","13.99","United States"
"8711","Enter Air","ENT.WA","253647336","14.458","Poland"
"8712","Cy4gate","CY4.MI","253633437","10.9696","Italy"
"8713","Al Khaleej Training and Education Company","4290.SR","253622216","3.90188","Saudi Arabia"
"8714","CLS Holdings plc","CLI.L","253603207","0.631688","United Kingdom"
"8715","United Projects Company For Aviation Services","UPAC.KW","253341558","670.791","Kuwait"
"8716","Virginia National Bankshares","VABK","253252160","46.68","United States"
"8717","Dadelo","DAD.WA","253163523","21.687","Poland"
"8718","AS Tallinna Vesi","TVE1T.TL","253076385","12.6538","Estonia"
"8719","Confidence Petroleum","CONFIPET.NS","252799271","0.760891","India"
"8720","Ioneer","IONR","252623152","3.15","Australia"
"8721","American Realty Investors","ARL","252617952","15.64","United States"
"8722","Niagen Bioscience","NAGE","252472528","3.17","United States"
"8723","Instabank ASA","INSTA.OL","252463785","0.547389","Norway"
"8724","Immersion Corporation","IMMR","251926528","7.59","United States"
"8725","Praemium Limited","PPS.AX","251560643","0.516051","Australia"
"8726","BTB Real Estate Investment Trust","BTB-UN.TO","251347576","2.81925","Canada"
"8727","OpGen","OPGN","251197920","24.75","United States"
"8728","Roche Bobois","RBO.PA","250740970","25","France"
"8729","Emergent BioSolutions","EBS","250726608","4.89","United States"
"8730","Smart Parking Limited","SPZ.AX","250600620","0.595772","Australia"
"8731","FutureFuel","FF","250459552","5.71","United States"
"8732","First Internet Bancorp","INBK","250129552","28.64","United States"
"8733","AB Amber Grid","AMG1L.VS","250068951","1.40187","Lithuania"
"8734","Rajesh Exports","RAJESHEXPO.NS","249794319","0.846015","India"
"8735","Prodware","ALPRO.PA","249520944","32.0917","France"
"8736","LoveSac","LOVE","249438656","17.04","United States"
"8737","A'ayan Real Estate Company K.S.C.P.","AAYANRE.KW","249033489","599.153","Kuwait"
"8738","Nobia AB","NOBI.ST","248899534","1.64369","Sweden"
"8739","Econocom Group","ECONB.BR","248882895","1.69977","Belgium"
"8740","Huuuge","HUG.WA","248851590","6.05124","United States"
"8741","ZE PAK SA","ZEP.WA","248788326","4.89514","Poland"
"8742","Stellus Capital Investment Corporation","SCM","248629824","8.73","United States"
"8743","Uxin Limited","UXIN","248577696","1.13","China"
"8744","National CineMedia","NCMI","248345968","2.64","United States"
"8745","Wawel","WWL.WA","248333728","192.232","Poland"
"8746","Sidus Space","SIDU","248002064","2.45","United States"
"8747","Absa Bank","ABSP.JO","247926000","55.3035","South Africa"
"8748","Silicom","SILC","247664560","43.09","Israel"
"8749","Aurora Cannabis","ACB","247542336","3.91","Canada"
"8750","Keystone Law Group","KEYS.L","247471587","7.86887","United Kingdom"
"8751","Sovereign Metals","SVM.AX","247462051","0.377251","Australia"
"8752","Immobel","IMMO.BR","247327624","24.1822","Belgium"
"8753","Digital Domain","0547.HK","247253872","0.0309871","Hong Kong"
"8754","Hudson Technologies","HDSN","246638896","5.86","United States"
"8755","Salalah Port Services Company","SPSI.OM","246634155","1.37143","Oman"
"8756","InfuSystem","INFU","246014960","12.19","United States"
"8757","MBIA","MBI","245899264","4.82","United States"
"8758","Organogenesis","ORGO","245768368","1.91","United States"
"8759","Xponential Fitness","XPOF","245604320","4.96","United States"
"8760","PennantPark Investment","PNNT","245513328","3.76","United States"
"8761","Akebia Therapeutics","AKBA","245349872","0.8854","United States"
"8762","Linedata Services","LIN.PA","245219194","50.3505","France"
"8763","Treatt plc","TET.L","245129136","4.15226","United Kingdom"
"8764","Icelandair","ICEAIR.IC","244983123","0.00595772","Iceland"
"8765","Dustin Group","DUST.ST","244945700","0.180441","Sweden"
"8766","Silver Mines Limited","SVL.AX","244859411","0.110328","Australia"
"8767","USANA","USNA","244814080","13.25","United States"
"8768","RideNow Group","RDNW","244599520","6.27","United States"
"8769","Prakash Industries","PRAKASH.NS","244541751","1.36553","India"
"8770","Streamwide","ALSTW.PA","244466185","90.4206","France"
"8771","Genfit","GNFT","244433360","4.85","France"
"8772","Hindustan Sanitaryware &amp; Industries","HSIL.NS","244173718","3.77","India"
"8773","Raoom trading Company","4144.SR","243867526","19.5094","Saudi Arabia"
"8774","Sanam Real Estate Company","SANAM.KW","243842659","1055.03","Kuwait"
"8775","Winton Land","WIN.NZ","243574494","0.821184","New Zealand"
"8776","7Road","0797.HK","243534040","0.104566","China"
"8777","Síminn hf.","SIMINN.IC","243504110","0.102832","Iceland"
"8778","AB Dynamics","ABDP.L","243379513","10.6325","United Kingdom"
"8779","Crest Nicholson Holdings plc","CRST.L","243214991","0.94617","United Kingdom"
"8780","029 Group","Z29.DE","242990652","48.5981","Germany"
"8781","Bang &amp; Olufsen A/S","BO.CO","242851375","1.70294","Denmark"
"8782","Chargeurs","CRI.PA","242790914","10.0467","France"
"8783","Third Harmonic Bio","THRD","242787568","5.38","United States"
"8784","Claros Mortgage Trust","CMTG","242664848","1.72","United States"
"8785","Asure Software","ASUR","242586352","8.4","United States"
"8786","Ayyan Investment Company","2140.SR","242571452","2.41038","Saudi Arabia"
"8787","Alembic Limited","ALEMBICLTD.NS","242264230","0.943463","India"
"8788","Beyond Meat","BYND","242091008","14.08","United States"
"8789","Jeju Air","089590.KS","241583879","2.99839","South Korea"
"8790","Accsys Technologies","AXS.L","241108377","0.978844","United Kingdom"
"8791","Warpaint London PLC","W7L.L","240833854","2.99507","United Kingdom"
"8792","Manazel","MANAZEL.AE","240701408","0.09","United Arab Emirates"
"8793","GDI Property Group","GDI.AX","240151660","0.444872","Australia"
"8794","Munshaat Real Estate Projects Company","MUNSHAAT.KW","240110715","745.685","Kuwait"
"8795","So-Young International","SY","239909088","2.39","China"
"8796","RCI Hospitality Holdings","RICK","239798016","31.34","United States"
"8797","Conexeu Sciences","CNXU","239754640","8.96","United States"
"8798","Information Services Group","III","239646640","4.95","United States"
"8799","Etteplan","ETTE.HE","239519811","9.48598","Finland"
"8800","Neuronetics","STIM","239259296","3.14","United States"
"8801","Koskisen Oyj","KOSKI.HE","239255624","9.92991","Finland"
"8802","BTG Consulting plc","BTG.L","239175957","1.48392","United Kingdom"
"8803","Healius Limited","HLS.AX","238795652","0.328849","Australia"
"8804","Eurobio Scientific","ALERS.PA","238768765","23.715","France"
"8805","Amlak International Finance Company","1182.SR","238348024","2.33846","Saudi Arabia"
"8806","Repco Home Finance","REPCOHOME.NS","238338648","3.80968","India"
"8807","Rane Holdings","RANEHOLDIN.NS","237543453","16.6372","India"
"8808","Al Imtiaz Investment Group Company","ALIMTIAZ.KW","237487074","230.218","Kuwait"
"8809","Najran Cement Company","3002.SR","237402530","1.4409","Saudi Arabia"
"8810","Salam International Investment","SIIS.QA","236794490","0.207143","Qatar"
"8811","FreightCar America","RAIL","236753040","7.22","United States"
"8812","Magnora ASA","MGN.OL","236681951","2.38812","Norway"
"8813","Islamic Arab Insurance","SALAMA.AE","236665118","0.288624","United Arab Emirates"
"8814","StarragTornos Group","STGN.SW","236519460","43.2938","Switzerland"
"8815","National Cleaning Company","CLEANING.KW","236303121","963.855","Kuwait"
"8816","Vátryggingafélag Íslands","SKAGI.IC","236255413","0.120289","Iceland"
"8817","Teixeira Duarte","TDSA.LS","236004671","0.561916","Portugal"
"8818","Geojit Financial Services","GEOJITFSL.NS","235791606","0.844762","India"
"8819","Kaldalón","KALD.IC","235719989","0.21709","Iceland"
"8820","Qoria Limited","QOR.AX","235656012","0.167272","Australia"
"8821","FuRyu","6238.T","235312940","8.88418","Japan"
"8822","Sporting Clube de Portugal","SCP.LS","234790279","1.16238","Portugal"
"8823","Precision BioSciences","DTIL","234613216","8.5","United States"
"8824","MCH Group","MCHN.SW","234591568","7.58268","Switzerland"
"8825","Optimum Communications","OPTU","234542640","0.8605","United States"
"8826","LiveWire Group","LVWR","234170208","1.14","United States"
"8827","Acme United","ACU","234093232","61.06","United States"
"8828","Protara Therapeutics","TARA","234018128","3.96","United States"
"8829","AudioCodes","AUDC","233799056","9.68","Israel"
"8830","A'Saffa Foods","SPFI.OM","233766240","1.94805","Oman"
"8831","Adgar Investments and Development","ADGR.TA","233559799","1.23623","Israel"
"8832","Webzen","069080.KQ","233522003","8.03397","South Korea"
"8833","M&amp;C Saatchi","SAA.L","233304571","1.96041","United Kingdom"
"8834","Nu Skin","NUS","233161072","4.79","United States"
"8835","Silver Bow Mining","SBMT","232979856","7.89","United States"
"8836","Exco Technologies Limited","XTC.TO","232974942","6.19655","Canada"
"8837","EaseMyTrip","EASEMYTRIP.NS","232851618","0.0640256","India"
"8838","FNM S.p.A.","FNM.MI","232693195","0.535047","Italy"
"8839","Acadian Timber","ADN.TO","232204581","12.3641","Canada"
"8840","HireQuest","HQI","232108880","16.71","United States"
"8841","technotrans","TTR1.DE","232003942","33.5864","Germany"
"8842","Iberpapel Gestión","IBG.MC","231783699","21.2617","Spain"
"8843","Groupe SFPI","SFPI.PA","231590746","2.51168","France"
"8844","Peoples Bancorp of North Carolina","PEBK","231530928","43.51","United States"
"8845","Wayi International Digital Entertainment","3086.TWO","231401122","0.848523","Taiwan"
"8846","AlphaPolis","9467.T","231229294","7.95664","Japan"
"8847","Compugen","CGEN","231126912","2.44","Israel"
"8848","WildBrain","WILD.TO","230890930","1.07987","Canada"
"8849","Squirrel Media","SQRL.MC","230757867","2.40654","Spain"
"8850","Integrated Wind Solutions","IWS.OL","230717101","5.77442","Norway"
"8851","Mitsubishi Steel Mfg.","5632.T","230703635","15.2571","Japan"
"8852","Boyaa Interactive","0434.HK","230146155","0.31816","China"
"8853","centrotherm international","CTNK.F","229918391","10.8645","Germany"
"8854","Utah Medical Products","UTMD","229616960","72.12","United States"
"8855","Smiths News","SNWS.L","229335567","0.947532","United Kingdom"
"8856","Minerva Neurosciences","NERV","228710816","4.79","United States"
"8857","Resimac Group Limited","RMC.AX","228043637","0.576553","Australia"
"8858","OP Bancorp (Open Bank)","OPBK","227871712","15.26","United States"
"8859","GreenX Metals","GRX.AX","227819007","0.729589","Australia"
"8860","Acumen Pharmaceuticals","ABOS","227799472","3.15","United States"
"8861","RGC Resources","RGCO","227771504","21.86","United States"
"8862","Spandana Sphoorty Financial","SPANDANA.NS","227748441","2.56938","India"
"8863","GoldMining Inc.","GLDG","227687104","1.06","Canada"
"8864","Beetaloo Energy Australia","BTL.AX","227444546","0.1509","Australia"
"8865","KAMCO Investment Company","KAMCO.KW","227404287","664.279","Kuwait"
"8866","Franklin Covey","FC","227232736","20.12","United States"
"8867","Conduent","CNDT","227060368","1.46","United States"
"8868","The Tourism Enterprise company (SHAMS)","4170.SR","226852911","3.92319","Saudi Arabia"
"8869","BrainChip","BRN.AX","226798783","0.0939569","Australia"
"8870","Daikoku Denki","6430.T","226617068","15.5031","Japan"
"8871","AstroNova, Inc.","ALOT","226532288","28.89","United States"
"8872","Solvar Limited","SVR.AX","226522083","1.21361","Australia"
"8873","Ontex Group","ONTEX.BR","226346297","2.83879","Belgium"
"8874","Imperial Petroleum","IMPP","226068288","5","Greece"
"8875","Teract S.A.","TRACT.PA","226045906","3.23688","France"
"8876","Silvaco Group","SVCO","226018016","6.67","United States"
"8877","Autosports Group","ASG.AX","225940074","1.06057","Australia"
"8878","Gamania Digital","6180.TWO","225796395","1.28693","Taiwan"
"8879","Atrys Health","ATRY.MC","225715681","2.97313","Spain"
"8880","Jassim Transport &amp; Stevedoring Company","JTC.KW","225659396","1367.63","Kuwait"
"8881","Fonix Mobile","FNX.L","225273117","2.30757","United Kingdom"
"8882","Bgin Blockchain","BGIN","225140528","1.99","Singapore"
"8883","AN2 Therapeutics","ANTX","224907968","5.96","United States"
"8884","Netfonds AG","NF4.DE","224561905","96.3785","Germany"
"8885","Immunic","IMUX","224451488","16.45","United States"
"8886","TerrAscend","TSND.TO","224173202","0.601536","Canada"
"8887","LexinFintech Holdings","LX","224112048","1.36","China"
"8888","Synthomer","SYNT.L","224085086","1.36684","United Kingdom"
"8889","Fiducian Group Limited","FID.AX","224022511","7.09659","Australia"
"8890","AFC Energy","AFC.L","223969920","0.197071","United Kingdom"
"8891","Olimpo Real Estate","YORE.MC","223916952","1.13902","Spain"
"8892","Forrester Research","FORR","223898640","11.76","United States"
"8893","Hong Kong Ferry","0050.HK","223751043","0.628031","Hong Kong"
"8894","Bapcor Limited","BAP.AX","223628530","0.332408","Australia"
"8895","Core Molding Technologies","CMT","223502112","26.1","United States"
"8896","SIGA Technologies","SIGA","223452592","3.11","United States"
"8897","Josef Manner &amp; Comp","MAN.VI","223002335","117.991","Austria"
"8898","Latécoère S.A.","LAT.PA","222934765","0.0175234","France"
"8899","Polaris Renewable Energy","PIF.TO","222886894","10.6682","Canada"
"8900","Expensify","EXFY","222495472","2.44","United States"
"8901","Motorcar Parts of America","MPAA","222465200","11.75","United States"
"8902","KlaraBo Sverige","KLARA-B.ST","222432997","1.48","Sweden"
"8903","Eleving Group","OT8.F","222075288","1.90421","Luxembourg"
"8904","Vecima Networks","VCM.TO","222035014","9.13176","Canada"
"8905","BRCK Group","BRCK.L","221810139","0.686144","United Kingdom"
"8906","Gulf Hotels Group","GHG.BH","221798669","0.795756","Bahrain"
"8907","Cantabil Retail India","CANTABIL.NS","221274833","2.64562","India"
"8908","Honda Siel Power Products","HONDAPOWER.NS","221193378","21.8073","India"
"8909","Turtle Beach Corp","TBCH","221005856","12.34","United States"
"8910","Somany Ceramics","SOMANYCERA.NS","220650035","5.38003","India"
"8911","Powersoft","PWS.MI","220624933","17.1729","Italy"
"8912","Coronado Global Resources","CRN.AX","220589999","0.117446","Australia"
"8913","Scientific and Medical Equipment House Company","4014.SR","220529481","7.35098","Saudi Arabia"
"8914","Al Eid Food Company","ALEID.KW","220168570","704.731","Kuwait"
"8915","Keros Therapeutics","KROS","220081792","11.1","United States"
"8916","Ascom Holding","ASCN.SW","219963858","6.68177","Switzerland"
"8917","Nelco","NELCO.NS","219835332","9.63413","India"
"8918","Riber S.A.","ALRIB.PA","219746036","10.4556","France"
"8919","HMS Bergbau","HMU.DE","219714017","48.3645","Germany"
"8920","Spok Holdings","SPOK","219222048","10.48","United States"
"8921","Stille AB","STIL.ST","219100312","24.3839","Sweden"
"8922","AB Vilkyskiu pienine","VLP1L.VS","219048017","18.3411","Lithuania"
"8923","Al-Maha Petroleum","MHAS.OM","218649356","3.16883","Oman"
"8924","Al Ramz Corporation Investment and Development","ALRAMZ.AE","218612730","0.397539","United Arab Emirates"
"8925","Tonix Pharmaceuticals","TNXP","218332528","12.73","United States"
"8926","COG Financial Services","COG.AX","217842427","1.02143","Australia"
"8927","Huhtamaki India","HUHTAMAKI.NS","217353423","2.87802","India"
"8928","Kore Potash plc","KP2.L","217032291","0.041931","United Kingdom"
"8929","Chicago Atlantic BDC","LIEN","216795600","9.5","United States"
"8930","Kolibri Global Energy","KGEI","216652960","6.04","United States"
"8931","BitFuFu","FUFU","216649680","1.3","Singapore"
"8932","Abdullah Saad Mohammed Abo Moati for Bookstores Company","4191.SR","216374578","10.8187","Saudi Arabia"
"8933","Lifetime Brands","LCUT","216324944","9.41","United States"
"8934","Frauenthal Holding","FKA.VI","216287269","25","Austria"
"8935","CARGO Therapeutics","CRGX","216188416","4.47","United States"
"8936","High Tide","HITI","216160640","2.46","Canada"
"8937","Focusrite","TUNE.L","216003794","3.67577","United Kingdom"
"8938","Torrid Holding","CURV","215959248","2.17","United States"
"8939","Electreon Wireless","ELWS.TA","215884557","14.4253","Israel"
"8940","Future Care Trading Company","9544.SR","215735362","0.431471","Saudi Arabia"
"8941","Victory Supermarket Chain","VCTR.TA","215708296","15.2042","Israel"
"8942","YAKUODO HOLDINGS","7679.T","215639377","11.0863","Japan"
"8943","Kuwait Financial Centre "Markaz”","MARKAZ.KW","215626716","442.852","Kuwait"
"8944","Sudatel Telecommunications Group","SUDATEL.AE","215529572","0.16","Sudan"
"8945","Celon Pharma","CLN.WA","215445741","5.53681","Poland"
"8946","Perma-Pipe International","PPIH","215331392","26.5","United States"
"8947","Alta Equipment Group","ALTG","215274688","6.59","United States"
"8948","Gati","GATI.NS","215137993","1.65","India"
"8949","Modiv Industrial","MDV","215101808","18.05","United States"
"8950","AB KN Energies","KNE1L.VS","215084036","0.565421","Lithuania"
"8951","Computer Modelling Group","CMG.TO","214797211","2.75402","Canada"
"8952","Kafrit Industries","KAFR.TA","214699965","8.89882","Israel"
"8953","Hester Biosciences","HESTERBIO.NS","214664112","25.2342","India"
"8954","Bergbahnen Engelberg-Trübsee-Titlis","TIBN.SW","214417101","63.8146","Switzerland"
"8955","Exacompta Clairefontaine","ALEXA.PA","214135232","189.252","France"
"8956","Frontier Developments","FDEV.L","214043166","6.02418","United Kingdom"
"8957","Lang &amp; Schwarz","LUS1.DE","213898597","22.6636","Germany"
"8958","Gofore Oyj","GOFORE.HE","213894426","13.1732","Finland"
"8959","Polymetals Resources","POL.AX","213830754","0.694","Australia"
"8960","Pro-Dex","PDEX","213723296","66.94","United States"
"8961","MJ Gleeson plc","GLE.L","213635836","3.66216","United Kingdom"
"8962","Vista Alegre Atlantis","VAF.LS","213479494","1.27336","Portugal"
"8963","Hindustan Oil Exploration Company","HINDOILEXP.NS","213331285","1.61317","India"
"8964","Oriola","OKDBV.HE","213327213","1.17525","Finland"
"8965","Helios Underwriting","HUW.L","213121076","3.05633","United Kingdom"
"8966","Al-Deera Holding Company","ALDEERA.KW","213005706","1563.01","Kuwait"
"8967","Crexendo","CXDO","212968992","6.57","United States"
"8968","Quicklogic","QUIK","212852144","11.62","United States"
"8969","Indoco Remedies","INDOCO.NS","212607106","2.30659","India"
"8970","TPG Mortgage Investment Trust","MITT","212447216","6.68","United States"
"8971","Eagle Nice","2368.HK","212334646","0.369805","Hong Kong"
"8972","Al Dhafra Insurance","DHAFRA.AE","212111309","2.12","United Arab Emirates"
"8973","Prosafe SE","PRS.OL","211894482","0.601054","Norway"
"8974","Aumann AG","AAG.DE","211260129","16.3551","Germany"
"8975","PepGen","PEPG","211241536","3.05","United States"
"8976","Arnarlax (Icelandic Salmon)","ISLAX.OL","211021462","6.81553","Iceland"
"8977","Ohio Valley Banc Corp","OVBC","210628896","44.71","United States"
"8978","Orrön Energy","ORRON.ST","210357007","0.735758","Sweden"
"8979","Brouwerij Handelsmaatschappij","COBH.BR","210280372","2803.74","Belgium"
"8980","Voyager Therapeutics","VYGR","210117200","3.41","United States"
"8981","APM Terminals Bahrain","APMTB.BH","210079573","0.981432","Bahrain"
"8982","enCore Energy","EU","209823456","1.08","Canada"
"8983","Allgeier","AEIN.DE","209751606","18.5748","Germany"
"8984","BMMI Group","BMMI.BH","209738502","2.33422","Bahrain"
"8985","Red Hill Minerals Limited","RHI.AX","209387789","3.26002","Australia"
"8986","MTI Ltd.","9438.T","209216653","3.76694","Japan"
"8987","KCP Limited","KCP.NS","208981998","1.62101","India"
"8988","Reit Azorim - H.F Living","AZRT.TA","208974085","2.05523","Israel"
"8989","Hexaom","ALHEX.PA","208931382","30.4907","France"
"8990","Ajial Real Estate Entertainment Company","AREEC.KW","208438243","996.418","Kuwait"
"8991","Lubelski Wegiel Bogdanka","LWB.WA","208126581","6.11892","Poland"
"8992","Digital Bros","DIB.MI","207874354","14.486","Italy"
"8993","QLM Life &amp; Medical Insurance Company","QLMI.QA","207788460","0.593681","Qatar"
"8994","Deep Value Driller","DVD.OL","207752592","2.22175","Norway"
"8995","Stoneridge","SRI","207646528","7.28","United States"
"8996","Al-Arabiya Real Estate Company","ARABREC.KW","207396446","537.284","Kuwait"
"8997","American Well","AMWL","207185184","12.4","United States"
"8998","Arab Insurance Group","ARIG.BH","206799998","0.54","Bahrain"
"8999","Greenpanel Industries","GREENPANEL.NS","206669482","1.68535","India"
"9000","Allianz Saudi Fransi Cooperative Insurance","8040.SR","206607870","3.47307","Saudi Arabia"
"9001","Al Hassan Ghazi Ibrahim Shaker","1214.SR","205946887","3.0416","Saudi Arabia"
"9002","Rakon Limited","RAK.NZ","205791164","0.895488","New Zealand"
"9003","Züblin Immobilien","ZUBN.SW","205778455","62.0628","Switzerland"
"9004","Toro Corp.","TORO","205628000","5.95","Cyprus"
"9005","Coherus BioSciences","CHRS","205486288","1.33","United States"
"9006","Korro Bio","KRRO","205422752","13.95","United States"
"9007","Kongsberg Automotive ASA","KOA.OL","205330432","0.220029","Norway"
"9008","Angel Oak Mortgage REIT","AOMR","205219504","8.84","United States"
"9009","Al Obeikan Glass Company","4145.SR","204975228","6.40548","Saudi Arabia"
"9010","Kuwait Portland Cement","PCEM.KW","204946169","2044.94","Kuwait"
"9011","Knights Group","KGH.L","204812267","2.38244","United Kingdom"
"9012","Italian Wine Brands","IWB.MI","204691083","21.986","Italy"
"9013","Supermax Corporation Berhad","7106.KL","204574620","0.0669145","Malaysia"
"9014","Octave Specialty Group","OSG","204533760","4.54","United States"
"9015","Superior Group of Companies","SGC","204417472","12.82","United States"
"9016","Humacyte","HUMA","204153824","0.7349","United States"
"9017","Shutterstock","SSTK","203951216","5.52","United States"
"9018","Khaleeji Bank","KHALEEJI.BH","203899117","2.49337","Bahrain"
"9019","Monash IVF Group","MVF.AX","203844858","0.523169","Australia"
"9020","Aljazira Takaful Taawuni Company","8012.SR","203734092","3.08688","Saudi Arabia"
"9021","Sharjah Cement and Industrial Development","SCIDC.AE","203711840","0.33","United Arab Emirates"
"9022","SES AI","SES","203354096","0.5477","United States"
"9023","Sandnes Sparebank","SADG.OL","203079021","9.64521","Norway"
"9024","EVI Industries","EVI","203074592","15.78","United States"
"9025","Black Rifle Coffee Company (BRCC)","BRCC","202732832","0.81","United States"
"9026","Bonei Hatichon Civil Engineering &amp; Infrastructures","BOTI.TA","202719099","12.4127","Israel"
"9027","AirSculpt Technologies","AIRS","202587536","2.81","United States"
"9028","Eagle Eye Solutions Group","EYE.L","202453000","6.69807","United Kingdom"
"9029","Midwich Group","MIDW.L","202330453","1.96041","United Kingdom"
"9030","Smart Sand","SND","202243520","4.77","United States"
"9031","Nucleus Software Exports","NUCLEUS.NS","202149157","7.67889","India"
"9032","NSE SA","ALNSE.PA","201723961","61.215","France"
"9033","Feintool International","FTON.SW","201699224","13.7014","Switzerland"
"9034","Unisys","UIS","201248032","2.76","United States"
"9035","ÖKOWORLD","VVV3.DE","201099344","30.7243","Germany"
"9036","Saudi Arabian Refineries Company","2030.SR","200953486","13.3969","Saudi Arabia"
"9037","eGain","EGAN","200934592","7.32","United States"
"9038","Mobico Group","MCG.L","200883844","0.32973","United Kingdom"
"9039","China Yongda Automobiles Services","3669.HK","200776130","0.110304","China"
"9040","Capital B","ALCPB.PA","200601139","0.607477","France"
"9041","ReconAfrica","0XD.F","200114298","0.51986","Canada"
"9042","Beeks Financial Cloud Group","BKS.L","200020871","2.927","United Kingdom"
"9043","ADM Hamburg","OEL.F","199446728","266.355","Germany"
"9044","Rhythm Co.,Ltd.","7769.T","199438074","25.0498","Japan"
"9045","Hinduja Global Solutions","HGS.NS","199359459","4.28543","India"
"9046","Akwel SA","AKW.PA","199081475","7.5","France"
"9047","Innate Pharma","IPHA","199074960","2.12","France"
"9048","Global Atomic","GLO.TO","198983928","0.405856","Canada"
"9049","Amplify Energy","AMPY","198576384","4.79","United States"
"9050","Al Khaleej Takaful Insurance Company","AKHI.QA","198472416","0.777473","Qatar"
"9051","SHUAA Capital","SHUAA.AE","198264317","0.054185","United Arab Emirates"
"9052","TAKKT AG","TTK.DE","198246391","3.09579","Germany"
"9053","HKR International","0480.HK","197927344","0.133257","Hong Kong"
"9054","Rhinebeck Bancorp","RBKB","197794960","12.65","United States"
"9055","Groupe Partouche","PARP.PA","197775999","20.5607","France"
"9056","Valens Semiconductor","VLN","197069712","1.82","Israel"
"9057","Camellia Plc","CAM.L","197016194","77.9399","United Kingdom"
"9058","ActiveOps Plc","AOM.L","196996176","2.75683","United Kingdom"
"9059","Grammer AG","GMM.DE","196797849","13.2009","Germany"
"9060","Fabasoft","FAA.DE","196656765","18.5748","Austria"
"9061","NeoVolta","NEOV","196603248","3.34","United States"
"9062","Omaxe","OMAXE.NS","196558039","1.07026","India"
"9063","Landmark Bancorp","LARK","196498192","32.21","United States"
"9064","FinWise Bancorp","FINW","196301104","14.14","United States"
"9065","First Investment Company K.S.C.P.","ALOLA.KW","196050578","439.596","Kuwait"
"9066","Oramed Pharmaceuticals","ORMP","196035920","4.79","United States"
"9067","Citizens Inc","CIA","195988816","3.87","United States"
"9068","Bastide Le Confort Médical","BLC.PA","195967139","26.8107","France"
"9069","Catering International &amp; Services","ALCIS.PA","195813326","25.1168","France"
"9070","Zumtobel Group","ZAG.VI","195366784","4.61449","Austria"
"9071","NoHo Partners","NOHO.HE","194955756","9.26402","Finland"
"9072","Belpointe PREP, LLC","OZ","194657040","48.02","United States"
"9073","EuroGroup Laminations","EGLA.MI","194586971","1.19626","Italy"
"9074","Chubb Arabia Cooperative Insurance Company","8240.SR","194321630","4.85804","Saudi Arabia"
"9075","QumulusAI, Inc.","QMLS","194249472","5.91","United States"
"9076","Angi Inc.","ANGI","194150480","4.8","United States"
"9077","Kawai Musical Instruments Manufacturing","7952.T","194048925","22.5575","Japan"
"9078","Vente-Unique.com","ALVU.PA","193987475","20.035","France"
"9079","Quercus TFI","QRS.WA","193870152","3.8338","Poland"
"9080","GDEV Inc.","GDEV","193665712","10.67","Cyprus"
"9081","Schaffer Corporation","SFC.AX","193330618","14.3","Australia"
"9082","Corbus Pharmaceuticals","CRBP","193219504","9.99","United States"
"9083","Nova Minerals","NVA","193196096","5.06","Australia"
"9084","OneWater Marine","ONEW","193154528","11.59","United States"
"9085","Mayne Pharma Group","MYX.AX","193153295","2.37739","Australia"
"9086","Platinum Group Metals","PLG","193106512","1.51","Canada"
"9087","Arwana Citramulia Tbk","ARNA.JK","193098762","0.0274679","Indonesia"
"9088","Hathway","HATHWAY.NS","193015585","0.109042","India"
"9089","Lucid Diagnostics","LUCD","192858224","1.01","United States"
"9090","SWK Holdings","SWKH","192326064","15.9","United States"
"9091","PLAID,Inc.","4165.T","192311051","4.68186","Japan"
"9092","Journey Medical","DERM","192208128","6.81","United States"
"9093","XRF Scientific Limited","XRF.AX","192125168","1.34316","Australia"
"9094","Bahrain Islamic Bank","BISB.BH","191925682","0.180371","Bahrain"
"9095","Ceragon Networks","CRNT","191689072","2.1","Israel"
"9096","ALIA MENTIS","ALMS.MI","191229326","6.21495","Italy"
"9097","Texwinca Holdings","0321.HK","191168846","0.138358","Hong Kong"
"9098","Oman Oil Marketing Company (oomco)","OOMS.OM","190987018","3.11688","Oman"
"9099","Hanover Bancorp","HNVR","190778672","27.04","United States"
"9100","Arise AB","ARISE.ST","190647366","4.67444","Sweden"
"9101","Fasadgruppen Group","FG.ST","190640385","2.18395","Sweden"
"9102","Private Equity Holding","PEHN.SW","190270192","78.5796","Switzerland"
"9103","TOYA S.A.","TOA.WA","190031323","2.5667","Poland"
"9104","Shell Oman Marketing Company","SOMS.OM","190000005","2","Oman"
"9105","WALLIX Group","ALLIX.PA","189645457","26.8692","France"
"9106","Jin Air","272450.KS","189635851","3.67985","South Korea"
"9107","Perfect Corp.","PERF","189438528","1.86","Taiwan"
"9108","Protalix BioTherapeutics","PLX","189343344","2.35","Israel"
"9109","Sparta AG","SPT6.F","189275662","30.1402","Germany"
"9110","Archosaur Games","9990.HK","188813177","0.23591","China"
"9111","Armata Pharmaceuticals","ARMP","188512640","5.07","United States"
"9112","flyExclusive","FLYX","188494560","1.24","United States"
"9113","Orogen Royalties","OGN.V","188438214","3.17437","Canada"
"9114","Ag Growth International","AFN.TO","187820130","9.95797","Canada"
"9115","PTC Financial Services","PFS.NS","187768407","0.292345","India"
"9116","Tharimmune","THAR","187371472","4.74","United States"
"9117","UmweltBank","UBK.DE","186667139","4.49766","Germany"
"9118","Homeland Interactive Technology","3798.HK","186656511","0.147922","China"
"9119","Reach plc","RCH.L","186469642","0.590846","United Kingdom"
"9120","Westwood Holdings Group","WHG","186282336","19.52","United States"
"9121","Verkkokauppa.com","VERK.HE","186140952","4.20561","Finland"
"9122","Taylor Devices","TAYD","186083360","57.7","United States"
"9123","Mechel PAO","MTLR.ME","185983922","0.44","Russia"
"9124","La Française de l'Energie","FDE.PA","185972316","35.222","France"
"9125","James River Group","JRVR","185880912","4.02","Bermuda"
"9126","Wheels Up","UP","185732304","5.12","United States"
"9127","DeFi Technologies","DEFI.NE","185636718","0.47833","Canada"
"9128","T’way Air","091810.KS","185348284","0.449042","South Korea"
"9129","United Security Bancshares","UBFO","185027760","10.51","United States"
"9130","Melbourne Enterprises","0158.HK","184902519","7.3961","Hong Kong"
"9131","Visiativ SA","ALVIV.PA","184832369","40.1999","France"
"9132","Medical Facilities Corporation","DR.TO","184828624","11.4002","Canada"
"9133","Adairs Limited","ADH.AX","184602776","1.03353","Australia"
"9134","Atomera","ATOM","184583712","4.73","United States"
"9135","Lafinca Global Assets","YLFG.MC","184555774","4.88318","Spain"
"9136","Société Marseillaise du Tunnel Prado-Carénage","ALTPC.PA","184126746","31.5421","France"
"9137","Atland SAS","ATLD.PA","183849569","42.4065","France"
"9138","DUG Technology","DUG.AX","183813607","1.35597","Australia"
"9139","Al Safat Investment Company","ALSAFAT.KW","183799702","608.922","Kuwait"
"9140","Al Buhaira National Insurance Company","ABNIC.AE","183798508","0.74","United Arab Emirates"
"9141","Al Wathba National Insurance","AWNIC.AE","183744485","0.89","United Arab Emirates"
"9142","Rico Auto Industries","RICOAUTO.NS","183690183","1.3578","India"
"9143","Capacit'e Infraprojects","CAPACITE.NS","183376660","2.16747","India"
"9144","DHI Group","DHX","183250080","4.22","United States"
"9145","BV Financial","BVFL","183049760","21.61","United States"
"9146","Basic Chemical Industries Company","1210.SR","182962235","6.65317","Saudi Arabia"
"9147","GrafTech","EAF","182856144","7.02","United States"
"9148","Sport Lisboa e Benfica","SLBEN.LS","182710279","7.94393","Portugal"
"9149","Gefran","GE.MI","182497139","12.8505","Italy"
"9150","Tribal Group","TRB.L","182410002","0.850873","United Kingdom"
"9151","Lee Enterprises","LEE","182348928","8.18","United States"
"9152","Tiny Ltd.","TINY.V","182238623","6.19559","Canada"
"9153","Arbuthnot Banking Group","ARBB.L","182186667","11.1634","United Kingdom"
"9154","GCT Semiconductor","GCTS","182100064","1.98","United States"
"9155","Benchmark Holdings","BMK.L","182093816","0.295906","United Kingdom"
"9156","Nkarta","NKTX","181926976","2.54","United States"
"9157","Healwell AI","AIDX.TO","181736906","0.543557","Canada"
"9158","PR TIMES Corporation","3922.T","181547214","13.4398","Japan"
"9159","Eurocash","EUR.WA","181307960","1.30284","Poland"
"9160","ECB Bancorp","ECBK","180695680","20.68","United States"
"9161","Privatization Holding Company - K.P.S.C.","KPPC.KW","180256426","452.621","Kuwait"
"9162","Helloworld Travel","HLO.AX","180235764","1.10115","Australia"
"9163","KFIC Invest (K.S.C.P)","KFIC.KW","180066820","602.41","Kuwait"
"9164","Hong Leong Capital","5274.KL","179980363","0.763321","Malaysia"
"9165","Nihon Falcom","3723.T","179930720","18.2353","Japan"
"9166","Red Robin","RRGB","179774688","9.51","United States"
"9167","Umm Al-Qura Cement Company","3005.SR","179593039","3.26533","Saudi Arabia"
"9168","Gulf Union Alahlia Cooperative Insurance","8120.SR","179198753","3.90454","Saudi Arabia"
"9169","Miyakoshi Holdings","6620.T","179007876","4.47364","Japan"
"9170","Canaan","CAN","178837088","0.2401","China"
"9171","Roularta Media Group","ROU.BR","178768073","14.4276","Belgium"
"9172","Freelance.com SA","ALFRE.PA","178201999","3.15421","France"
"9173","LGI Limited","LGI.AX","178180283","1.72254","Australia"
"9174","Commerce.com","CMRC","178146848","2.15","United States"
"9175","Douglas Elliman","DOUG","178145328","1.96","United States"
"9176","Solidarity Bahrain","SOLID.BH","178116706","0.180371","Bahrain"
"9177","Hawesko","HAW.DE","177883980","19.8014","Germany"
"9178","Deutsche Konsum REIT-AG","DKG.DE","177859363","1.61799","Germany"
"9179","MainStreet Bancshares","MNSB","177670848","24.95","United States"
"9180","Castings P.L.C.","CGS.L","177567352","4.08419","United Kingdom"
"9181","Texaf","TEXF.BR","177331158","48.3645","Belgium"
"9182","Lindsay Australia","LAU.AX","177273161","0.48402","Australia"
"9183","Deezer","DEEZR.PA","177265606","1.43107","France"
"9184","Springfield Properties","SPR.L","177212670","1.48392","United Kingdom"
"9185","Marvelous","7844.T","177198425","3.16751","Japan"
"9186","Naturhouse Health","NTH.MC","177187120","2.95561","Spain"
"9187","Syrah Resources Limited","SYR.AX","176842656","0.076162","Australia"
"9188","MAX Automation","MXHN.DE","176825326","4.28738","Germany"
"9189","Accelya","ACCELYA.NS","176805330","11.8453","India"
"9190","Serviceware","SJJ.DE","176635513","16.8224","Germany"
"9191","Mahanagar Telephone Nigam","MTNL.NS","176412898","0.28002","India"
"9192","Banque nationale de Belgique","BNB.BR","176168223","440.421","Belgium"
"9193","Domo, Inc.","DOMO","175915232","3.74","United States"
"9194","Streamex Corp.","STEX","175850000","0.7797","United States"
"9195","Enad Global 7","EG7.ST","175845922","1.98464","Sweden"
"9196","PEDEVCO","PED","175838624","13.23","United States"
"9197","Suja Life, Inc.","SUJA","175798496","7.39","United States"
"9198","Fitaihi Holding Group","4180.SR","175784369","0.639216","Saudi Arabia"
"9199","Jeld-Wen","JELD","175748688","2.04","United States"
"9200","MediWound","MDWD","175450672","13.59","Israel"
"9201","Byggma ASA","BMA.OL","175354537","2.51155","Norway"
"9202","Burgan Company for Well Drilling","ABAR.KW","175292258","687.073","Kuwait"
"9203","Codexis","CDXS","175209232","1.6","United States"
"9204","Aimia","AIM.TO","175198231","1.9858","Canada"
"9205","Sensorion","ALSEN.PA","174888653","0.339369","France"
"9206","SpiceJet","SPICEJET.BO","174856774","0.114578","India"
"9207","OrganiGram Holdings","OGI","174848064","1.24","Canada"
"9208","Digia Oyj","DIGIA.HE","174634429","6.54206","Finland"
"9209","Westag AG","WUG3.F","174591195","38.5514","Germany"
"9210","NusaTrip","NUTR","174412512","9","Indonesia"
"9211","Micro Systemation","MSAB-B.ST","174258849","9.43551","Sweden"
"9212","Specialities Group Holding Company","SPEC.KW","174092075","853.142","Kuwait"
"9213","Seven Hills Realty Trust","SEVN","174002736","7.68","United States"
"9214","Shalby","SHALBY.NS","173999193","1.62163","India"
"9215","Tabuk Cement Company","3090.SR","173786811","1.93096","Saudi Arabia"
"9216","X-Legend Entertainment","4994.TW","173781812","2.61785","Taiwan"
"9217","Koenig &amp; Bauer","SKB.DE","173741868","10.514","Germany"
"9218","Emilia Development","EMDV.TA","173706898","6.19793","Israel"
"9219","CuriosityStream","CURI","173267040","2.92","United States"
"9220","Finance House","FH.AE","173163239","0.57","United Arab Emirates"
"9221","Mega Uranium","MGA.TO","172951447","0.449341","Canada"
"9222","Nykode Therapeutics","NYKD.OL","172789594","0.529143","Norway"
"9223","Ten Square Games","TEN.WA","172763196","27.102","Poland"
"9224","Somec S.p.A.","SOM.MI","172666391","23.715","Italy"
"9225","Entech SA","ALESE.PA","172601849","11.729","France"
"9226","Gévelot SA","ALGEV.PA","172358765","231.308","France"
"9227","T&amp;G Global","TGG.NZ","172092798","1.40434","New Zealand"
"9228","Precia S.A.","ALPM.PA","171792466","31.7757","France"
"9229","Bahrain Kuwait Insurance Company (GIG Bahrain)","BKIC.BH","171087531","1.04775","Bahrain"
"9230","Easy Software","ESY.HM","171054279","22.6636","Germany"
"9231","Pharos Energy","PHAR.L","170824683","0.412503","United Kingdom"
"9232","Waldencast","WALD","170585632","1.33","United States"
"9233","RADCOM","RDCM","170564048","10.19","Israel"
"9234","Dominion Hosting","DHH.MI","170178840","30.4907","Italy"
"9235","Solocal Group","LOCAL.PA","169900859","4.73715","France"
"9236","FDM Group","FDM.L","169701465","1.55199","United Kingdom"
"9237","Gesco SE","GSC1.DE","169244092","16.3551","Germany"
"9238","Owlet, Inc.","OWLT","169193504","5.79","United States"
"9239","Byggmästare Anders J Ahlström","AJA-B.ST","169190728","5.83093","Sweden"
"9240","Leclanché","LECN.SW","169048385","0.105607","Switzerland"
"9241","Renaissance Services","RNSS.OM","168864290","0.714286","Oman"
"9242","Global Financial Investments Holding SAOG","GFIC.OM","168831173","0.844156","Oman"
"9243","Lifecore Biomedical","LFCR","168824656","4.46","United States"
"9244","Cegedim SA","ALCGM.PA","168816709","12.2664","France"
"9245","Epsilon Energy","EPSN","168787280","5.58","United States"
"9246","Quantum-Si","QSI","168562496","0.7701","United States"
"9247","Marti Technologies","MRT","168449840","1.96","Turkey"
"9248","Intred","ITD.MI","168318597","10.8178","Italy"
"9249","Atlantic Lithium Limited","A11.AX","168299141","0.209979","Australia"
"9250","Siljansvik AB","SIVI.ST","167943466","12.2132","Sweden"
"9251","Hamat Group","HAMAT.TA","167905801","4.5821","Israel"
"9252","Fountaine Pajot","ALFPC.PA","167860391","100.701","France"
"9253","Gurit Holding","GURN.SW","167751672","35.9114","Switzerland"
"9254","cBrain","CBRAIN.CO","167745273","8.5772","Denmark"
"9255","Sabaf S.p.A.","SAB.MI","167660840","13.6098","Italy"
"9256","Delta Corp","DELTACORP.NS","167526505","0.625633","India"
"9257","Outlook Therapeutics","OTLK","167468336","0.6901","United States"
"9258","Vidhi Specialty Food","VIDHIING.NS","167451884","3.35273","India"
"9259","Steyr Motors AG","4X0.DE","167353270","31.8692","Germany"
"9260","Wendt India","WENDT.NS","167333391","83.6667","India"
"9261","Varia US Properties","VARN.SW","167248632","16.5167","Switzerland"
"9262","Emirates Reem Investments Company","ERC.AE","167225519","0.52279","United Arab Emirates"
"9263","Tingo Group","TIO","166947568","0.69","United States"
"9264","Injazzat Real Estate Development Company","INJAZZAT.KW","166577377","481.928","Kuwait"
"9265","Easy Lease Motorcycle Rental","EASYLEASE.AE","166476065","5.55","United Arab Emirates"
"9266","Smartbroker Holding","SB1.DE","166244167","9.90654","Germany"
"9267","SB Financial Group","SBFG","166142000","26.57","United States"
"9268","Analogue Holdings (ATAL)","1977.HK","166029710","0.118593","Hong Kong"
"9269","Avantium N.V.","AVTX.AS","165787195","6.5771","Netherlands"
"9270","Draganfly","DPRO","165682416","4.46","Canada"
"9271","Ellington Credit Company","EARN","165678400","4.41","United States"
"9272","Nyxoah","NYXH","165120144","1.65","Belgium"
"9273","Cadence Capital Limited","CDM.AX","164905613","0.551641","Australia"
"9274","Orion Properties","ONL","164859216","2.89","United States"
"9275","OnKure Therapeutics","OKUR","164813552","4.08","United States"
"9276","Zahrat Al Waha For Trading Company","3007.SR","164797850","0.732435","Saudi Arabia"
"9277","Diaceutics PLC","DXRX.L","164756330","1.9468","United Kingdom"
"9278","Sintana Energy","SEI.V","164498604","0.293521","Canada"
"9279","Bisalloy Steel Group","BIS.AX","164479470","3.42373","Australia"
"9280","Endava","DAVA","164340848","3.11","United Kingdom"
"9281","Gobarto","GOB.WA","163934010","5.89686","Poland"
"9282","Niu Technologies","NIU","163931424","2.09","China"
"9283","LifeMD","LFMD","163882848","3.4","United States"
"9284","Mengly J. Quach Education","MJQE.KH","163714958","0.51","Cambodia"
"9285","Rokiskio Suris AB","RSU1L.VS","163706485","5.21028","Lithuania"
"9286","Baozun","BZUN","163666880","2.815","China"
"9287","inTEST Corporation","INTT","163657040","12.76","United States"
"9288","Trifast","TRI.L","163624280","1.21164","United Kingdom"
"9289","Saudi Company for Hardware (SACO)","4008.SR","163306483","5.5159","Saudi Arabia"
"9290","Bassett Furniture","BSET","163294960","18.86","United States"
"9291","lastminute.com","LMN.SW","163258322","15.3906","Netherlands"
"9292","JANOME Corporation","6445.T","163223064","9.14288","Japan"
"9293","GTL Infrastructure","GTLINFRA.NS","163219422","0.0127424","India"
"9294","Blossom Gold Inc.","BGAU.TO","163116618","1.23931","Canada"
"9295","L'azurde Company for Jewelry","4011.SR","163099922","2.83652","Saudi Arabia"
"9296","KORE Group","KORE","163005168","9.25","United States"
"9297","Abu Dhabi National Takaful","TKFL.AE","162968010","1.55","United Arab Emirates"
"9298","Hyderabad Industries Limited","HIL.NS","162818595","21.5914","India"
"9299","Molecular Partners","MOLN","162427088","4.3301","Switzerland"
"9300","Nekkar ASA","NKR.OL","162318361","1.5885","Norway"
"9301","Quipt Home Medical","QIPT","162297152","3.65","United States"
"9302","EDAP TMS","EDAP","161922176","4.32","France"
"9303","Wataniya Insurance Company","8300.SR","161615083","4.04038","Saudi Arabia"
"9304","Masi Agricola","MASI.MI","161506989","5.02336","Italy"
"9305","Jain Irrigation Systems","JISLDVREQS.NS","161498987","0.220173","India"
"9306","Grigeo AB","GRG1L.VS","161370092","1.21495","Lithuania"
"9307","Installux S.A.","ALLUX.PA","161248877","577.103","France"
"9308","Biesse","BSS.MI","160847120","6.0514","Italy"
"9309","1stdibs.com","DIBS","160681104","4.78","United States"
"9310","National International Holding Company (Kuwait)","NIH.KW","160473606","628.46","Kuwait"
"9311","Ryde Group","RYDE","160401408","0.89","Singapore"
"9312","Liva Insurance Company","8280.SR","160336652","4.00842","Saudi Arabia"
"9313","Ateme SA","ATEME.PA","160299046","13.8435","France"
"9314","Daldrup &amp; Söhne","4DS.DE","160152541","26.7523","Germany"
"9315","Tenaya Therapeutics","TNYA","159853568","0.7129","United States"
"9316","Dollar Industries","DOLLAR.NS","159290654","2.80856","India"
"9317","Inspired Entertainment","INSE","159204560","6.04","United States"
"9318","CBo Territoria","CBOT.PA","159198578","4.54439","France"
"9319","SITE Centers","SITC","159000272","3.03","United States"
"9320","Banan Real Estate Company","4324.SR","158738612","0.793693","Saudi Arabia"
"9321","Bahrain National Holding","BNH.BH","158689256","1.14058","Bahrain"
"9322","Digimarc","DMRC","158675808","7.06","United States"
"9323","Allcargo Logistics","ALLCARGO.NS","158314633","0.1057","India"
"9324","Nynomic AG","M7U.DE","158081419","24.0654","Germany"
"9325","Emak S.p.A.","EM.MI","157891588","0.969626","Italy"
"9326","Masterflex","MZX.DE","157871027","16.4136","Germany"
"9327","Americanas","AMER3.SA","157697051","0.787523","Brazil"
"9328","Björn Borg","BORG.ST","157367686","6.2444","Sweden"
"9329","Morabaha Marina Financing Company","4082.SR","157330837","2.20263","Saudi Arabia"
"9330","BCB Bancorp","BCBP","156942800","8.67","United States"
"9331","Stratus Properties","STRS","156860496","19.65","United States"
"9332","Eurocell","ECEL.L","156826490","1.58603","United Kingdom"
"9333","Tijara &amp; Real Estate Investment Company","TIJARA.KW","156626507","423.315","Kuwait"
"9334","SKYX Platforms","SKYX","156422784","1.155","United States"
"9335","Aptitude Software Group","APTD.L","155925998","2.91339","United Kingdom"
"9336","WhiteHorse Finance","WHF","155919184","7.26","United States"
"9337","The Saudi Arabian Amiantit Company","2160.SR","155424729","3.49172","Saudi Arabia"
"9338","Cereno Scientific","CRNO-B.ST","155374486","0.497856","Sweden"
"9339","Qrf","QRF.BR","154884401","11.9159","Belgium"
"9340","Hooker Furnishings","HOFT","154840880","14.415","United States"
"9341","OPTiM","3694.T","154743629","2.8394","Japan"
"9342","LENZ Therapeutics","LENZ","154588096","4.92","United States"
"9343","Synlait Milk","SML.NZ","154344052","0.255876","New Zealand"
"9344","Macfarlane Group","MACF.L","154173314","0.993819","United Kingdom"
"9345","I.g. Petrochemicals","IGPL.NS","153969432","4.99984","India"
"9346","Inclusio","INCLU.BR","153797653","19.743","Belgium"
"9347","Shimmick","SHIM","153769264","3.72","United States"
"9348","Severfield","SFR.L","153763545","0.520734","United Kingdom"
"9349","Kudelski SA","KUD.SW","153678082","1.57034","Switzerland"
"9350","Navkar Corp","NAVKARCORP.NS","153674424","1.02096","India"
"9351","Indorama Synthetics","INDORAMA.NS","153597578","0.588241","India"
"9352","Mercia Asset Management","MERC.L","153430329","0.364174","United Kingdom"
"9353","KORU Medical Systems","KRMD","153290720","3.32","United States"
"9354","Heliad AG","A7A.DE","153178999","16.9977","Germany"
"9355","Banca Sistema S.p.A.","BST.MI","153138223","1.90421","Italy"
"9356","TON Strategy Co.","TONX","153100128","2.78","United States"
"9357","Oxford Square Capital","OXSQ","152945040","1.42","United States"
"9358","Azerion Group","AZRN.AS","152868419","1.25","Netherlands"
"9359","Altea Green Power S.p.A.","AGP.MI","152744233","8.37617","Italy"
"9360","ALM Equity","ALM.ST","152640896","4.69655","Sweden"
"9361","Seef Properties","SEEF.BH","152519892","1.33156","Bahrain"
"9362","Emirates Investment Bank","EIBANK.AE","152480530","15.2481","United Arab Emirates"
"9363","RGP (Resources Connection)","RGP","152240816","4.42","United States"
"9364","Spruce Biosciences","SPRB","152207728","52.96","United States"
"9365","Quirin Privatbank","QB7.DE","152148092","3.50467","Germany"
"9366","Almawave","AIW.MI","152021175","5.07032","Italy"
"9367","Admicom Oyj","ADMCM.HE","152018812","31.0748","Finland"
"9368","Assertio Holdings","ASRT","151861232","23.5","United States"
"9369","Proficient Auto Logistics","PAL","151766320","5.41","United States"
"9370","Al Anwar Investments SAOG","AAIC.OM","151757948","0.493507","Oman"
"9371","Kuwait Business Town Real Estate Company","KBT.KW","151463720","253.338","Kuwait"
"9372","Mazaya Real Estate Development Q.P.S.C.","MRDS.QA","151373622","0.151374","Qatar"
"9373","First Guaranty Bancshares","FGBI","151001936","9.13","United States"
"9374","Payton Industries","PAYT.TA","150984812","18.2612","Israel"
"9375","OptimizeRx","OPRX","150875984","8.01","United States"
"9376","Inogen","INGN","150737744","5.68","United States"
"9377","Nusantara Pelabuhan Handal","PORT.JK","150642676","0.0535344","Indonesia"
"9378","Braemar Hotels &amp; Resorts","BHR","150521904","2.05","United States"
"9379","Frontier Energy Limited","FHE.AX","150465308","0.135241","Australia"
"9380","Strickland Metals Limited","STK.AX","150314965","0.0569436","Australia"
"9381","NRC Group ASA","NRC.OL","150052990","0.869382","Norway"
"9382","Prime Office A/S","PRIMOF.CO","149809757","39.6832","Denmark"
"9383","Oman Refreshment Company (Pepsi Oman)","ORCI.OM","149350653","2.98701","Oman"
"9384","Keyrus","ALKEY.PA","148622569","9.34579","France"
"9385","Smith-Midland Corporation","SMID","148582016","28.01","United States"
"9386","Quartix Technologies","QTX.L","148425379","3.06314","United Kingdom"
"9387","UBM Development","UBS.VI","148396092","19.8598","Austria"
"9388","Al-Enma'a Real Estate Company","ERESCO.KW","148338248","423.177","Kuwait"
"9389","DMC Global","BOOM","148305648","7.22","United States"
"9390","Umm Al Qaiwain General Investment","QIC.AE","148260087","0.41","United Arab Emirates"
"9391","The Eastern Company","EML","148212448","24.63","United States"
"9392","ReposiTrak","TRAK","147932816","8.14","United States"
"9393","NET Power","NPWR","147762736","1.67","United States"
"9394","Equillium","EQ","147740816","2.33","United States"
"9395","Aardvark Therapeutics","AARD","147722704","6.75","United States"
"9396","Empire Energy Group","EEG.AX","147437477","0.119432","Australia"
"9397","Television Broadcasts (TVB)","0511.HK","147377564","0.315609","Hong Kong"
"9398","Hurco Companies","HURC","147368704","22.755","United States"
"9399","Humm Group","HUM.AX","147352078","0.291836","Australia"
"9400","Mammoth Energy Services","TUSK","147270400","3.06","United States"
"9401","Baazeem Trading Company","4051.SR","147239391","1.45422","Saudi Arabia"
"9402","Cable One","CABO","147124880","25.93","United States"
"9403","Lanvin Group","LANV","146764592","1.05","China"
"9404","EKF Diagnostics","EKF.L","146687116","0.34171","United Kingdom"
"9405","Fenix Resources","FEX.AX","146467961","0.190049","Australia"
"9406","National Building and Marketing Company","9510.SR","146380438","12.1984","Saudi Arabia"
"9407","PLBY Group (Playboy)","PLBY","146165376","1.22","United States"
"9408","Igarashi Motors India","IGARASHI.NS","145962856","4.63741","India"
"9409","Unifi","UFI","145538192","7.83","United States"
"9410","IG Port, Inc.","3791.T","145403018","7.21208","Japan"
"9411","Foxtons Group","FOXT.L","145336110","0.491464","United Kingdom"
"9412","Finbar Group Limited","FRI.AX","145271805","0.533846","Australia"
"9413","Excel Industries","EXCELINDUS.NS","145266122","11.5559","India"
"9414","Audinate Group","AD8.AX","145259539","1.72254","Australia"
"9415","Dexelance","DEX.MI","145106317","2.44159","Italy"
"9416","BP Castrol K.K.","5015.T","145003107","6.31609","Japan"
"9417","Eleco","ELCO.L","144902445","1.73578","United Kingdom"
"9418","Duluth Holdings","DLTH","144787888","3.81","United States"
"9419","Sloman Neptun","NEP.HM","144780139","72.4299","Germany"
"9420","Southern Petrochemical Industries Corp","SPIC.NS","144632436","0.710235","India"
"9421","Team Internet Group","TIG.L","144534433","0.599014","United Kingdom"
"9422","Knaus Tabbert AG","KTA.DE","144263289","13.9019","Germany"
"9423","Sokouk Holding Company K.S.C.P.","SOKOUK.KW","144260867","252.361","Kuwait"
"9424","Jay Bharat Maruti","JAYBARMARU.NS","144245908","1.33253","India"
"9425","China Automotive Systems","CAAS","144215968","4.78","China"
"9426","NRx Pharmaceuticals","NRXP","144174912","3.33","United States"
"9427","KVH Industries","KVHI","144039232","7.94","United States"
"9428","Elme Communities","ELME","143949760","1.62","United States"
"9429","MaxCyte","MXCT","143456624","1.39","United States"
"9430","Insight Molecular Diagnostics","IMDX","143332368","4.38","United States"
"9431","Sanok Rubber Company","SNK.WA","143204926","6.09185","Poland"
"9432","Annehem Fastigheter","ANNE-B.ST","142950800","1.80229","Sweden"
"9433","Astec Lifesciences","ASTEC.NS","142907669","6.41352","India"
"9434","India Motor Parts and Accessories","IMPAL.NS","142836396","11.4452","India"
"9435","Clarus","CLAR","142814816","3.73","United States"
"9436","CI Games","CI7.F","142645195","0.651869","Poland"
"9437","ChargePoint","CHPT","142590816","5.84","United States"
"9438","Motorpoint Group","MOTR.L","142579337","1.73578","United Kingdom"
"9439","Biotalys","BTLS.BR","142279373","3.13084","Belgium"
"9440","DouYu","DOYU","142142432","4.71","China"
"9441","Asian Granito India","ASIANTILES.NS","141916001","0.478677","India"
"9442","Al Jouf Cement Company","3091.SR","141860653","1.30507","Saudi Arabia"
"9443","BICO Group","BICO.ST","141262766","2.0016","Sweden"
"9444","Selvita","SLV.WA","141111305","7.68927","Poland"
"9445","Solid State Group","SOLI.L","140950802","2.48455","United Kingdom"
"9446","Amadeus Fire","AAD.DE","140880709","25.9346","Germany"
"9447","Global Cord Blood","CORBF","140610448","1.05","Hong Kong"
"9448","Jagran Prakashan","JAGRAN.NS","140604715","0.646","India"
"9449","Pine Cliff Energy","PNE.TO","140417050","0.391361","Canada"
"9450","Surteco Group","SUR.DE","140384831","9.05374","Germany"
"9451","Affinity Bancshares","AFBI","140182352","23","United States"
"9452","Genovis AB","GENO.ST","140173990","2.07793","Sweden"
"9453","Aquafil","ECNL.MI","140068130","1.62383","Italy"
"9454","Quanterix","QTRX","139987472","2.96","United States"
"9455","Green Landscaping Group","GREEN.ST","139764008","2.4755","Sweden"
"9456","Piquadro","PQ.MI","139591214","2.94393","Italy"
"9457","Kelly Partners Group","KPG.AX","139540595","3.08207","Australia"
"9458","ReadyTech Holdings","RDY.AX","139404318","1.12819","Australia"
"9459","Nicolás Correa","NEA.MC","139171354","11.4486","Spain"
"9460","South Port NZ","SPN.NZ","138941141","5.29604","New Zealand"
"9461","Schloss Wachenheim","SWA.DE","138785046","17.5234","Germany"
"9462","Userjoy Technology","3546.TWO","138624194","2.25959","Taiwan"
"9463","Malath Cooperative Insurance Company","8020.SR","138496767","2.76994","Saudi Arabia"
"9464","Stereotaxis","STXS","138279008","1.38","United States"
"9465","SIG plc","SHI.L","138135979","0.118986","United Kingdom"
"9466","Lai Sun Development Company","0488.HK","138068622","0.0950016","Hong Kong"
"9467","Skillz","SKLZ","137970800","8.84","United States"
"9468","Heidelberg Pharma","HPHA.DE","137182980","2.93224","Germany"
"9469","Leifheit","LEI.DE","137111934","15.0117","Germany"
"9470","SelectQuote","SLQT","137004592","0.7769","United States"
"9471","CVC Limited","CVC.AX","136984775","1.17446","Australia"
"9472","Carlo Gavazzi Holding","GAV.SW","136950345","192.695","Switzerland"
"9473","Cavotec","CCC.ST","136870277","1.28281","Switzerland"
"9474","Bitcoin Group","ADE.DE","136682242","27.3364","Germany"
"9475","OFX Group","OFX.AX","136679717","0.58723","Australia"
"9476","Detection Technology","DETEC.HE","136626083","9.32243","Finland"
"9477","Tiziana Life Sciences","TLSA","136167280","1.07","United Kingdom"
"9478","Sangoma Technologies","SANG","136110256","4.09","Canada"
"9479","Laramide Resources","LAM.TO","136040218","0.47833","Canada"
"9480","Kulmbacher Brauerei","KUL.MU","135813074","40.4206","Germany"
"9481","Lake Shore Bancorp","LSBK","135399296","17.24","United States"
"9482","Scott Technology","SCT.NZ","135113661","1.60666","New Zealand"
"9483","Mpac Group","MPAC.L","135107417","4.49261","United Kingdom"
"9484","Bahrain Duty Free Shop Complex","DUTYF.BH","135101733","0.331565","Bahrain"
"9485","United Wire Factories Company","1301.SR","135067595","4.8101","Saudi Arabia"
"9486","accesso Technology Group","ACSO.L","134941729","4.16587","United Kingdom"
"9487","Nabaltec","NTG.DE","134672896","15.3037","Germany"
"9488","Bulten AB","BULTEN.ST","134617573","6.41403","Sweden"
"9489","Sanghi Industries","SANGHIIND.NS","134609155","0.521082","India"
"9490","The Kuwait Company for Process Plant Construction and Contracting","KCPC.KW","134572440","1009.44","Kuwait"
"9491","Milestone Pharmaceuticals","MIST","134457824","1.08","Canada"
"9492","Inovio Pharmaceuticals","INO","134416768","1.3","United States"
"9493","Saudi Printing and Packaging Company","4270.SR","134248811","2.05881","Saudi Arabia"
"9494","Aemetis","AMTX","134235440","1.86","United States"
"9495","Clipper Realty","CLPR","134220880","3.16","United States"
"9496","Eidesvik Offshore","EIOF.OL","133950887","1.83536","Norway"
"9497","MotorK","MTRK.AS","133910915","2.79206","Italy"
"9498","Robert Walters","RWA.L","133879448","2.03529","United Kingdom"
"9499","FirstFarms A/S","FFARMS.CO","133769246","10.9363","Denmark"
"9500","Legacy Education","LGCY","133605528","10.56","United States"
"9501","Kalray","ALKAL.PA","133189691","7.21963","France"
"9502","LEWAG Holding","KGR.F","133177569","28.0374","Germany"
"9503","S.S. Lazio","SSL.MI","132945522","1.96262","Italy"
"9504","Klil Industries","KLIL.TA","132862103","59.7958","Israel"
"9505","NCS Multistage","NCSM","132800856","50.6","United States"
"9506","ADC Therapeutics","ADCT","132774400","1.04","Switzerland"
"9507","Apyx Medical","APYX","132690680","3.15","United States"
"9508","Alligator Energy","AGE.AX","132646758","0.0298954","Australia"
"9509","Curatis","CURN.SW","132332649","24.9628","Switzerland"
"9510","Amaero International Ltd","3DA.AX","132321735","0.1388","Australia"
"9511","RAK Co. for White Cement &amp; Construction Materials","RAKWCT.AE","132104099","0.26","United Arab Emirates"
"9512","Devsisters","194480.KQ","132057385","12.0438","South Korea"
"9513","Banca Profilo","PRO.MI","132004952","1.99766","Italy"
"9514","Bank of Innovation","4393.T","131903022","33.1895","Japan"
"9515","Warba Insurance and Reinsurance Company","WINSRE.KW","131583654","540.541","Kuwait"
"9516","Vertical Aerospace","EVTL","131505968","0.7658","United Kingdom"
"9517","Haffner Energy","ALHAF.PA","131490747","0.748832","France"
"9518","Kuke Music Holding","KUKE","131017104","1.39","China"
"9519","IG Design Group","IGR.L","130913565","1.38182","United Kingdom"
"9520","Saudi Industrial Development Company","2130.SR","130240228","4.34134","Saudi Arabia"
"9521","Methanol Chemicals Company","2001.SR","130160344","8.67736","Saudi Arabia"
"9522","Apex Frozen Foods","APEX.NS","130068262","4.16218","India"
"9523","vTv Therapeutics","VTVT","130064464","32.895","United States"
"9524","Fluent","FLNT","129905128","4.11","United States"
"9525","Laiqon AG","LQAG.DE","129645410","5.31542","Germany"
"9526","Medifast","MED","129472536","11.58","United States"
"9527","SNGULAR","SNG.MC","129338130","2.45327","Spain"
"9528","Valsoia S.p.A.","VLS.MI","129223728","11.9743","Italy"
"9529","U.S. GoldMining","USGO","129128768","9.2","United States"
"9530","Carbios SAS","ALCRB.PA","129098242","7.65187","France"
"9531","Bike24 Holding","BIKE.DE","128987812","2.92056","Germany"
"9532","Reworld Media","ALREW.PA","128970541","2.25234","France"
"9533","Wafrah for Industry and Development Company","2100.SR","128932393","5.56917","Saudi Arabia"
"9534","Rani Therapeutics","RANI","128800192","0.9166","United States"
"9535","Al Ain Alahlia Insurance","ALAIN.AE","128665955","8.58","United Arab Emirates"
"9536","Gulf Cement","GCEM.AE","128554884","0.31","United Arab Emirates"
"9537","Buruj Cooperative Insurance Company","8270.SR","128062926","4.26876","Saudi Arabia"
"9538","Naikai Zosen Corporation","7018.T","128001685","75.5281","Japan"
"9539","Al-Mazaya Holding Company","MAZAYA.KW","127836302","250.733","Kuwait"
"9540","Tracsis","TRCS.L","127716571","4.2884","United Kingdom"
"9541","SDI Group","SDI.L","127417085","1.21845","United Kingdom"
"9542","Carnarvon Energy","CVN.AX","127346212","0.0711794","Australia"
"9543","Novolog","NVLG.TA","127341125","0.249261","Israel"
"9544","Fortinova Fastigheter AB","FNOVA-B.ST","127285920","2.5232","Sweden"
"9545","Health Catalyst","HCAT","127183296","1.69","United States"
"9546","Buligo Capital","BLGO.TA","127168700","2.26347","Israel"
"9547","Jacktel AS","JACK.OL","126964918","0.611788","Norway"
"9548","Commercial Vehicle Group (CVG)","CVGI","126773960","3.12","United States"
"9549","Lhyfe SA","LHYFE.PA","126735326","2.63435","France"
"9550","Rupa Company","RUPA.NS","126457946","1.58978","India"
"9551","AFYREN","ALAFY.PA","126294906","3.25935","France"
"9552","Anixa Biosciences","ANIX","126225568","3.71","United States"
"9553","Rent the Runway","RENT","125613240","3.74","United States"
"9554","Al-Baha Investment And Development Company","4130.SR","125583882","0.575294","Saudi Arabia"
"9555","Klingelnberg AG","KLIN.SW","125544616","14.2019","Switzerland"
"9556","Vivani Medical","VANI","125382672","1.39","United States"
"9557","Magyar Bancorp","MGYR","125363536","19.42","United States"
"9558","Oconee Federal Financial","OFED","125132624","21.5","United States"
"9559","Bahrain Commercial Facilities Company","BCFC.BH","125112235","0.949602","Bahrain"
"9560","Captor Therapeutics","CTX.WA","124834526","19.7105","Poland"
"9561","CALIDA Holding","CALN.SW","124695436","17.8431","Switzerland"
"9562","Polytec Holding","PYT.VI","124624279","5.66589","Austria"
"9563","HT5 AG","HT5.SW","124427779","3.90969","Switzerland"
"9564","Ambra","AMB.WA","124345472","4.93304","Poland"
"9565","UNITED","2497.T","124265368","3.31895","Japan"
"9566","enGene","ENGN","123930512","1.85","Canada"
"9567","BHM Capital Financial Services","BHMCAPITAL.AE","123748842","0.269019","United Arab Emirates"
"9568","Arctic Fish Holding","AFISH.OL","123659091","2.74768","Iceland"
"9569","Arctic Paper","ARP.ST","123642531","1.78448","Poland"
"9570","MEDIA DO Co., Ltd.","3678.T","123455777","8.13331","Japan"
"9571","ORIOR AG","ORON.SW","123260714","18.8691","Switzerland"
"9572","Speedy Hire","SDY.L","123020766","0.266834","United Kingdom"
"9573","AL KHALEEJ Investment","KICO.AE","122937427","1.17","United Arab Emirates"
"9574","Al Omaniya Financial Services","AOFS.OM","122889744","0.38961","Oman"
"9575","KULR Technology Group","KULR","122642856","2.65","United States"
"9576","Sound Financial Bancorp","SFBC","122444288","47.68","United States"
"9577","FCR Immobilien","FC9.DE","122227560","12.3832","Germany"
"9578","Møns Bank","MNBA.CO","122174327","61.0872","Denmark"
"9579","Air Busan","298690.KS","122094639","1.04729","South Korea"
"9580","Al Mahhar Holding Company","MHAR.QA","121982142","0.589286","Qatar"
"9581","Dhampur Sugar Mills","DHAMPURSUG.NS","121764795","1.89351","India"
"9582","Global Fashion Group","GFG.DE","121651924","0.53271","Luxembourg"
"9583","Magnachip Semiconductor","MX","121578672","3.33","Luxembourg"
"9584","Xaar","XAR.L","121552539","1.55199","United Kingdom"
"9585","Akatsuki Corp.","8737.T","121465618","4.01302","Japan"
"9586","Vaxart","VXRT","121417680","0.5","United States"
"9587","The Platform Group","TPG.F","121387090","5.89726","Germany"
"9588","Pkp Cargo","PKP.WA","121381331","2.7102","Poland"
"9589","Fury Gold Mines","FURY","121342360","0.6382","Canada"
"9590","Genelux","GNLX","121257504","2.68","United States"
"9591","Unibep","UNI.WA","121210720","3.67135","Poland"
"9592","Bellevue Group","BBN.SW","120874818","9.03415","Switzerland"
"9593","MPH Health Care AG","93M1.DE","120538971","28.1542","Germany"
"9594","Oriental Aromatics","OAL.NS","120388439","3.57729","India"
"9595","NZME Limited","NZM.NZ","120378009","0.639691","New Zealand"
"9596","Lakeland Industries","LAKE","120206424","12.18","United States"
"9597","Fonar Corporation","FONR","120195888","19.09","United States"
"9598","Peter Warren Automotive Holdings Limited","PWR.AX","120158694","0.697559","Australia"
"9599","Union Bankshares","UNB","120135136","24.29","United States"
"9600","GEOX","GEO.MI","119989280","0.327687","Italy"
"9601","Franchi Umberto Marmi","FUM.MI","119866859","3.66822","Italy"
"9602","AB Zemaitijos pienas","ZMP1L.VS","119659896","2.92056","Lithuania"
"9603","KHD Humboldt Wedag International","KWG.DE","119613728","2.40654","Germany"
"9604","Bloober Team","6BO.SG","119599373","6.20327","Poland"
"9605","Tihama for Advertising, Public Relations and Marketing","4070.SR","119596065","5.2176","Saudi Arabia"
"9606","ALT5 Sigma","ALTS","119560224","0.855","United States"
"9607","Tillys","TLYS","119514608","3.92","United States"
"9608","Edel SE &amp; Co. KGaA","EDL.DE","119296803","5.60748","Germany"
"9609","Bioventix","BVXP.L","119144512","22.8034","United Kingdom"
"9610","Piscines Desjoyaux","ALPDX.PA","119008971","13.2593","France"
"9611","Arabia Insurance Cooperative Company","8160.SR","118998032","2.24525","Saudi Arabia"
"9612","Serko Limited","SKO.NZ","118595692","0.940196","New Zealand"
"9613","Norse Atlantic ASA","NORSE.OL","118586687","0.0400882","Norway"
"9614","SIEC (Saudi Industrial Export Company)","4140.SR","118568155","0.609918","Saudi Arabia"
"9615","Monte Carlo Fashions","MONTECARLO.NS","118186822","5.70068","India"
"9616","Record Financial Group","REC.L","117769055","0.603099","United Kingdom"
"9617","Serverworks","4434.T","117506803","15.8502","Japan"
"9618","Guerbet","GBT.PA","117396457","9.35748","France"
"9619","Nama Chemicals Company","2210.SR","117393276","4.99121","Saudi Arabia"
"9620","Merkur PrivatBank","MBK.DE","117226485","15.0701","Germany"
"9621","Caesarstone","CSTE","117216288","3.39","Israel"
"9622","GoPro","GPRO","117141848","0.6349","United States"
"9623","a.k.a. Brands","AKA","117054776","10.65","United States"
"9624","MRM","MRM.PA","116992105","36.549","France"
"9625","Balaji Telefilms","BALAJITELE.NS","116971098","0.959548","India"
"9626","CyberStep","3810.T","116808693","1.42601","Japan"
"9627","Cake Box Holdings","CBOX.L","116807800","2.65472","United Kingdom"
"9628","VIGO Photonics","VGO.WA","116767450","133.479","Poland"
"9629","Wynnstay Group","WYN.L","116736387","5.0712","United Kingdom"
"9630","Ultralife Corporation","ULBI","116642880","7","United States"
"9631","Seritage Growth Properties","SRG","116591936","2.07","United States"
"9632","Coya Therapeutics","COYA","116585496","4.97","United States"
"9633","Sadr Logistics Company","1832.SR","116523729","0.66585","Saudi Arabia"
"9634","The Joint Corp.","JYNT","116398152","8.23","United States"
"9635","Indel B S.p.A.","INDB.MI","116266177","22.2547","Italy"
"9636","Al Argan International Real Estate Company","ARGAN.KW","115897585","361.446","Kuwait"
"9637","Saudi Fisheries Company","6050.SR","115877601","17.2988","Saudi Arabia"
"9638","ArcticZymes Technologies ASA","AZT.OL","115660726","2.26469","Norway"
"9639","Ateam","3662.T","115515286","6.21514","Japan"
"9640","AMC Robotics Corporation","AMCI","115487864","5.11","United States"
"9641","DATA MODUL","DAM.DE","115342401","32.7103","Germany"
"9642","1Spatial","SPA.L","115093524","0.96671","United Kingdom"
"9643","Nautilus Biotechnology","NAUT","114561584","0.9015","United States"
"9644","Ash-Sharqiyah Development","6060.SR","114499546","3.81665","Saudi Arabia"
"9645","Tucows","TCX","114393000","10.23","Canada"
"9646","Sogeclair","ALSOG.PA","114225158","37.3832","France"
"9647","Seer Inc","SEER","113512632","2.05","United States"
"9648","Zain Bahrain","ZAINBH.BH","113230768","0.612732","Bahrain"
"9649","National Gypsum Company","2090.SR","112932589","3.56629","Saudi Arabia"
"9650","National Metal Manufacturing and Casting","2220.SR","112858363","3.18809","Saudi Arabia"
"9651","REC Silicon","RECSI.OL","112735706","0.024446","Norway"
"9652","Wielton","WLT.WA","112676318","1.41872","Poland"
"9653","TCM Group A/S","TCM.CO","112668412","10.9051","Denmark"
"9654","Solana Company","HSDT","112453192","1.86","United States"
"9655","Gaming Realms","GMR.L","112334448","0.415226","United Kingdom"
"9656","GreenTree Hospitality Group","GHG","111996032","1.11","China"
"9657","Smith Douglas Homes","SDHC","111955736","13.34","United States"
"9658","Peninsula Energy","PEN.AX","111872769","0.195743","Australia"
"9659","Mayar Holding Company","9568.SR","111833981","0.93219","Saudi Arabia"
"9660","Getty Images","GETY","111780408","0.2655","United States"
"9661","Provident Financial Holdings","PROV","111753464","17.87","United States"
"9662","CDL Investments New Zealand Limited","CDI.NZ","111587188","0.380839","New Zealand"
"9663","Answear.com","ANR.WA","111471733","5.87525","Poland"
"9664","ADLPartner (Dékuple)","DKUPL.PA","111275382","27.9206","France"
"9665","Coast Investment &amp; Development Company","COAST.KW","111146129","239.01","Kuwait"
"9666","AS Harju Elekter","HAE1T.TL","111131336","5.98131","Estonia"
"9667","Chapel Down Group","CDGP.L","110918476","0.646663","United Kingdom"
"9668","Xlife Sciences","XLS.SW","110777454","19.2069","Switzerland"
"9669","Dhofar Food & Investment SAOG","DFIN.OM","110391012","0.558442","Oman"
"9670","Fujairah Building Industries","FBI.AE","110342195","0.81","United Arab Emirates"
"9671","The Pebble Group plc","PEBB.L","110330015","0.796417","United Kingdom"
"9672","Kuwait and Middle East Financial Investment Company","KMEFIC.KW","110322371","501.465","Kuwait"
"9673","Méliuz","CASH3.SA","110273547","0.973278","Brazil"
"9674","Broadwind","BWEN","110243352","4.66","United States"
"9675","Dar Al-Thuraya Real Estate","THURAYA.KW","110197005","752.198","Kuwait"
"9676","Lokum Deweloper","LKD.WA","110140627","6.11892","Poland"
"9677","OMER S.p.A.","OMER.MI","110058981","3.84346","Italy"
"9678","GAM Holding AG","GAM.SW","109915341","0.0988501","Switzerland"
"9679","Vocento","VOC.MC","109735326","0.911215","Spain"
"9680","Response Plus Holding","RPM.AE","109459238","0.55","United Arab Emirates"
"9681","Cherry Hill Mortgage Investment","CHMI","109438984","2.92","United States"
"9682","Asiya Capital Investments Company","ASIYA.KW","109351573","136.763","Kuwait"
"9683","Euroapi","EAPI.PA","109302719","1.14369","France"
"9684","BAIOO Family Interactive","2100.HK","109280525","0.0382557","China"
"9685","Fractyl Health","GUTS","109197368","0.686","United States"
"9686","Clere AG","CAG0.HM","109173784","14.0187","Germany"
"9687","First Takaful Insurance Company","FTI.KW","109041355","654.51","Kuwait"
"9688","Grange Resources","GRR.AX","108739928","0.0939569","Australia"
"9689","Softstar Entertainment","6111.TWO","108672773","1.15336","Taiwan"
"9690","Sitowise Group Oyj","SITOWS.HE","108458252","3.0257","Finland"
"9691","Yellow Pages (Canada)","Y.TO","108321383","9.37092","Canada"
"9692","GrowGeneration","GRWG","108163624","1.8","United States"
"9693","Jazan Development and Investment (JAZADCO)","6090.SR","108134021","2.16268","Saudi Arabia"
"9694","EROAD Limited","ERD.NZ","108006377","0.574234","New Zealand"
"9695","Unitech Group","UNITECH.NS","107938854","0.0412563","India"
"9696","Jubilee Metals Group","JLP.L","107762150","0.0333542","United Kingdom"
"9697","SRP Groupe (Showroomprive.com)","SRP.PA","107663448","0.929907","France"
"9698","Silver One Resources","SVE.V","107458672","0.304392","Canada"
"9699","Devyser Diagnostics","DVYSR.ST","107148310","6.38222","Sweden"
"9700","LENSAR","LNSR","107132744","8.72","United States"
"9701","Al-Etihad Cooperative Insurance","8170.SR","106935491","2.13871","Saudi Arabia"
"9702","Suominen","SUY1V.HE","106897644","0.792056","Finland"
"9703","Tile Shop Holdings","TTSH","106722264","2.68","United States"
"9704","First Northwest Bancorp","FNWB","106720320","11.22","United States"
"9705","Dubai National Insurance & Reinsurance Company","DNIR.AE","106612487","0.923052","United Arab Emirates"
"9706","INNOVATE Corp.","VATE","106542976","7.81","United States"
"9707","Iceland Seafood International","ICESEA.IC","106542768","0.034767","Iceland"
"9708","Dolphin Drilling","DDRIL.OL","106525022","0.261888","Norway"
"9709","Nanoform Finland","NANOFS.ST","106370216","1.2404","Finland"
"9710","Nova Klúbburinn","NOVA.IC","106348949","0.0306864","Iceland"
"9711","DeFi Development","DFDV","106012448","3.42","United States"
"9712","Otovo ASA","OTOVO.OL","105978097","1.33091","Norway"
"9713","Oncolytics Biotech","ONCY","105961224","0.831","Canada"
"9714","Firefly AB","FIRE.ST","105935686","17.6518","Sweden"
"9715","Talga Group","TLG.AX","105465708","0.20642","Australia"
"9716","ACRES Commercial Realty","ACR","105397672","14.78","United States"
"9717","maison pommery &amp; associes","POMRY.PA","105377083","11.8575","France"
"9718","Gateway Real Estate","GTY.F","105374093","0.375","Germany"
"9719","Townsquare Media","TSQ","105196560","5.77","United States"
"9720","Bertrandt","BDT.DE","105070523","10.3972","Germany"
"9721","Stabilis Solutions","SLNG","105069096","5.65","United States"
"9722","HilleVax","HLVX","104762376","2.09","United States"
"9723","Venu Holding Corporation","VENU","104551624","1.86","United States"
"9724","Metatek-Group","MTEK.TO","104532242","2.1235","United Kingdom"
"9725","AGROB Immobilien","AGR.F","104386046","31.0748","Germany"
"9726","Microbot Medical","MBOT","104105440","1.55","United States"
"9727","SergeFerrari Group","SEFER.PA","104100625","9.11215","France"
"9728","INOVEST","INOVEST.BH","104023344","0.116","Bahrain"
"9729","FriendTimes","6820.HK","103981097","0.0497324","China"
"9730","Alliance Aviation Services","AQZ.AX","103751206","0.644174","Australia"
"9731","Logistic Properties of the Americas","LPA","103654536","3.27","United States"
"9732","EcoSynthetix","ECO.TO","103635892","1.76112","Canada"
"9733","Synchronoss Technologies","SNCR","103560608","9","United States"
"9734","Fleury Michon","ALFLE.PA","103474775","25","France"
"9735","Hong Kong Technology Venture Company (HKTV)","1137.HK","103451124","0.130707","Hong Kong"
"9736","Kewaunee Scientific Corporation","KEQU","103295080","36.01","United States"
"9737","Burning Rock Biotech","BNR","103248696","9.79","China"
"9738","Innoviz Technologies","INVZ","103085440","0.3458","Israel"
"9739","AB Kauno Energija","KNR1L.VS","103005158","2.40654","Lithuania"
"9740","Team Inc","TISI","102938872","22.46","United States"
"9741","Forsys Metals","FSY.TO","102870541","0.420351","Canada"
"9742","Zevia","ZVIA","102869384","1.33","United States"
"9743","Dhofar Insurance Company SAOG","DICS.OM","102751525","0.883117","Oman"
"9744","Mekdam Holding Group","MKDM.QA","102569184","0.567857","Qatar"
"9745","Bastei Lübbe","BST.DE","102536607","7.8271","Germany"
"9746","Pathfinder Bancorp","PBHC","102530240","16.33","United States"
"9747","Acrivon Therapeutics","ACRV","102419536","2.39","United States"
"9748","Yiren Digital","YRD","102361496","1.17","China"
"9749","R. Stahl AG","RSL2.DE","102317756","15.8879","Germany"
"9750","Polaryx Therapeutics","PLYX","102261520","2.16","United States"
"9751","CTEK AB","CTEK.ST","102229325","1.46091","Sweden"
"9752","Filling and Packing Materials Manufacturing Company","2180.SR","101933627","8.86379","Saudi Arabia"
"9753","LUDWIG BECK am Rathauseck - Textilhaus Feldmeier","ECK.DE","101871495","27.5701","Germany"
"9754","NWF Group plc","NWF.L","101620793","2.0489","United Kingdom"
"9755","HF Foods Group","HFFG","101603280","1.885","United States"
"9756","Riverview Bancorp","RVSB","101561720","5.09","United States"
"9757","Accendra Health","ACH","101514216","1.32","United States"
"9758","Renascor Resources","RNU.AX","101494282","0.0398605","Australia"
"9759","Crossject","ALCJ.PA","101115653","1.68692","France"
"9760","PGG Wrightson","PGW.NZ","101064672","1.33889","New Zealand"
"9761","NOVONIX","NVX","100851080","0.4043","Australia"
"9762","Fevara","FVA.L","100822819","1.9468","United Kingdom"
"9763","Park Dental Partners","PARK","100811984","21.2","United States"
"9764","The Securities House","SECH.KW","100669392","257.245","Kuwait"
"9765","Foodco National Foodstuff","FNF.AE","100637150","0.36","United Arab Emirates"
"9766","Bait Vegag Real Estate Development","BVGG.TA","100479937","1.82041","Israel"
"9767","Tamil Nadu Newsprint and Papers Limited","TNPL.NS","100357287","1.45003","India"
"9768","Grupa Kapitałowa Immobile","GKI.WA","100244103","1.3375","Poland"
"9769","Edisun Power Europe","ESUN.SW","100171155","87.3384","Switzerland"
"9770","Here Group Limited","HERE","100067696","1.84","China"
"9771","Ras Alkhaima National Insurance","RAKNIC.AE","99714264","0.82","United Arab Emirates"
"9772","ReneSola","SOL","99563952","1.94","United States"
"9773","Atturra","ATA.AX","99561777","0.270482","Australia"
"9774","Wrap Technologies","WRAP","99460136","1.61","United States"
"9775","Anaam International","4061.SR","98998560","3.14281","Saudi Arabia"
"9776","Braemar","BMS.L","98851365","3.09037","United Kingdom"
"9777","Creepy Jar","CRJ.WA","98841737","141.331","Poland"
"9778","Comet Ridge","COI.AX","98786183","0.0619261","Australia"
"9779","Al Gassim Investment Holding","6020.SR","98758855","3.29196","Saudi Arabia"
"9780","Arbe Robotics","ARBE","98610744","0.774","Israel"
"9781","SMN Power Company","SMNP.OM","98521467","0.493507","Oman"
"9782","Tabuk Agricultural Development Company","6040.SR","98186952","2.50626","Saudi Arabia"
"9783","ACTIA Group","ALATI.PA","98074401","4.88318","France"
"9784","Unitronics","UNIT.TA","98053159","7.00753","Israel"
"9785","CeoTronics","CEK.DE","97699065","12.243","Germany"
"9786","Pulmonx","LUNG","97567936","2.31","United States"
"9787","electroCore","ECOR","97461720","10.81","United States"
"9788","Antalpha Platform","ANTA","97258096","4.05","Singapore"
"9789","KLab","3656.T","97219708","1.2241","Japan"
"9790","Banqup Group SA","BANQ.BR","97193121","2.61682","Belgium"
"9791","LACROIX Group SA","LACR.PA","97110906","20.6776","France"
"9792","Investigator Resources","IVR.AX","97080655","0.0370133","Australia"
"9793","Veritone","VERI","97041536","0.966","United States"
"9794","4basebio","4BB.L","96972834","6.26242","United Kingdom"
"9795","clearvise AG","ABO.DE","96835373","1.28505","Germany"
"9796","PCC Exol","PCX.WA","96651946","0.555035","Poland"
"9797","Saudi Vitrified Clay Pipe Company","2360.SR","96648121","4.71688","Saudi Arabia"
"9798","PhenixFIN","PFX","96563648","50","United States"
"9799","Alijarah Holding","NLCS.QA","96513571","0.195055","Qatar"
"9800","United Foods Company","UFC.AE","96369054","3.18575","United Arab Emirates"
"9801","Atara Biotherapeutics","ATRA","96362016","9.6","United States"
"9802","Vistin Pharma","VISTN.OL","96143027","2.16809","Norway"
"9803","Takween Advanced Industries","1201.SR","96125532","1.25712","Saudi Arabia"
"9804","coly","4175.T","96108048","17.4655","Japan"
"9805","Eurofins-Cerep","ALECR.PA","96048130","19042.1","France"
"9806","Atlas Lithium","ATLX","96018376","3.19","United States"
"9807","Gascogne Groupe","ALBI.PA","95864158","2.54673","France"
"9808","Miko Group","MIKO.BR","95761682","77.1028","Belgium"
"9809","Bodal Chemicals","BODALCHEM.NS","95711335","0.759951","India"
"9810","mwb fairtrade AG","MWB0.DE","95675728","12.8505","Germany"
"9811","Emperor International","0163.HK","95667211","0.0173426","Hong Kong"
"9812","Hyperfine","HYPR","95634688","0.9018","United States"
"9813","Cullman Bancorp","CULL","95402008","16.6","United States"
"9814","Livestock Transport and Trading Company","CATTL.KW","95375592","455.878","Kuwait"
"9815","Zomedica Pharmaceuticals","ZOM","95349136","0.0973","United States"
"9816","Aldeyra Therapeutics","ALDX","95315744","1.58","United States"
"9817","Topps Tiles","TPT.L","95163124","0.486018","United Kingdom"
"9818","Fortress Biotech","FBIO","95050328","2.85","United States"
"9819","Michelmersh Brick Holdings plc","MBH.L","95036569","1.04828","United Kingdom"
"9820","National Consumer Holding Company","NCCI.KW","94855097","316.184","Kuwait"
"9821","Arq Inc.","ARQ","94760616","2.17","United States"
"9822","BCP Investment Corporation","BCIC","94734936","7.65","United States"
"9823","Osoul Investment Company","OSOUL.KW","94685875","748.942","Kuwait"
"9824","Sawaeed Holding","SAWAEED.AE","94614169","1.85","United Arab Emirates"
"9825","Allied Tecnologia","ALLD3.SA","94511375","0.984888","Brazil"
"9826","Groupe Minoteries SA","GMI.SW","94145324","285.289","Switzerland"
"9827","Rafael Holdings","RFL","94119992","1.81","United States"
"9828","Cheetah Mobile","CMCM","94047040","3.03","China"
"9829","Ithmaar Holding","ITHMR.BH","93953405","0.339","Bahrain"
"9830","BioPorto","BIOPOR.CO","93593978","0.189042","Denmark"
"9831","Intercede Group plc","IGP.L","93321907","1.53838","United Kingdom"
"9832","OSE Immunotherapeutics","OSE.PA","93291579","3.94159","France"
"9833","Union Insurance Company","UNION.AE","93260724","0.37","United Arab Emirates"
"9834","The NAGA Group","N4G.DE","93222617","0.40047","Germany"
"9835","Noodles &amp; Company","NDLS","93139560","15.61","United States"
"9836","Momentus Inc.","MNTS","93124808","4.24","United States"
"9837","Thryv","THRY","92877744","2.09","United States"
"9838","Infant Bacterial Therapeutics AB","IBT-B.ST","92832962","6.8911","Sweden"
"9839","Virco Manufacturing","VIRC","92804304","5.9","United States"
"9840","Arab Sea Information Systems Company","7201.SR","92686304","0.926863","Saudi Arabia"
"9841","Buzzfeed","BZFD","92501560","1.11","United States"
"9842","Ringmetall","HP3A.DE","92368915","3.17757","Germany"
"9843","Orthex Oyj","ORTHEX.HE","92321140","5.1986","Finland"
"9844","AB Pieno Zvaigzdes","PZV1L.VS","92008831","2.03855","Lithuania"
"9845","Prevas AB","PREV-B.ST","91662175","7.11374","Sweden"
"9846","Sotherly Hotels","SOHO","91583664","2.25","United States"
"9847","Orosur Mining","OMI.V","91547038","0.228294","Canada"
"9848","Pioneer Credit","PNC.AX","91506285","0.48402","Australia"
"9849","gumi","3903.T","91481175","1.69733","Japan"
"9850","Arabian International Healthcare Holding","9530.SR","91354604","4.56773","Saudi Arabia"
"9851","Martin Midstream Partners","MMLP","91160520","2.33","United States"
"9852","Nilörngruppen","NIL-B.ST","91143856","7.99368","Sweden"
"9853","CGRE AG","CGX.F","91121495","15.1869","Germany"
"9854","Himatsingka Seide","HIMATSEIDE.NS","90987606","0.723604","India"
"9855","Apetit Oyj","APETIT.HE","90879298","14.5444","Finland"
"9856","Takaful Emarat - Insurance","TAKAFUL-EM.AE","90828243","0.454719","United Arab Emirates"
"9857","Scully Royalty","SRL","90749056","5.96","China"
"9858","Norcod AS","NCOD.OL","90560221","1.14308","Norway"
"9859","Al Sagr Cooperative Insurance Company","8180.SR","90289244","3.00964","Saudi Arabia"
"9860","Rallybio","RLYB","90278480","17","United States"
"9861","Delfingen Industry","ALDEL.PA","90211597","34.6963","France"
"9862","Energys Group","ENGS","90009840","2.88","United Kingdom"
"9863","Golden Matrix Group","GMGI","89996768","0.6372","United States"
"9864","Drilling Tools International","DTI","89969672","2.55","United States"
"9865","Warba Capital Holding Company","WARBACAP.KW","89872837","2995.77","Kuwait"
"9866","Raysut Cement","RCCI.OM","89870132","0.449351","Oman"
"9867","Cavatina Holding Spólka Akcyjna","CAV.WA","89148694","3.5062","Poland"
"9868","Vera Bradley","VRA","89011736","3.13","United States"
"9869","Al Manar Financing and Leasing Company","ALMANAR.KW","88974628","364.702","Kuwait"
"9870","Victoria PLC","VCP.L","88945486","0.768508","United Kingdom"
"9871","Kuwait Foundry Company K.S.C.P.","KFOUC.KW","88896126","1367.63","Kuwait"
"9872","AudioEye","AEYE","88867600","7.07","United States"
"9873","Adicet Bio","ACET","88840536","9.49","United States"
"9874","Vitura SA","VTR.PA","88824597","5.21028","France"
"9875","Elevate Uranium","EL8.AX","88780335","0.188626","Australia"
"9876","Lemonsoft","LEMON.HE","88763962","4.98832","Finland"
"9877","Micware Co., Ltd.","MWC","87940736","1.48","Japan"
"9878","Railcare Group AB","RAIL.ST","87810044","3.59398","Sweden"
"9879","Bien Sparebank","BIEN.OL","87791352","15.4557","Norway"
"9880","Athos Immobilien","ATH.VI","87626214","50.2336","Austria"
"9881","Oman United Insurance","OUIC.OM","87272729","0.831169","Oman"
"9882","Zephyr Energy plc","ZPHR.L","87227279","0.0415226","United Kingdom"
"9883","High Co.","HCO.PA","86815411","4.38084","France"
"9884","Pharol, SGPS S.A.","PHR.LS","86790654","0.105607","Portugal"
"9885","11 bit studios","11B.WA","86584239","35.8201","Poland"
"9886","Summit State Bank","SSBI","86545016","12.79","United States"
"9887","Tigo Energy","TYGO","86538304","1.14","United States"
"9888","Enigmatig","EGG","86536064","3.09","Singapore"
"9889","SAICO (Saudi Arabian Cooperative Insurance Company)","8100.SR","86533851","2.88446","Saudi Arabia"
"9890","Velo3D","VLDX","86513896","6.15","United States"
"9891","Nanexa AB","NANEXA.ST","86487738","0.468041","Sweden"
"9892","XXL ASA","XXL.OL","86472902","0.988001","Norway"
"9893","Casino Guichard-Perrachon","CO.PA","86386429","0.215888","France"
"9894","Ascend Wellness (AWH)","AAWH","86365432","0.425","United States"
"9895","Real-Estate Trade Centers Company (Marakez)","MARAKEZ.KW","86307392","605.666","Kuwait"
"9896","Groupe LDLC","ALLDL.PA","86285953","14.1355","France"
"9897","Nerdy, Inc,","NRDY","86105512","10.1","United States"
"9898","Ispire Technology","ISPR","86099096","1.5","United States"
"9899","Shimao Property","0813.HK","85998456","0.00828873","Hong Kong"
"9900","Creo Medical Group","CREO.L","85978802","0.176982","United Kingdom"
"9901","Ideal Power","IPWR","85953248","5.23","United States"
"9902","GCL Global Holdings Ltd","GCL","85765832","0.67","Singapore"
"9903","Verrica Pharmaceuticals","VRCA","85722152","4.99","United States"
"9904","Surf Air Mobility","SRFM","85611272","0.6924","United States"
"9905","Rapid Micro Biosystems","RPID","85271248","1.7","United States"
"9906","Ticketplus","TP","85026224","7.1","Chile"
"9907","Sterling Tools","STERTOOLS.NS","84993335","2.33855","India"
"9908","New Fortress Energy","NFE","84890616","0.2972","United States"
"9909","Maytronics","MTRN.TA","84852640","0.773203","Israel"
"9910","Feiyu Technology International Company","1022.HK","84773083","0.0484572","China"
"9911","Kokuyo Camlin","KOKUYOCMLN.NS","84753755","0.84497","India"
"9912","Taageer Finance","TFCI.OM","84738808","0.298701","Oman"
"9913","iDreamSky","1119.HK","84587170","0.0414437","China"
"9914","MAIA Biotechnology","MAIA","84547920","1.39","United States"
"9915","Alan Allman Associates","AAA.PA","84383990","1.85748","France"
"9916","Chegg","CHGG","84358680","0.7598","United States"
"9917","OEX S.A.","OEX.WA","84244537","13.2621","Poland"
"9918","Laox Holdings","8202.T","84215190","0.921229","Japan"
"9919","Wiener Privatbank","WPB.VI","84190289","16.8224","Austria"
"9920","Quantum Graphite","QGL.AX","84077873","0.238451","Australia"
"9921","Amana Cooperative Insurance Company","8310.SR","84062216","1.95494","Saudi Arabia"
"9922","Omer-Decugis & Cie","ALODC.PA","83918336","9.88318","France"
"9923","Genasys","GNSS","83797296","1.84","United States"
"9924","Drecom","3793.T","83747236","2.92143","Japan"
"9925","Encounter Resources","ENR.AX","83705485","0.149477","Australia"
"9926","Abitare In S.p.A.","ABT.MI","83611925","3.27103","Italy"
"9927","Lake Resources NL","LKE.AX","83587259","0.0334543","Australia"
"9928","Charlotte's Web","CWEB.TO","83562037","0.308016","United States"
"9929","Premier Miton Group plc","PMI.L","83331197","0.524138","United Kingdom"
"9930","Aura Energy","AURA.L","83271845","0.0816838","Australia"
"9931","United Finance Co. SAOG","UFCI.OM","83250539","0.233766","Oman"
"9932","PWO AG","PWO.DE","83235981","26.6355","Germany"
"9933","Aptera Motors","SEV","83220256","2.105","United States"
"9934","Blink Charging","BLNK","83180328","0.5739","United States"
"9935","Hoffmann Green Cement Technologies","ALHGR.PA","83165626","4.70794","France"
"9936","Siebert Financial","SIEB","83110096","2.03","United States"
"9937","Comscore","SCOR","83058264","5.47","United States"
"9938","Sono-Tek Corporation","SOTK","82827128","5.27","United States"
"9939","Alcadon Group AB","ALCA.ST","82635010","3.37134","Sweden"
"9940","Asetek","ASTK.CO","82564016","0.260469","Denmark"
"9941","Scherzer &amp; Co. AG","PZS.DE","82441541","3.08411","Germany"
"9942","Grupo Casas Bahia S.A.","BHIA3.SA","82385374","0.0812678","Brazil"
"9943","Jushi Holdings","JUSHF","82261016","0.41193","United States"
"9944","Rekor Systems","REKR","82141464","0.5968","United States"
"9945","Moulinvest","ALMOU.PA","82011485","27.1028","France"
"9946","Lifevantage","LFVN","82002840","6.5","United States"
"9947","Cantourage Group SE","HIGH.DE","81992616","6.84579","Germany"
"9948","IBU-tec advanced materials AG","IBU.DE","81848710","17.2313","Germany"
"9949","Esterad Investment Company","ESTERAD.BH","81684609","0.0822281","Bahrain"
"9950","Dlala Brokerage and Investment Holding Company","DBIS.QA","81594512","0.428571","Qatar"
"9951","LanzaTech Global","LNZA","81545488","6.23","United States"
"9952","Great Elm Capital","GECC","81532832","5.87","United States"
"9953","Ebixcash India","EBIXFOREX.NS","81507586","7.31","India"
"9954","Interlink Electronics","LINK","81445128","5.17","United States"
"9955","PodcastOne","PODC","81379752","2.69","United States"
"9956","Advanced Flower Capital","AFCG","81165472","3.58","United States"
"9957","Banader Hotels Company","BANADER.BH","81106824","0.695145","Bahrain"
"9958","DelfinGroup AS","DGR1R.RG","81011186","1.78154","Latvia"
"9959","Mobilicom","MOB","80937536","6.29","Australia"
"9960","FreeCast, Inc.","CAST","80887808","1.7","United States"
"9961","Outset Medical","OM","80827808","4.3","United States"
"9962","SoundThinking 
 (ShotSpotter)","SSTI","80825672","6.14","United States"
"9963","Haulotte Group","PIG.PA","80824476","2.74533","France"
"9964","Elica S.p.A.","ELC.MI","80761579","1.3785","Italy"
"9965","Galfar Engineering and Contracting","GECS.OM","80667343","0.397403","Oman"
"9966","Grand Twins International Cambodia","GTI.KH","80633977","2.02","Cambodia"
"9967","Microlise","SAAS.L","80528735","0.694312","United Kingdom"
"9968","Apex Critical Metals","KL9.F","80525654","0.83528","Canada"
"9969","Telomir Pharmaceuticals","TELO","80466704","1.17","United States"
"9970","National Hotels Company (Bahrain)","NHOTEL.BH","80421087","0.503979","Bahrain"
"9971","Kuwait Emirates Holding Company","EMIRATES.KW","80360678","455.878","Kuwait"
"9972","Quick Heal","QUICKHEAL.NS","80359468","1.48105","India"
"9973","Heidmar Maritime Holdings","HMR","80229112","1.36","Greece"
"9974","ALBA SE","ABA.F","79586725","8.08808","Germany"
"9975","Kapsch TrafficCom","KTCG.VI","79351635","5.54907","Austria"
"9976","Rottneros","RROS.ST","79258560","0.296848","Sweden"
"9977","OKYO Pharma","OKYO","79244088","1.51","United Kingdom"
"9978","Hennessy Advisors","HNNA","79202192","10.02","United States"
"9979","Nexstim","NXTMH.HE","79195065","10.9463","Finland"
"9980","Pullup Entertainment","ALPUL.PA","79002803","9.88318","France"
"9981","Villars Holding","VILN.SW","79002241","757.016","Switzerland"
"9982","Water Intelligence plc","WATR.L","78986551","4.69682","United Kingdom"
"9983","Annovis Bio","ANVS","78821384","1.85","United States"
"9984","MediaCo Holding","MDIA","78819024","0.9381","United States"
"9985","Zepp Health","ZEPP","78750944","5.37","China"
"9986","Vivid Seats","SEAT","78688368","7","United States"
"9987","Umbrella Global Energy","UMB.MC","78575869","3.64486","Spain"
"9988","Senergy Holding Company K.S.C.P.","SENERGY.KW","78535481","778.248","Kuwait"
"9989","Sera Prognostics","SERA","78504432","1.99","United States"
"9990","Marchex","MCHX","78478064","1.77","United States"
"9991","Silvercrest Asset Management Group","SAMG","78354576","10.2","United States"
"9992","FC Porto","FCP.LS","78329093","3.48131","Portugal"
"9993","Vince Holding","VNCE","78240024","6.09","United States"
"9994","Planet Image International","YIBO","78189176","1.32","China"
"9995","Blackboxstocks","BLBX","78138184","18.15","United States"
"9996","Al Madar Kuwait Holding Company","MADAR.KW","78031593","377.727","Kuwait"
"9997","European Residential REIT","ERE-UN.TO","77929613","0.836997","Canada"
"9998","Battalion Oil","BATL","77903736","1.36","United States"
"9999","Al Anwar Ceramic Tiles","AACT.OM","77714288","0.353247","Oman"
"10000","Ekopak","EKOP.BR","77598948","4.43341","Belgium"
"10001","The Italian Sea Group","TISG.MI","77518691","1.46262","Italy"
"10002","SkinHealth Systems","SKIN","77407720","0.5948","United States"
"10003","Icape Holding","ALICA.PA","77391504","9.81308","France"
"10004","Kuwait Resorts Company","MUNTAZAHAT.KW","77242397","367.958","Kuwait"
"10005","Western Bulk","WEST.OL","77220667","2.29689","Norway"
"10006","Solutions 30","S30.PA","77175135","0.720794","Luxembourg"
"10007","Steel Connect","STCN","77168096","12.18","United States"
"10008","Fairwood Holdings","0052.HK","77150451","0.595514","Hong Kong"
"10009","Definitive Healthcare","DH","76642704","0.718","United States"
"10010","Cingulate","CING","76635424","5.27","United States"
"10011","WISeKey International","WKEY","76622440","6.45","Switzerland"
"10012","Gossamer Bio","GOSS","76553392","0.1566","United States"
"10013","Northern Technologies International","NTIC","76410608","8.05","United States"
"10014","Orion Energy Systems","OESX","76142512","18.62","United States"
"10015","Al Fujairah National Insurance Company","AFNIC.AE","76119281","57.19","United Arab Emirates"
"10016","Gabriel Holding A/S","GABR.CO","76099686","41.6088","Denmark"
"10017","CMGE Technology Group","0302.HK","76030583","0.0253823","China"
"10018","3U Holding","UUU.DE","76015327","1.1285","Germany"
"10019","ad pepper media International","APM.DE","75989621","3.13084","Germany"
"10020","Full House Resorts","FLL","75854072","2.07","United States"
"10021","InfraCom Group AB","INFRA.ST","75843517","2.18395","Sweden"
"10022","Guillemot Corporation","GUI.PA","75832299","5.25701","France"
"10023","Solitario Resources","XPL","75738104","0.7999","United States"
"10024","Majestic Gold","MJS.V","75566345","0.0724743","Canada"
"10025","Town Centre Securities","TOWN.L","75484468","1.79704","United Kingdom"
"10026","Alithya Group","ALYA.TO","75389896","0.779098","Canada"
"10027","Titanium Oyj","TITAN.HE","75373004","7.1729","Finland"
"10028","Ekinops","EKI.PA","75242214","2.78621","France"
"10029","G8 Education","GEM.AX","75239202","0.0975158","Australia"
"10030","Branicks Group","BRNK.DE","75169909","0.899533","Germany"
"10031","CVRx","CVRX","75129296","2.82","United States"
"10032","Air T, Inc.","AIRT","75088944","28","United States"
"10033","Kellton Tech Solutions","KELLTONTEC.NS","75040386","0.141211","India"
"10034","Mashaer Holding Company K.S.C.P.","MASHAER.KW","74693201","465.646","Kuwait"
"10035","Hily Holding","HH.AE","74497630","0.62","United Arab Emirates"
"10036","Aqar Real Estate Investments Company","AQAR.KW","74476275","332.139","Kuwait"
"10037","Scana ASA","SCANA.OL","74361880","0.160997","Norway"
"10038","SunCar Technology Group","SDA","74201608","0.7274","China"
"10039","Credit Rating And Collection Company","TAHSSILAT.KW","74145230","449.365","Kuwait"
"10040","iBio","IBIO","74021056","1.49","United States"
"10041","EML Payments","EML.AX","74019244","0.190049","Australia"
"10042","TTEC","TTEC","73943912","1.5","United States"
"10043","Research Solutions","RSSS","73919048","2.21","United States"
"10044","Cato Fashion","CATO","73777816","3.75","United States"
"10045","LeonaBio","LONA","73771624","7.83","United States"
"10046","Zentek","ZTEK","73679912","0.5819","Canada"
"10047","Myomo","MYO","73670616","1.86","United States"
"10048","Agfa-Gevaert","AGFB.BR","73612098","0.475467","Belgium"
"10049","Westwater Resources","WWR","73281952","0.57","United States"
"10050","Home Federal Bancorp (HFB Bank)","HFBL","73262216","24.08","United States"
"10051","Airtasker","ART.AX","73136932","0.149477","Australia"
"10052","Oman Reinsurance","ORIC.OM","73028381","0.220779","Oman"
"10053","Mubarrad Holding Company","MUBARRAD.KW","73024781","446.109","Kuwait"
"10054","Usio","USIO","72948256","2.56","United States"
"10055","Kooth plc","KOO.L","72836607","2.00806","United Kingdom"
"10056","Nankai Tatsumura Construction","1850.T","72684438","2.59332","Japan"
"10057","Pricer AB","PRIC-B.ST","72500267","0.443686","Sweden"
"10058","BRAIN Biotech","BNN.DE","72484682","3.31776","Germany"
"10059","Pliant Therapeutics","PLRX","72448616","1.17","United States"
"10060","MDxHealth","MDXH","72431336","0.7591","Belgium"
"10061","Freightos","CRGO","72356896","1.4","Israel"
"10062","Hayah Insurance Company","HAYAH.AE","71883679","0.36","United Arab Emirates"
"10063","Wallbox","WBX","71794576","2.96","Spain"
"10064","The InterGroup Corporation","INTG","71770328","33.4","United States"
"10065","United Homes Group","UHG","71769208","1.22","United States"
"10066","Spero Therapeutics","SPRO","71628840","1.23","United States"
"10067","NFON AG","NFN.DE","71590696","4.28738","Germany"
"10068","Geospace Technologies","GEOS","71533888","5.53","United States"
"10069","Erbud","ERB.WA","71382762","5.98355","Poland"
"10070","Airgain","AIRG","71265272","5.44","United States"
"10071","Salama Cooperative Insurance Company","8050.SR","71192669","2.37309","Saudi Arabia"
"10072","Development Works Food Company","6013.SR","71192669","23.7309","Saudi Arabia"
"10073","OQIC Oman Qatar Insurance Company","OQIC.OM","71187422","0.441558","Oman"
"10074","McPhy Energy","MCPHY.PA","71172382","2.53774","France"
"10075","Inseego","INSG","71101160","4.33","United States"
"10076","Postmedia Network Canada","PNC-A.TO","71063031","0.717495","Canada"
"10077","Hindustan Media Ventures","HMVL.NS","71024739","0.966128","India"
"10078","Airship AI","AISP","70945488","2.06","United States"
"10079","MHP Hotel AG","CDZ0.F","70925261","1.53037","Germany"
"10080","WM Technology","MAPS","70881160","0.407","United States"
"10081","MGI Digital Technology","ALMDG.PA","70750252","11.5888","France"
"10082","Skillsoft","SKIL","70664128","7.88","United States"
"10083","Energous","WATT","70525424","12.76","United States"
"10084","Infas Holding AG","IFS.F","70443925","7.8271","Germany"
"10085","XBiotech","XBIT","70426656","2.31","United States"
"10086","AMTD IDEA Group","AMTD","70233408","0.74","Hong Kong"
"10087","Travelzoo","TZOO","70192080","6.88","United States"
"10088","CombinedX","CX.ST","70005981","3.59398","Sweden"
"10089","Al Kathiri Holding Company","3008.SR","69837276","0.308954","Saudi Arabia"
"10090","Shuaiba Industrial Company","PAPER.KW","69822010","703.583","Kuwait"
"10091","Coheris SA","COH.PA","69741280","12.2664","France"
"10092","Widam Food Company","WDAM.QA","69725273","0.387363","Qatar"
"10093","Fidelity United insurance","FIDELITYUNITED.AE","69716776","0.44","United Arab Emirates"
"10094","Smart Good Things Holding","MLSGT.PA","69706554","3.24751","France"
"10095","Austin Engineering","ANG.AX","69633719","0.111752","Australia"
"10096","Rapala VMC Corporation","RAP1V.HE","69488957","1.82243","Finland"
"10097","WASGAU Produktions &amp; Handels AG","MSH.F","69392523","10.514","Germany"
"10098","LumenRadio","LUMEN.ST","69362524","5.51288","Sweden"
"10099","American Vanguard","AVD","69326480","2.35","United States"
"10100","Serina Therapeutics","SER","69089288","2.72","United States"
"10101","Identiv","INVE","69071888","2.85","United States"
"10102","Kamux","KAMUX.HE","68920074","1.8014","Finland"
"10103","Prairie Operating","PROP","68829344","0.6102","United States"
"10104","Bilendi SA","ALBLD.PA","68725439","14.8364","France"
"10105","Wittchen","WTN.WA","68721808","3.72009","Poland"
"10106","Talenom","TNOM.HE","68472948","1.5","Finland"
"10107","Shengfeng Development","SFWL","68472936","0.83","China"
"10108","Kuantum Papers","KUANTUM.NS","68457974","0.784496","India"
"10109","PMV Pharmaceuticals","PMVP","68426312","1.28","United States"
"10110","NSTS Bancorp","NSTS","68357000","13.9","United States"
"10111","Rein Therapeutics","RNTX","68323488","0.792","United States"
"10112","Pelagic Credit Plc","PLGC.OL","68305539","1.8461","Cyprus"
"10113","OSOS Holding Group Company K.P.S.C.","OSOS.KW","68272224","625.204","Kuwait"
"10114","MindWalk Holdings","HYFT","68131584","1.45","United States"
"10115","Gold Hydrogen Limited","GHY.AX","68076568","0.377251","Australia"
"10116","INVL Technology UTIB","INC1L.VS","68008205","5.67757","Lithuania"
"10117","MediciNova","MNOV","67925320","1.38","United States"
"10118","Forian","FORA","67792720","2.17","United States"
"10119","Nightingale Health","HEALTH.HE","67694574","1.1215","Finland"
"10120","SolarBank","SUUN","67617776","1.44","Canada"
"10121","Regis Corporation","RGS","67467008","27","United States"
"10122","Great Elm Group","GEG","67417568","2.15","United States"
"10123","OS Therapies","OSTX","67343704","1.46","United States"
"10124","Laser Photonics","LASE","66736364","1.33","United States"
"10125","STV Group plc","STVG.L","66682034","1.45669","United Kingdom"
"10126","Largo","LGO","66634876","0.6461","Canada"
"10127","5E Advanced Materials","FEAM","66424360","1.6","United States"
"10128","Thinkific Labs","THNC.TO","66422109","0.98565","Canada"
"10129","W5 Solutions AB","W5.ST","66365374","3.77951","Sweden"
"10130","Gentili Mosconi","GM.MI","66144859","3.48131","Italy"
"10131","Bango","BGO.L","66086641","0.85768","United Kingdom"
"10132","The9","NCTY","65980084","4.32","China"
"10133","CDON AB","CDON.ST","65884325","5.74612","Sweden"
"10134","Hour Loop","HOUR","65471664","1.86","United States"
"10135","AMCON Distributing Company","DIT","65396220","67","United States"
"10136","Fermentalg","ALGAE.PA","65353439","0.545561","France"
"10137","Kuwait and Gulf Link Transport Company","KGL.KW","65160949","234.91","Kuwait"
"10138","Boundless Bio","BOLD","65059232","2.86","United States"
"10139","Coffee Day Enterprises","COFFEEDAY.NS","65046013","0.307908","India"
"10140","iHuman","IH","64913336","1.27","China"
"10141","Gambling.com Group","GAMB","64852964","1.84","Jersey"
"10142","Artifex Mundi","ART.WA","64828375","5.44205","Poland"
"10143","Allied Cooperative Insurance Group","8150.SR","64794114","2.2266","Saudi Arabia"
"10144","Nano-X Imaging","NNOX","64728728","0.93","Israel"
"10145","Gentian Diagnostics ASA","GENT.OL","64708479","4.18591","Norway"
"10146","RAPCO Investment","RAPCO.AE","64695311","0.68","United Arab Emirates"
"10147","Upexi","UPXI","64652768","0.8802","United States"
"10148","Nordisk Bergteknik AB","NORB-B.ST","64626187","1.12908","Sweden"
"10149","ImageneBio","IMA","64589784","5.69","United States"
"10150","Amoéba S.A.","ALMIB.PA","64516981","0.829439","France"
"10151","Marks Electrical Group","MRK.L","64439585","0.619435","United Kingdom"
"10152","Manazel Holding Company","MANAZEL.KW","64333240","149.463","Kuwait"
"10153","Off the Hook YS Inc","OTH","64247460","2.57","United States"
"10154","Azure Power","AZREF","64166360","1","India"
"10155","Imagineer","4644.T","64165358","6.65682","Japan"
"10156","Senzime AB","SEZI.ST","64086406","0.407635","Sweden"
"10157","GTPL Hathway","GTPL.NS","64017586","0.569232","India"
"10158","DocCheck","AJ91.DE","64015434","12.6168","Germany"
"10159","Chinese Gamer International","3083.TWO","63600642","0.735387","Taiwan"
"10160","N.B.I. Industrial Finance","NBIFIN.NS","63576356","21.5159","India"
"10161","Solidion Technology","STI","63335016","7.44","United States"
"10162","Amar Finance and Leasing Company","AMAR.KW","63318333","324.324","Kuwait"
"10163","Alfajar Al Alamia Co. SAOG","AFAI.OM","63296478","1.28312","Oman"
"10164","Pelican Aqua Holding","PLCAN.OL","63291028","1.50264","Cyprus"
"10165","Naked Wines","WINE.L","63197333","0.9557","United Kingdom"
"10166","Aurelion Inc.","AURE","63168000","1.68","Hong Kong"
"10167","Jaypee Group","JPASSOCIAT.NS","62935016","0.0256397","India"
"10168","Yatra","YTRA","62863948","0.9824","India"
"10169","Altisource Portfolio Solutions","ASPS","62811132","5.5","Luxembourg"
"10170","GreenMobility A/S","GREENM.CO","62772807","10.6863","Denmark"
"10171","Playstudios","MYPS","62559216","0.5208","United States"
"10172","Teads","TEAD","62281184","0.6351","United States"
"10173","Kandi Technologies Group","KNDI","62267572","0.6201","China"
"10174","CBAK Energy Technology","CBAT","62255976","0.7023","China"
"10175","Where Food Comes From","WFCF","62245788","12.5","United States"
"10176","Musandam Power","MSPW.OM","62162599","0.883117","Oman"
"10177","Sharjah Insurance","SICO.AE","62081359","0.41","United Arab Emirates"
"10178","Intellicheck","IDN","62016236","3.06","United States"
"10179","Universal Electronics","UEIC","61977148","4.81","United States"
"10180","Wakamoto Pharmaceutical","4512.T","61973150","1.78567","Japan"
"10181","INmune Bio","INMB","61890948","2.23","United States"
"10182","hVIVO","HVO.L","61854321","0.0898522","United Kingdom"
"10183","Global Self Storage","SELF","61789880","5.41","United States"
"10184","Talphera","TLPH","61767900","1.19","United States"
"10185","Greenland Energy Company","GLND","61659568","1.41","United States"
"10186","Sino-Entertainment Technology","6933.HK","61400792","0.143459","China"
"10187","MacroWell OMG Digital Entertainment","3687.TWO","61312351","2.0396","Taiwan"
"10188","Catana Group","ALCAT.PA","61290420","2.14953","France"
"10189","Watkin Jones Plc","WJG.L","61211284","0.238244","United Kingdom"
"10190","3P Learning","3PL.AX","61189803","0.224215","Australia"
"10191","Llorente &amp; Cuenca","LLYC.MC","61189327","5.25701","Spain"
"10192","Odysight.ai","ODYS","61009064","3.63","Israel"
"10193","Caspian Sunrise","CASP.L","60949455","0.0258665","United Kingdom"
"10194","audius SE","3ITN.DE","60934186","12.3832","Germany"
"10195","Al-Omran Industrial Trading Company","4141.SR","60917274","5.07644","Saudi Arabia"
"10196","Ultimate Products","ULTP.L","60880563","0.729708","United Kingdom"
"10197","Kestrel Group","KG","60714476","7.76","Bermuda"
"10198","Churchill China","CHH.L","60638267","5.51365","United Kingdom"
"10199","Wakou Shokuhin","2813.T","60611706","24.2927","Japan"
"10200","Columbus Energy","CLC.WA","60330050","0.877226","Poland"
"10201","Nordwest Handel","NWX.F","60280958","18.8084","Germany"
"10202","ARN Media","A1N.AX","60163430","0.192185","Australia"
"10203","SYLA Technologies","SYT","60158036","2.26","Japan"
"10204","Thimar Development Holding Company","4160.SR","60107601","9.24732","Saudi Arabia"
"10205","Viscom SE","V6C.DE","59994915","6.75234","Germany"
"10206","Saga Communications","SGA","59892248","9.42","United States"
"10207","Pekabex","PBX.WA","59823567","2.40966","Poland"
"10208","Heron Therapeutics","HRTX","59784492","0.3149","United States"
"10209","HWA AG","H9W.DE","59737313","4.15888","Germany"
"10210","Cettire Limited","CTT.AX","59699915","0.156595","Australia"
"10211","BranchOut Food","BOF","59579360","3.89","United States"
"10212","Saudi Enaya Cooperative Insurance Company","8311.SR","59420443","2.5835","Saudi Arabia"
"10213","eXoZymes","EXOZ","59400700","6.4","United States"
"10214","Ascot Resources","AOT.TO","59394492","0.0399384","Canada"
"10215","Exasol AG","EXL.DE","59317906","2.23131","Germany"
"10216","iLearningEngines","AILE","59292656","0.42","United States"
"10217","Oman National Engineering and Investment Co. (SAOG)","ONES.OM","59220781","0.394805","Oman"
"10218","Ebusco Holding","EBUS.AS","59077135","0.290304","Netherlands"
"10219","ZK International Group","ZKIN","59031676","1.03","China"
"10220","BG Staffing","BGSF","59027116","5.53","United States"
"10221","Cyberoo","CYB.MI","58949009","1.44276","Italy"
"10222","Garo Aktiebolag","GARO.ST","58945447","1.17891","Sweden"
"10223","Agile Content","AGIL.MC","58917626","2.57009","Spain"
"10224","Genenta Science","GNTA","58824564","1.22","Italy"
"10225","TechPrecision","TPCS","58783812","5.82","United States"
"10226","GEN Restaurant Group","GENK","58677020","1.78","United States"
"10227","Mesa Air","MESA","58631804","1.4","United States"
"10228","Equipment Holding Company K.S.C.P.","EQUIPMENT.KW","58612824","732.66","Kuwait"
"10229","Leifras","LFS","58599788","2.24","Japan"
"10230","AEye","LIDR","58575272","1.26","United States"
"10231","Castellum","CTM","58394752","0.6161","United States"
"10232","Linz Textil","LTH.VI","58177570","193.925","Austria"
"10233","VITA 34","V3V.DE","58037995","3.32944","Germany"
"10234","Immutep","IMMP","57961456","0.3933","Australia"
"10235","Verde Clean Fuels","VGAS","57914508","1.3","United States"
"10236","LightInTheBox Holding","LITB","57798888","2.93","Singapore"
"10237","Cimbeton","CMBTN.IS","57589430","32.5364","Turkey"
"10238","OT Logistics","OTS.WA","57487590","4.38877","Poland"
"10239","Dr. Hönle AG","HNL.DE","57219369","9.43925","Germany"
"10240","Gamesparcs","6542.TWO","57210144","1.39535","Taiwan"
"10241","AgEagle Aerial Systems","UAVS","57080636","0.9074","United States"
"10242","System1 Group","SYS1.L","57007026","4.49261","United Kingdom"
"10243","Aptech","APTECHT.NS","56825713","0.979706","India"
"10244","MiNK Therapeutics","INKT","56796412","11.13","United States"
"10245","Hain Celestial","HAIN","56606984","0.6272","United States"
"10246","NaaS Technology","NAAS","56453248","3.31","China"
"10247","WeShop Holdings","WSHP","56296288","4.83","British Virgin Islands"
"10248","Trophy Games","TGAMES.CO","56166104","2.11696","Denmark"
"10249","Gulf Mushroom Products Company SAOG","GMPI.OM","56095793","1.11429","Oman"
"10250","Sequana Medical","SEQUA.BR","55798028","0.713785","Belgium"
"10251","Bever Holding","BEVER.AS","55795715","3.27103","Netherlands"
"10252","Itera ASA","ITERA.OL","55770052","0.686919","Norway"
"10253","Stem, Inc","STEM","55450048","5.76","United States"
"10254","Schwälbchen Molkerei","SMB.F","55373831","55.3738","Germany"
"10255","The Children's Place","PLCE","55147928","2.48","United States"
"10256","Devolver Digital","DEVO.L","55090452","0.108912","United States"
"10257","InterCure","INCR","55082556","0.93","Israel"
"10258","Cabka","7GW.F","54775509","2.20794","Germany"
"10259","Marpai","MRAI","54379240","2.15","United States"
"10260","Allied Esports","AESE","54324936","1.3899","United States"
"10261","VEEM Ltd","VEE.AX","54316802","0.370133","Australia"
"10262","Poujoulat","ALPJT.PA","54106028","6.91589","France"
"10263","Vantiva","VANTI.PA","54069794","0.11028","France"
"10264","Kezar Life Sciences","KZR","53856340","7.29","United States"
"10265","Dish TV","DISHTV.NS","53847463","0.029245","India"
"10266","Tuniu Corporation","TOUR","53775596","4.95","China"
"10267","Poulaillon","ALPOU.PA","53738401","10.514","France"
"10268","Fire Rock","1909.HK","53568226","0.220608","China"
"10269","Granite Point Mortgage Trust","GPMT","53499968","1.11","United States"
"10270","Intchains Group","ICG","53426496","0.88","China"
"10271","Sylogist","SYZ.TO","53396992","2.28294","Canada"
"10272","IZEA Worldwide","IZEA","53293836","3.06","United States"
"10273","Ocean Power Technologies","OPTT","53217344","0.197","United States"
"10274","FUJI UNITED HOLDINGS CO LTD","416A.T","53051397","8.03867","Japan"
"10275","Unikai Foods","UNIKAI.AE","52985194","1.36416","United Arab Emirates"
"10276","BBX Capital Corporation","BBXIA","52982156","3.832","United States"
"10277","Ferrum S.A. de Cerámica y Metalurgia","FERR.BA","52894037","0.0114562","Argentina"
"10278","The ONE Group Hospitality","STKS","52712380","1.67","United States"
"10279","cyan AG","CYR.DE","52676014","2.42991","Germany"
"10280","MarketWise","MKTW","52530892","18.81","United States"
"10281","Hopscotch Global PR Group","ALHOP.PA","52378364","17.1729","France"
"10282","DEMIRE Deutsche Mittelstand Real Estate","DMRE.DE","52263247","0.495327","Germany"
"10283","aTyr Pharma","ATYR","52260980","0.5328","United States"
"10284","LiveOne","LVO","52104796","3.8","United States"
"10285","Luna Innovations","LUNA","52045528","1.5","United States"
"10286","BLG Logistics","BLH.F","52037383","13.5514","Germany"
"10287","Bahrain Ship Repairing and Engineering Company","BASREC.BH","51994694","0.66313","Bahrain"
"10288","Vroom","VRM","51972116","9.98","United States"
"10289","tinyBuild","8Z3.F","51916864","0.132009","United States"
"10290","Bayan Investment Holding Company","BAYANINV.KW","51915324","228.59","Kuwait"
"10291","Fujairah Cement Industries","FCI.AE","51840098","0.15","United Arab Emirates"
"10292","Comtech Telecommunications","CMTL","51833276","1.73","United States"
"10293","Pyxis Tankers","PXS","51810320","5.06","Greece"
"10294","SHW AG","SW10.HM","51504710","8.00234","Germany"
"10295","Greenidge Generation Holdings","GREE","51500392","2.84","United States"
"10296","SCYNEXIS","SCYX","51240488","5.15","United States"
"10297","Aiming Inc","3911.T","51237141","1.0979","Japan"
"10298","SAF Tehnika A/S","SAF1R.RG","51180088","17.2313","Latvia"
"10299","Apollo Minerals Limited","AON.AX","51119159","0.0405723","Australia"
"10300","Fernheizwerk Neukölln","FHW.F","51051401","22.1963","Germany"
"10301","Franklin Street Properties","FSP","50955336","0.4899","United States"
"10302","Odyssey Marine Exploration","OMEX","50848188","0.8681","United States"
"10303","Corero Network Security","CNS.L","50551328","0.0987012","United Kingdom"
"10304","The Arena Group","AREN","50467288","1.06","United States"
"10305","CarParts.com","PRTS","50455220","6.23","United States"
"10306","SunPower","SPWR","50323480","0.2502","United States"
"10307","ORBIS AG","OBS.DE","50224060","5.30374","Germany"
"10308","Instil Bio","TIL","50118808","7.39","United States"
"10309","İşbir Holding","ISBIR.IS","50053490","1.54548","Turkey"
"10310","Hutter &amp; Schrantz Stahlbau AG","HST.VI","49966537","33.4112","Austria"
"10311","Precipio","PRPO","49856736","27.85","United States"
"10312","Planet13","PLTH.CN","49819169","0.148572","United States"
"10313","Elauwit Connection","ELWT","49780864","7.52","United States"
"10314","Mr.Bricolage","ALMRB.PA","49751518","4.61449","France"
"10315","Mereo BioPharma Group","MREO","49743740","0.3115","United Kingdom"
"10316","Meds Apotek AB","MEDS.ST","49617957","2.67163","Sweden"
"10317","TransAct Technologies","TACT","49557464","4.8","United States"
"10318","Sensus Healthcare","SRTS","49550796","3.01","United States"
"10319","Swiss Steel","STLN.SW","49532747","1.60943","Switzerland"
"10320","Muscat Finance","MFCI.OM","49462526","0.161039","Oman"
"10321","G5 Entertainment","G5EN.ST","49405492","6.49884","Sweden"
"10322","Hvidbjerg Bank","HVID.CO","49349084","29.3718","Denmark"
"10323","TScan Therapeutics","TCRX","49013112","0.75","United States"
"10324","Hydrogène de France","HDF.PA","48517088","3.3528","France"
"10325","Qatar Electronic Systems","TQES.QA","48494640","0.573901","Qatar"
"10326","Gold Road International p.l.c.","GOLDR.OL","48483380","0.845769","Malta"
"10327","Idaho Copper Corporation","COPR","48346312","2.73","United States"
"10328","Celebrus Technologies","CLBS.L","48139027","1.28516","United Kingdom"
"10329","Hinduja Ventures","NXTDIGITAL.NS","48138727","1.43","India"
"10330","Navigo Invest","NAVIGO-STAM.ST","48105971","0.325472","Sweden"
"10331","3i Infotech","3IINFOLTD.NS","47874240","0.230826","India"
"10332","Shoe Zone","SHOE.L","47829108","1.03466","United Kingdom"
"10333","Laird Superfood","LSF","47681688","4.26","United States"
"10334","5th Planet Games","5PG.OL","47617425","0.177096","Denmark"
"10335","Gigas Hosting","GIGA.MC","47498509","3.79673","Spain"
"10336","Aiforia Technologies Oyj","AIFORIA.HE","47432070","1.26869","Finland"
"10337","Doxa AB","DOXA.ST","47254657","0.0359928","Sweden"
"10338","Hyperion DeFi","HYPD","47239880","3.04","United States"
"10339","Viomi Technology","VIOT","47125208","0.7","China"
"10340","Estoril Sol","ESON.LS","47111201","3.9486","Portugal"
"10341","Seres Therapeutics","MCRB","47009572","4.68","United States"
"10342","Pestech Cambodia","PEPC.KH","46956662","0.63","Cambodia"
"10343","Toro Energy","TOE.AX","46891846","0.38985","Australia"
"10344","Metagenomi","MGX","46843608","1.24","United States"
"10345","The Beachbody Company","BODI","46695156","6.41","United States"
"10346","Filana Therapeutics","FLNA","46675088","0.9662","United States"
"10347","Manhattan Bridge Capital","LOAN","46517460","4.07","United States"
"10348","Brera Holdings","SLMT","46514268","4.225","Ireland"
"10349","Sportsman's Warehouse","SPWH","46433560","1.19","United States"
"10350","Regal Hotels International","0078.HK","46418695","0.0516452","Hong Kong"
"10351","Tessellis","TSL.MI","46341168","0.106308","Italy"
"10352","Xtant Medical","XTNT","46309060","0.3301","United States"
"10353","Grace Therapeutics","GRCE","46279048","2.2","United States"
"10354","Mobile Factory","3912.T","46219490","7.11744","Japan"
"10355","Metal and Recycling Company K.S.C.","MRC.KW","46056330","511.234","Kuwait"
"10356","Indonesia Energy","INDO","46006652","2.99","Indonesia"
"10357","FRIWO","CEA.DE","45770551","5.35047","Germany"
"10358","Pattern S.p.A.","PTR.MI","45742453","3.06075","Italy"
"10359","Bragg Gaming Group","BRAG","45663204","1.47","Canada"
"10360","AS Silvano Fashion Group","SFG1T.TL","45630841","1.26752","Estonia"
"10361","Dhofar Generating Company","DGEN.OM","45602495","0.205195","Oman"
"10362","Gurunavi, Inc.","2440.T","45530714","0.807653","Japan"
"10363","AS Ekspress Grupp","EEG1T.TL","45385715","1.46612","Estonia"
"10364","Karyopharm Therapeutics","KPTI","45362920","2","United States"
"10365","Pulsar Group","PULS.L","45226129","0.333542","United Kingdom"
"10366","VIDA Global Inc.","VIDA","45221096","2.26","United States"
"10367","Mirza International","MIRZAINT.NS","45180532","0.326917","India"
"10368","People Can Fly","PCF.WA","45170549","0.980111","Poland"
"10369","SGT German Private Equity","GAI.DE","45152941","0.975188","Germany"
"10370","Sequans Communications","SQNS","45082772","3.01","France"
"10371","Veru","VERU","45012848","2.64","United States"
"10372","GBK Beteiligungen AG","GBQ.HM","44947430","6.65888","Germany"
"10373","Vilniaus Baldai AB","VBL1L.VS","44946308","11.5654","Lithuania"
"10374","freelancer.com","FLN.AX","44934220","0.0996512","Australia"
"10375","Gulf Franchising Holding Company","GFC.KW","44914921","1123.41","Kuwait"
"10376","Context Therapeutics","CNTX","44791100","0.4875","United States"
"10377","Synthaverse","SVE.WA","44762806","0.777049","Poland"
"10378","Lulu's Fashion Lounge","LVLU","44710436","15.57","United States"
"10379","Nano Labs","NA","44571052","1.92","China"
"10380","Touax SCA","TOUP.PA","44392265","6.36395","France"
"10381","Paref SA","PAR.PA","44255345","29.2056","France"
"10382","iFOREX","IFRX.L","44237921","1.97402","Guernsey"
"10383","Gogoro","GGR","44161876","2.2","Taiwan"
"10384","374Water","SCWO","44118220","2.49","United States"
"10385","RYTHM, Inc.","RYM","44057124","20.5","United States"
"10386","Grove Collaborative","GROV","43982080","1.03","United States"
"10387","Fractal Gaming Group","FRACTL.ST","43914473","1.50544","Sweden"
"10388","Bahrain Cinema Company","CINECO.BH","43832068","2.62599","Bahrain"
"10389","the Marygold Companies","MGLD","43776724","1.01","United States"
"10390","FORTEC Elektronik AG","FEV.DE","43668243","13.4346","Germany"
"10391","Aram Group","ARAM.AE","43611938","0.55","United Arab Emirates"
"10392","Orapi SA","ORAP.PA","43596174","6.69206","France"
"10393","Palms Agro Production Company","PAPCO.KW","43440342","830.348","Kuwait"
"10394","Rave Restaurant Group","RAVE","43345280","3.05","United States"
"10395","Massimo Motor","MAMO","43306588","1.04","United States"
"10396","Zeo Energy","ZEO","43305764","0.494","United States"
"10397","Nass Corporation B.S.C.","NASS.BH","43183023","0.541114","Bahrain"
"10398","Steel &amp; Tube Holdings","STU.NZ","43162544","0.235049","New Zealand"
"10399","ATA Creativity Global","AACG","43082948","0.9971","China"
"10400","Youlife Group Inc.","YOUL","42849528","0.5289","China"
"10401","AS Pro Kapital Grupp","PKG1T.TL","42714635","0.753505","Estonia"
"10402","InspireMD","NSPR","42618772","0.9099","Israel"
"10403","Qatari German Company for Medical Devices","QGMD.QA","42582693","0.368681","Qatar"
"10404","Qatar Cinema and Film Distribution Company","QCFS.QA","42447133","0.675824","Qatar"
"10405","Sýn hf.","SYN.IC","42443714","0.171387","Iceland"
"10406","Eco Wave Power Global","WAVE","42429716","6.8","Israel"
"10407","MS Industrie","MSAG.DE","42368892","1.42523","Germany"
"10408","Phunware","PHUN","42357736","2.07","United States"
"10409","Mister Spex","MRX.F","42280032","1.23248","Germany"
"10410","INMA Holding Company","IHGS.QA","42212350","0.74533","Qatar"
"10411","MicroVision","MVIS","42106268","1.77","United States"
"10412","Ekso Bionics","EKSO","42047896","11.8","United States"
"10413","Optomed","OPTOMED.HE","42011271","1.96028","Finland"
"10414","Plutus Financial Group","PLUT","41828748","2.725","United States"
"10415","Kayak Inc","3904.T","41806554","2.71321","Japan"
"10416","Phnom Penh SEZ","PPSP.KH","41799406","0.29","Cambodia"
"10417","Milestone Scientific","MLSS","41716288","0.4701","United States"
"10418","Scienjoy Holding Corporation","SJ","41613512","0.98","China"
"10419","DocGo","DCGO","41599380","0.4205","United States"
"10420","Culp, Inc.","CULP","41594144","3.27","United States"
"10421","RATH Aktiengesellschaft","RAT.VI","41355140","27.5701","Austria"
"10422","Xos, Inc.","XOS","41231772","2.9","United States"
"10423","CervoMed","CRVO","40972752","2.71","United States"
"10424","Takaful Oman Insurance SAOG","TAOI.OM","40909092","0.163636","Oman"
"10425","Sharqiyah Desalination Company SAOG","SHRQ.OM","40899086","0.418182","Oman"
"10426","Elutia","ELUT","40887820","0.9232","United States"
"10427","PAVmed","PAVM","40779180","5.1","United States"
"10428","TH International (Tims China)","THCH","40686388","1.27","China"
"10429","Clasquin SA","ALCLA.PA","40675187","0.712617","France"
"10430","Skycorp Solar Group","PN","40573568","2.75","China"
"10431","MoneyHero","MNY","40542892","0.9197","Singapore"
"10432","edding AG","EDD3.F","40508362","37.7447","Germany"
"10433","U.S. Global Investors","GROW","40437680","3.26","United States"
"10434","Mentice AB","MNTC.ST","40403472","1.43653","Sweden"
"10435","PlaySide Studios","PLY.AX","40379621","0.0889743","Australia"
"10436","Müller - Die lila Logistik","MLL.DE","40336397","5.07009","Germany"
"10437","Abundia Global Impact Group","AGIG","40267672","0.9147","United States"
"10438","AXIL Brands","AXIL","40253820","5.9","United States"
"10439","Enapter AG","H2O.DE","40241257","1.23832","Germany"
"10440","Adval Tech","ADVN.SW","40190694","55.0557","Switzerland"
"10441","Insurance House","IH.AE","40154414","0.35","United Arab Emirates"
"10442","Reading International","RDI","40057724","1.75","United States"
"10443","Nippon Ichi Software","3851.T","40039032","7.91247","Japan"
"10444","Dierig Holding AG","DIE.DE","40024402","9.75467","Germany"
"10445","Pixelworks","PXLW","39925992","6.6","United States"
"10446","Kartoon Studios","TOON","39810624","0.64","United States"
"10447","Acanthe Développement","ACAN.PA","39793346","0.240654","France"
"10448","Scilex Holding","SCLX","39746264","5.65","United States"
"10449","eHealth","EHTH","39720492","1.24","United States"
"10450","Wethaq Takaful Insurance Company K.S.C.P.","WETHAQ.KW","39330821","358.19","Kuwait"
"10451","SHL Telemedicine","SHLT","39255860","2.05","Israel"
"10452","Wolford","WOL.VI","39022773","2.64019","Austria"
"10453","Kuwait Real Estate Holding Company","ALAQARIA.KW","39022364","207.424","Kuwait"
"10454","Botanix Pharmaceuticals","BOT.AX","38958116","0.0142359","Australia"
"10455","Nutun Limited","NTU.JO","38790400","0.0496898","South Africa"
"10456","Gaia","GAIA","38392944","1.51","United States"
"10457","PetMed Express","PETS","38371676","1.77","United States"
"10458","Delticom AG","DEX.DE","38285934","2.61682","Germany"
"10459","The National Investor PRJSC","TNI.AE","38263404","0.16","United Arab Emirates"
"10460","The Energy House Holding Company","ENERGYH.KW","38232589","843.374","Kuwait"
"10461","Heritage Global","HGBL","38103388","1.1","United States"
"10462","Baird Medical Investment Holdings","BDMD","38058288","1.19","China"
"10463","geechs","7060.T","38013863","3.7417","Japan"
"10464","Dye &amp; Durham","DND.TO","37978143","0.565299","Canada"
"10465","Canacol Energy","CNE.TO","37737619","1.10603","Canada"
"10466","Sachem Capital","SACH","37596432","0.784","United States"
"10467","Orient Paper Mills","ORIENTPPR.NS","37564570","0.177036","India"
"10468","PAL Next AG","PAL.DE","37504633","1.09813","Germany"
"10469","HiPay Group","ALHYP.PA","37503308","5.95794","France"
"10470","Stock3 AG","BOG.DE","37420560","33.4112","Germany"
"10471","Beasley Broadcast Group","BBGI","37388516","20.18","United States"
"10472","NextNRG","NXXT","37345228","0.222","United States"
"10473","DATRON AG","DAR.DE","37325521","9.46262","Germany"
"10474","Zoomd Technologies","ZOMD.V","37255487","0.369619","Canada"
"10475","Qatar Oman Investment Company","QOIS.QA","37137362","0.206319","Qatar"
"10476","Kuwait Hotels Company K.S.C.P.","KHOT.KW","36991286","595.897","Kuwait"
"10477","Vivoryon Therapeutics","05Y.F","36844932","1.24416","Germany"
"10478","Diginex","DGNX","36667184","1.26","Hong Kong"
"10479","Mercor","MCR.WA","36634077","4.06123","Poland"
"10480","Enzo Biochem","ENZB","36587800","0.69887","United States"
"10481","Workhorse Group","WKHS","36501472","3.34","United States"
"10482","Al Faleh Educational Holding","FALH.QA","36461535","0.151923","Qatar"
"10483","Balco Group","BALCO.ST","36366220","1.57965","Sweden"
"10484","Muscat City Desalination Company","MCDE.OM","36362432","0.233766","Oman"
"10485","Al Maha Ceramics","AMCI.OM","36285715","0.65974","Oman"
"10486","Arabia Falcon Insurance Company (AFIC)","AFIC.OM","36222661","0.350649","Oman"
"10487","Shankara Building","SHANKARA.NS","36091715","1.48836","India"
"10488","ABO Energy","AB9.DE","35978663","3.90187","Germany"
"10489","SBF AG","CY1K.DE","35945537","3.70327","Germany"
"10490","Forsee Power","FORSE.PA","35917580","0.307137","France"
"10491","Mauna Kea Technologies","ALMKT.PA","35819565","0.183411","France"
"10492","United Cooperative Assurance Company","8190.SR","35796090","0.894902","Saudi Arabia"
"10493","Majan University College","BACS.OM","35742858","0.361039","Oman"
"10494","GenFlat Holdings","GFLT","35685552","2.723","United States"
"10495","Verimatrix","VMX.PA","35680675","0.408879","France"
"10496","Al Abraaj Restaurants Group","ABRAAJ.BH","35591994","0.530504","Bahrain"
"10497","LivePerson","LPSN","35531416","2.88","United States"
"10498","Actinium Pharmaceuticals","ATNM","35453744","1.13","United States"
"10499","Spruce Power","SPRU","35424024","1.84","United States"
"10500","Gala Incorporated","4777.T","35366223","1.26196","Japan"
"10501","genOway","ALGEN.PA","35316402","2.86215","France"
"10502","Asphere Innovations","AS.BK","35291055","0.0706886","Thailand"
"10503","Accuray","ARAY","35208980","0.2948","United States"
"10504","VirTra","VTSI","35090832","3.1","United States"
"10505","DIRTT Environmental Solutions","DRTT","35057372","0.3343","Canada"
"10506","Elbstein AG","EBS.HM","35046729","1.16822","Germany"
"10507","Lavoro","LVRO","34951524","0.304","Brazil"
"10508","Southland Holdings","SLND","34947436","0.642","United States"
"10509","Söktas Tekstil","SKTAS.IS","34934915","0.0698698","Turkey"
"10510","Ekttitab Holding Company K.S.C","EKTTITAB.KW","34860873","109.411","Kuwait"
"10511","Oman &amp; Emirates Investment Holding Co.","OEIHC.AE","34845134","0.27","Oman"
"10512","INTERSHOP Communications","ISHA.DE","34769222","1.83411","Germany"
"10513","VivoPower","VVPR","34755804","2.07","United Kingdom"
"10514","KLX Energy Services","KLXE","34675088","1.63","United States"
"10515","Axel Mark","3624.T","34617432","0.530022","Japan"
"10516","Westport Fuel Systems","WPRT","34572236","1.82","Canada"
"10517","Halloren Schokoladenfabrik","H2RB.HM","34515705","5.84112","Germany"
"10518","Knightscope","KSCP","34482800","1.46","United States"
"10519","LianBio","LIAN","34472096","0.319","United States"
"10520","Berentzen-Gruppe","BEZ.DE","34348427","3.65654","Germany"
"10521","Century Casinos","CNTY","34327984","1.22","United States"
"10522","Destination XL","DXLG","34252736","0.6197","United States"
"10523","NanoViricides","NNVC","34168868","1.34","United States"
"10524","CleanCore Solutions","ZONE","33890064","0.1527","United States"
"10525","Dalqan Real Estate Company","DALQAN.KW","33875237","561.178","Kuwait"
"10526","Varengold Bank AG","VG8.DE","33822668","3.36779","Germany"
"10527","NOMADAR","NOMA","33776600","2.21","United States"
"10528","The National Detergent Company SAOG","NDTI.OM","33766235","1.68831","Oman"
"10529","Koss","KOSS","33700520","3.56","United States"
"10530","IT Link SA","ALITL.PA","33415224","19.6846","France"
"10531","Artmarket.com","PRC.PA","33257577","5","France"
"10532","Barka Desalination Company","BRDE.OM","33151216","0.438961","Oman"
"10533","SW Umwelttechnik Stoiser &amp; Wolschner AG","SWUT.VI","33077056","45.5607","Austria"
"10534","Lilium","LILM","32897334","0.052","Germany"
"10535","BioLargo","BLGO","32873136","0.1","United States"
"10536","Cryo-Cell International","CCEL","32814986","4.07","United States"
"10537","PyroGenesis Canada","PYR.TO","32811037","0.144949","Canada"
"10538","Raydan Food","6012.SR","32744277","4.47717","Saudi Arabia"
"10539","Future Kid Entertainment and Real Estate Company","FUTUREKID.KW","32619046","286.552","Kuwait"
"10540","Ourgame International","6899.HK","32573268","0.030222","China"
"10541","Jaguar Uranium","JAGU","32511980","1.61","Canada"
"10542","Netgem","ALNTG.PA","32370521","0.96729","France"
"10543","Sporting Clube de Braga","SCB.LS","32242990","26.8692","Portugal"
"10544","Harvard Bioscience","HBIO","32230320","7.08","United States"
"10545","Pioneer Power Solutions","PPSI","32187872","2.9","United States"
"10546","Lument Finance Trust","LFT","31911564","0.608","United States"
"10547","Lantern Pharma","LTRN","31832524","2.49","United States"
"10548","Hoftex Group AG","NBH.MU","31803738","5.84112","Germany"
"10549","Crown Crafts","CRWS","31742848","2.95","United States"
"10550","Salem Media Group","SALM","31670764","1","United States"
"10551","Graines Voltz","GRVO.PA","31645850","21.3785","France"
"10552","Silicon Studio","3907.T","31574766","11.5027","Japan"
"10553","Softing AG","SYT.DE","31505395","2.88551","Germany"
"10554","Enviva","EVA","31273630","0.4198","United States"
"10555","Duxton Farms","DBF.AX","31264242","0.291836","Australia"
"10556","Tose Software","4728.T","31229465","4.12029","Japan"
"10557","illumin","ILLM.TO","31188985","0.594289","Canada"
"10558","Hunyvers","ALHUN.PA","31114745","8.06075","France"
"10559","Gulf General Cooperative Insurance Company","8260.SR","31001971","1.0334","Saudi Arabia"
"10560","Growens S.p.A.","GROW.MI","30995621","2.21963","Italy"
"10561","Warimpex Finanz- und Beteiligungs AG","WXF.VI","30895848","0.593458","Austria"
"10562","111, Inc.","YI","30877344","3.51","China"
"10563","Ascent Solar Technologies","ASTI","30823594","3.14","United States"
"10564","Aeria","3758.T","30812726","1.52066","Japan"
"10565","Live Ventures","LIVE","30747278","10.01","United States"
"10566","Genius Group","GNS","30692404","0.1599","Singapore"
"10567","Old Market Capital Corporation","OMCC","30678916","4.5","United States"
"10568","Sangamo Therapeutics","SGMO","30657374","0.074","United States"
"10569","Mercer International","MERC","30633942","0.4571","Canada"
"10570","STS Group","SF3.DE","30441589","4.71963","Germany"
"10571","Dhofar Tourism","DTCS.OM","30416416","2.14805","Oman"
"10572","Rockwell Medical","RMTI","30228488","7.5","United States"
"10573","Neo-Concept International Group","NCI","30125134","12.35","Hong Kong"
"10574","Loop Industries","LOOP","29983786","0.6203","Canada"
"10575","Hydrogen-Refueling-Solutions","ALHRS.PA","29983222","1.50701","France"
"10576","PopReach","INIK.V","29758751","0.050732","Canada"
"10577","Oman Chromite Company","OCCI.OM","29700001","8.18182","Oman"
"10578","BeyondSpring","BYSI","29688510","0.722","United States"
"10579","Delignit AG","DLX.DE","29674170","2.8972","Germany"
"10580","GenSight Biologics","SIGHT.PA","29583140","0.126168","France"
"10581","IGC Pharma","IGC","29495456","0.2853","United States"
"10582","Katapult Holdings","KPLT","29486360","5.93","United States"
"10583","Imugene","IMU.AX","29426500","0.0590789","Australia"
"10584","ecotel communication","E4C.DE","29386867","8.29439","Germany"
"10585","FingerTango","6860.HK","29351113","0.0153023","China"
"10586","Tubos Reunidos","TRG.MC","29244621","0.167991","Spain"
"10587","Quest Resource Holding","QRHC","29108142","1.38","United States"
"10588","TELA Bio","TELA","29046908","0.647","United States"
"10589","Spencer's Retail","SPENCERS.NS","29040984","0.322635","India"
"10590","Kyntra Bio","KYNB","28951236","7.15","United States"
"10591","Cel-Sci","CVM","28845940","1.64","United States"
"10592","Findi Limited","FND.AX","28818772","0.288277","Australia"
"10593","Nordic Mining ASA","NOM.OL","28729044","0.229689","Norway"
"10594","Duro Felguera","MDF.MC","28662659","0.293808","Spain"
"10595","Al Jazeira Services Co. SAOG","AJSS.OM","28599088","0.667533","Oman"
"10596","Ikegami Tsushinki","6771.T","28461191","4.24649","Japan"
"10597","Game Your Game","GYGY","28448732","1.77","United States"
"10598","Oman Chlorine","OCHL.OM","28417800","0.397403","Oman"
"10599","Auga Group AB","AUG1L.VS","28269448","0.120911","Lithuania"
"10600","Harte Hanks","HHS","28177026","3.78","United States"
"10601","Farmer Brothers","FARM","28089448","1.28","United States"
"10602","MariMed","MRMD","27809806","0.069","United States"
"10603","bet-at-home.com","ACX.DE","27629276","3.93692","Germany"
"10604","CROOZ","2138.T","27589210","2.88357","Japan"
"10605","PermRock Royalty Trust","PRT","27494554","2.26","United States"
"10606","GEE Group","JOB","27357802","0.249","United States"
"10607","CAVE Interactive","3760.T","27261885","4.52412","Japan"
"10608","HeartBeam","BEAT","27205380","0.4828","United States"
"10609","Wedia SA","ALWED.PA","27123623","31.7526","France"
"10610","DDC Enterprise","DDC","27086038","0.5701","Hong Kong"
"10611","Optimi Health Corp.","OPTH","27083352","4.73","Canada"
"10612","Zee Learn","ZEELEARN.NS","27041949","0.0825126","India"
"10613","Beam Global","BEEM","26863920","1.21","United States"
"10614","America's Car-Mart","CRMT","26683558","3.08","United States"
"10615","Cliq Digital AG","CLIQ.DE","26551906","4.53271","Germany"
"10616","Nebelhornbahn-Aktiengesellschaft","NHB0.MU","26534577","19.6262","Germany"
"10617","Zoom Telephonics","MINM","26534076","3.61","United States"
"10618","Snail Inc","SNAL","26509200","2.96","China"
"10619","Conduril - Engenharia","CDU.LS","26495196","14.7196","Portugal"
"10620","Bioceres Crop Solutions","BIOX","26464450","0.4147","Argentina"
"10621","Methaq Takaful Insurance Compnay","METHAQ.AE","26348039","0.18","United Arab Emirates"
"10622","Proximar Seafood","PROXI.OL","26345676","0.0503383","Norway"
"10623","Atossa Therapeutics","ATOS","26345348","2.64","United States"
"10624","Longeveron","LGVN","26216552","0.8223","United States"
"10625","Nok Air","NOKPF","26104308","0.007","Thailand"
"10626","Hoth Therapeutics","HOTH","26013596","1.36","United States"
"10627","COSOL Limited","COS.AX","25907724","0.142359","Australia"
"10628","BioXcel Therapeutics","BTAI","25902172","0.8274","United States"
"10629","LakeShore Biopharma","LSB","25840356","0.627","China"
"10630","Schlatter Industries AG","STRN.SW","25710400","23.2736","Switzerland"
"10631","AB INVL Baltic Farmland","INL1L.VS","25647042","7.94393","Lithuania"
"10632","CBL International","BANL","25547892","12.1","Malaysia"
"10633","Fun Yours Technology","6482.TWO","25466855","0.889378","Taiwan"
"10634","Arco Vara AS","ARC1T.TL","25464138","1.46612","Estonia"
"10635","Aytu BioScience","AYTU","25330370","2.36","United States"
"10636","Pineapple Financial","PAPL","25271196","1","Canada"
"10637","Cardlytics","CDLX","25085932","4.26","United States"
"10638","Local Bounti","LOCL","25016730","1.07","United States"
"10639","Latch","LTCH","25014086","0.151","United States"
"10640","WiMi Hologram Cloud","WIMI","25003674","1.36","China"
"10641","U10 Corp","ALU10.PA","24933827","1.46028","France"
"10642","Jasper Therapeutics","JSPR","24842786","0.7466","United States"
"10643","Zenvia","ZENV","24648802","0.4689","Brazil"
"10644","Barinthus Biotherapeutics","BRNS","24603288","0.6023","United Kingdom"
"10645","Prodways Group","ALPWG.PA","24600222","0.759346","France"
"10646","Radio City","RADIOCITY.NS","24439930","0.0695612","India"
"10647","Edia","3935.T","24352286","4.29065","Japan"
"10648","SPI Energy","SPI","24207974","0.766","United States"
"10649","Bahrain Flour Mills Company","BFM.BH","24042077","0.32626","Bahrain"
"10650","BeLive Holdings","BLIV","23902564","2.2","Singapore"
"10651","Innovatec","INC.MI","23886780","0.247664","Italy"
"10652","National Gas Company SAOG","NGCI.OM","23844156","0.280519","Oman"
"10653","Renalytix","RENX.L","23500747","0.0537752","United Kingdom"
"10654","TherapeuticsMD","TXMD","23495954","2.03","United States"
"10655","YanGuFang International Group","YGF","23462400","0.7332","China"
"10656","q.beyond","QBY.DE","23433715","0.940513","Germany"
"10657","YOC AG","YOC.DE","23393131","6.72897","Germany"
"10658","Reliance Communications","RCOM.NS","23387510","0.00846015","India"
"10659","pferdewetten.de AG","EMH.F","23360133","2.45327","Germany"
"10660","Al Sharqiya Investment Holdings Company","SIHC.OM","23142858","0.257143","Oman"
"10661","Muehlhan AG","M4N.HM","22737075","1.63551","Germany"
"10662","HUB Cyber Security","HUBC","22637174","0.6894","Israel"
"10663","ESS Tech","GWH","22600952","0.6855","United States"
"10664","Hepsor AS","HPR1T.TL","22533565","5.75935","Estonia"
"10665","Celularity","CELU","22519956","0.778","United States"
"10666","Orion Digital Corp.","ORIO","22455790","0.9519","Canada"
"10667","Cytosorbents","CTSO","22372018","0.356","United States"
"10668","Ashford Hospitality Trust","AHT","22363124","3.34","United States"
"10669","iomart Group","IOM.L","22345231","0.196722","United Kingdom"
"10670","Maternus-Kliniken","MAK.DE","22292874","1.06308","Germany"
"10671","United Gulf Investment Corporation","UGIC.BH","22281167","0.96817","Bahrain"
"10672","Urban One","UONE","22225830","4.92","United States"
"10673","A.S. Création Tapeten","ACWN.DE","22218250","8.06075","Germany"
"10674","MAG Interactive","MAGI.ST","22172721","0.835414","Sweden"
"10675","Cocrystal Pharma","COCP","22056364","1.145","United States"
"10676","Scandinavian Enviro Systems","SES.ST","21956217","0.0200372","Sweden"
"10677","Nordecon AS","NCN1T.TL","21845899","0.71028","Estonia"
"10678","Milkfood Limited","MLKFOOD.BO","21788421","0.851237","India"
"10679","Femasys","FEMY","21769682","2.71","United States"
"10680","DF Deutsche Forfait AG","DFTK.DE","21733544","1.82827","Germany"
"10681","Evolva Holding SA","EVE.SW","21656588","3.00304","Switzerland"
"10682","180 Life Sciences","ATNF","21620372","3.58","United States"
"10683","System1","SST","21606616","2.06","United States"
"10684","Retractable Technologies","RVP","21554756","0.72","United States"
"10685","Nectar Lifesciences","NECLIFE.NS","21547806","0.110922","India"
"10686","SIMPPLE","SPPL","21529608","2.2","Singapore"
"10687","Perpetuals.com","PDC","21339792","3.15","Japan"
"10688","Neuphoria Therapeutics","NEUP","21239886","3.93","United States"
"10689","Appirits","4174.T","21166806","5.23081","Japan"
"10690","Performance Shipping","PSHG","21134670","1.7","Greece"
"10691","Allbirds","BIRD","21134524","2.4","United States"
"10692","Biofrontera","BFRI","21090350","1.42","United States"
"10693","Barfresh Food Group","BRFH","21037542","1.29","United States"
"10694","Yunji","YJ","20933544","4.25","China"
"10695","Pyramid AG","M3B.DE","20868640","0.904662","Germany"
"10696","TENDA","4198.T","20763947","3.12965","Japan"
"10697","BoomBit","BBT.WA","20549997","1.48912","Poland"
"10698","Yuke's","4334.T","20291479","2.41034","Japan"
"10699","SM Wirtschaftsberatungs AG","SMWN.DE","20271962","5.09346","Germany"
"10700","Bahrain Family Leisure Company","FAMILY.BH","20209676","0.111406","Bahrain"
"10701","Mobix Labs","MOBX","20115230","1.185","United States"
"10702","Almaden Minerals","AAU","20102876","0.1465","Canada"
"10703","Passat SA","PSAT.PA","19993730","5.08455","France"
"10704","Arizona Metals","AMC.TO","19967651","0.144949","Canada"
"10705","DAVIDsTEA","DTEAF","19959598","0.653","Canada"
"10706","Werewolf Therapeutics","HOWL","19891596","0.4093","United States"
"10707","Beamr Imaging","BMR","19878214","1.28","Israel"
"10708","Offerpad","OPAD","19814270","4.1","United States"
"10709","Biosynex","ALBIO.PA","19680804","1.06776","France"
"10710","Borealis Foods","BRLS","19574536","0.912","Canada"
"10711","Ultimate Games","ULG.WA","19541027","3.73633","Poland"
"10712","Wolftank-Adisa Holding","WOLF.VI","19497695","3.69159","Austria"
"10713","Scienture Holdings","SCNX","19468510","0.4741","United States"
"10714","Real Good Food plc","RGF","19309624","1.25","United Kingdom"
"10715","Primech Holdings","PMEC","18974644","0.4939","Singapore"
"10716","SPAR Group","SGRP","18743050","0.66","United States"
"10717","Atlas Critical Minerals","ATCX","18706676","3.68","Brazil"
"10718","Omani Packaging Company","OPCI.OM","18534778","0.571429","Oman"
"10719","Elite Express","ETS","18388340","1.1","United States"
"10720","Avant Technologies Inc.","AVAI","18316072","0.119","United States"
"10721","Nymox Pharmaceutical","NYMX","18253022","0.2","Bahamas"
"10722","Lead Real Estate","LRE","18211938","1.335","Japan"
"10723","Forever Entertainment","8FE.SG","18176465","0.656542","Poland"
"10724","Sunrise New Energy","EPOW","18156272","0.4688","China"
"10725","Motorsport Gaming","MSGM","18125768","3.95","United States"
"10726","Palatin Technologies","PTN","18113020","10.18","United States"
"10727","UBAR Hotels & Resorts SAOG","UBAR.OM","18005728","0.327273","Oman"
"10728","Cyclerion Therapeutics","CYCN","17884198","4.13","United States"
"10729","Le Slip Français","ALLSF.PA","17877540","16.7056","France"
"10730","Teac Corporation","6803.T","17809617","0.618359","Japan"
"10731","Starbreeze","STAR-B.ST","17795924","0.0107713","Sweden"
"10732","Witbe S.A.","ALWIT.PA","17758902","4.32243","France"
"10733","Sphere 3D","ANY","17583728","2.02","Canada"
"10734","Murano Global Investments","MRNO","17538142","0.22","United Kingdom"
"10735","Citius Pharmaceuticals","CTXR","17501014","0.6375","United States"
"10736","VIA optronics AG","VIAO","17465854","0.2231","Germany"
"10737","KALA BIO","KALA","17405806","0.9","United States"
"10738","Energy Focus","EFOI","17324284","2.72","United States"
"10739","Dragonfly Energy","DFLI","17225624","1.15","United States"
"10740","Burgundy Diamond Mines","BDM.AX","17203315","0.0121005","Australia"
"10741","SODITECH","ALSEC.PA","17117423","7.52336","France"
"10742","Austin Gold","AUST","17116252","1.25","United States"
"10743","Tempest Therapeutics","TPST","17097970","1.07","United States"
"10744","FGI Industries","FGI","17033810","8.82","United States"
"10745","Games Operators","GOP.WA","16942062","3.08079","Poland"
"10746","Lipocine","LPCN","16900718","2.05","United States"
"10747","Netel Holding","NETEL.ST","16895027","0.348266","Sweden"
"10748","NJ Holdings","9421.T","16798355","3.17382","Japan"
"10749","Know Labs","KNW","16795408","2.24","United States"
"10750","Camber Energy","CEI","16771320","0.0954","United States"
"10751","SOS Limited","SOS","16758486","0.9223","China"
"10752","Inspira Technologies","IINN","16560119","0.38","Israel"
"10753","AltPlus","3672.T","16440362","0.182984","Japan"
"10754","J-Long Group","JL","16401017","4.36","Hong Kong"
"10755","Smith Micro Software","SMSI","16210653","2.9","United States"
"10756","FORIS AG","FRS.DE","16118838","3.52804","Germany"
"10757","Exyn Technologies","EXYN","16066993","2.02","United States"
"10758","GigaMedia","GIGM","16024636","1.4499","Taiwan"
"10759","Pensonic Holdings Berhad","9997.KL","16011152","0.107807","Malaysia"
"10760","Geratherm Medical","GME.DE","15995588","2.95561","Germany"
"10761","Dare Bioscience","DARE","15972905","0.8244","United States"
"10762","KAP AG","IUR.F","15970690","2.05607","Germany"
"10763","Astrotech","ASTC","15951857","7.94","United States"
"10764","All in! Games","ALG.WA","15894963","0.210188","Poland"
"10765","Forgame","0484.HK","15886196","0.094364","China"
"10766","uCloudlink Group","UCL","15743526","0.4133","Hong Kong"
"10767","Psychemedics","PMD","15738209","2.67","United States"
"10768","Regentis Biomaterials","RGNT","15663344","2.23","Israel"
"10769","ParaZero Technologies","PRZO","15619372","0.6024","Israel"
"10770","AppTech Payments","APCX","15541457","0.37","United States"
"10771","Trigon Metals","TM.V","15430727","0.28169","Canada"
"10772","National Biscuit Industries","NBII.OM","15327273","15.3273","Oman"
"10773","Cyngn","CYN","15288677","1.06","United States"
"10774","Flux Power","FLUX","15162310","0.7098","United States"
"10775","Turbo Energy","TURB","15141596","1.26","Spain"
"10776","Adial Pharmaceuticals","ADIL","15111997","5.755","United States"
"10777","Neonode","NEON","15084492","0.8988","Sweden"
"10778","Synlogic","SYBX","15066209","1.23","United States"
"10779","T Stamp Inc. (TrustStamp)","IDAI","15056907","2.67","United States"
"10780","Dolphin Entertainment","DLPN","14979383","1.15","United States"
"10781","Natural Health Trends","NHTC","14925457","1.74","United States"
"10782","iRobot","IRBT","14843741","0.4664","United States"
"10783","Office Properties Income Trust","OPI","14795239","0.2","United States"
"10784","Semilux International","SELX","14740593","0.34","Taiwan"
"10785","EMB Mission Bound AB (publ)","EMB.ST","14579511","0.0490859","Sweden"
"10786","Adaptimmune Therapeutics","ADAP","14551333","0.0549","United Kingdom"
"10787","Passage Bio","PASG","14512324","4.51","United States"
"10788","Bionano Genomics","BNGO","14485710","1.23","United States"
"10789","The Cannabist Company","CBSTF","14475953","0.0291","United States"
"10790","Muscat Insurance","MCTI.OM","14461424","1.31169","Oman"
"10791","iCandy Interactive","ICI.AX","14449613","0.0112852","Australia"
"10792","Senti Biosciences","SNTI","14420021","0.463","United States"
"10793","SeaStar Medical","ICU","14410370","3.27","United States"
"10794","The Glimpse Group","VRAR","14332026","0.68","United States"
"10795","Swvl Holdings","SWVL","14298833","1.435","United Arab Emirates"
"10796","HOOKIPA Pharma","HOOK","14232977","1.15","United States"
"10797","Natuzzi","NTZ","13988553","1.27","Italy"
"10798","Perrot Duval","PEDU.SW","13967688","103.855","Switzerland"
"10799","Halo Minerals PLC","HALO.L","13945992","0.125929","United Kingdom"
"10800","FingerMotion","FNGR","13905189","0.2268","United States"
"10801","KPS AG","KSC.DE","13845970","0.336449","Germany"
"10802","Intensity Therapeutics","INTS","13712491","4.2","United States"
"10803","GreenPower Motor Company","GP","13624375","1.59","Canada"
"10804","BrainStorm Cell Therapeutics","BCLI","13462426","1.22","United States"
"10805","U Power","UCAR","13454645","0.5804","China"
"10806","Phio Pharmaceuticals","PHIO","13359838","1.15","United States"
"10807","WeTrade Group","WETG","13256907","5.05","China"
"10808","BioLineRx","BLRX","13183275","2.93","Israel"
"10809","Reed's, Inc.","REED","13161366","1.11","United States"
"10810","Thunderful Group","THUNDR.ST","12968314","0.0317955","Sweden"
"10811","Future Retail","FRETAIL.NS","12913819","0.0238138","India"
"10812","Gaming Corps","GCOR.ST","12890514","0.0886302","Sweden"
"10813","Maxeon Solar Technologies","MAXN","12857045","0.7593","Singapore"
"10814","Arrive AI","ARAI","12828986","0.2473","United States"
"10815","Alarum Technologies","ALAR","12786957","1.74","Israel"
"10816","Upland Software","UPLD","12775066","4.32","United States"
"10817","Srei Infrastructure Finance","SREINFRA.NS","12675992","0.03","India"
"10818","WonderPlanet","4199.T","12660588","4.9658","Japan"
"10819","Zwahlen &amp; Mayr SA","ZWM.SW","12648807","180.182","Switzerland"
"10820","Mynet","3928.T","12627474","1.47649","Japan"
"10821","AS Amber Latvijas balzams","BAL1R.RG","12524027","1.67056","Latvia"
"10822","Financial Services Company SAOG","FSCI.OM","12467533","0.623377","Oman"
"10823","Rail Vision","RVSN","12342233","5.63","Israel"
"10824","Digital Hollywood Interactive","2022.HK","12340411","0.00663099","China"
"10825","Rocky Mountain Chocolate Factory","RMCF","12271463","1.3","United States"
"10826","Inuvo","INUV","12148029","0.737","United States"
"10827","Maris Tech","MTEK","11993695","1.15","Israel"
"10828","Bertelsmann SE & Co. KGaA","BTG.F","11990120","143.149","Germany"
"10829","Reborn Coffee","REBN","11827376","1.44","United States"
"10830","Urgent.ly Inc.","ULY","11787284","5.38","United States"
"10831","Global Mofy AI","GMM","11761219","2.64","China"
"10832","Mobcast","3664.T","11749089","0.138815","Japan"
"10833","Air Industries Group","AIRI","11690086","2.41","United States"
"10834","Clean Energy Technologies","CETY","11680678","0.9601","United States"
"10835","Jump Networks","JUMPNET.NS","11669324","0.12","India"
"10836","Sohar Power Company SAOG","SHPS.OM","11480520","0.574026","Oman"
"10837","Cambium Networks","CMBM","11325767","0.401","United States"
"10838","PDS Biotechnology","PDSB","11233447","0.2007","United States"
"10839","Construction Materials Industries","CMII.OM","11201299","0.179221","Oman"
"10840","CISO Global","CISO","11149233","0.2449","United States"
"10841","Modern Dairies Limited","MODAIRY.BO","11131308","0.391674","India"
"10842","Muscat Gas Company","MGMC.OM","11064935","0.368831","Oman"
"10843","Sláturfélags Suðurlands","SFS-B.IC","11016720","0.020649","Iceland"
"10844","Guardforce AI","GFAI","10840119","0.3453","Singapore"
"10845","Skye Bioscience","SKYE","10835410","0.3059","United States"
"10846","VistaGen Therapeutics","VTGN","10832404","0.2441","United States"
"10847","Muscat Thread Mill","MTMI.OM","10814521","0.584416","Oman"
"10848","Netmarble Joybomb","6468.TWO","10795915","0.94","Taiwan"
"10849","Cielo Waste Solutions","CMC.V","10693454","0.050732","Canada"
"10850","CytoMed Therapeutics","GDTC","10649551","0.9","Singapore"
"10851","SINTX Technologies","SINT","10596609","1.59","United States"
"10852","Asmallworld AG","ASWN.SW","10585658","0.731991","Switzerland"
"10853","Phoenix Motor","PEV","10575262","0.23","United States"
"10854","Bullfrog AI","BFRG","10568742","0.57","United States"
"10855","Mainz Biomed","MYNZ","10564195","0.8441","Germany"
"10856","AMASS Brands Inc.","AMSS","10510370","0.92","United States"
"10857","Nacon","NACON.PA","10309565","0.0946262","France"
"10858","Renegade Gold","RAGE.V","10163959","0.25366","Canada"
"10859","Lunai Bioworks","LNAI","10065236","2.22","United States"
"10860","Mixed Martial Arts Group Limited (MMA)","MMA","10063745","0.38","Australia"
"10861","Ryvyl Inc.","RVYL","9994965","7.81","United States"
"10862","HeartSciences Inc.","HSCS","9924205","2.545","United States"
"10863","AEON Biopharma","AEON","9896746","0.1984","United States"
"10864","hGears AG","HGEA.DE","9841121","0.946262","Germany"
"10865","CR Energy","CRZK.DE","9722563","0.413551","Germany"
"10866","Vivid Games","VVD.WA","9593124","0.172738","Poland"
"10867","Superior Industries International","SUP","9576233","0.3249","United States"
"10868","Quoin Pharmaceuticals","QNRX","9479733","4.72","United States"
"10869","Dhofar Beverages and Foodstuff Company","DBCI.OM","9454546","0.472727","Oman"
"10870","Carver Bancorp","CARV","9387187","1.61","United States"
"10871","Groupe Airwell","ALAIR.PA","9315908","1.5479","France"
"10872","Infinities Tech (Jiu Zun Digital)","1961.HK","9270096","0.0126244","China"
"10873","InterServ International","6169.TWO","9263891","0.395977","Taiwan"
"10874","Solo Brands","SBDS","9244836","3.6","United States"
"10875","Gaxos.ai","GXAI","9173768","0.8538","United States"
"10876","SUNation Energy Inc.","SUNE","9153440","2.22","United States"
"10877","Voltage","3639.T","9120561","1.40077","Japan"
"10878","Trio Petroleum","TPET","9057166","0.2046","United States"
"10879","Trinity Biotech","TRIB","8952584","11.01","Ireland"
"10880","GoHealth","GOCO","8937260","0.305","United States"
"10881","HydrogenPro ASA","HYPRO.OL","8911962","0.0643987","Norway"
"10882","Imunon","IMNN","8866017","1.58","United States"
"10883","Linekong Interactive","8267.HK","8858064","0.0239736","China"
"10884","CCSC Technology International Holdings","CCTG","8848849","0.6516","Hong Kong"
"10885","Wellgistics Health","WGRX","8847256","3.52","United States"
"10886","Northann Corp","NCL","8543560","0.159","United States"
"10887","reAlpha Tech","AIRE","8473356","1.44","United States"
"10888","Aprea Therapeutics","APRE","8448652","0.671","United States"
"10889","SeaChange International","SEAC","8398952","3.25","United States"
"10890","Soligenix","SNGX","8294824","0.3811","United States"
"10891","Trinseo","TSE","8278525","0.23","United States"
"10892","Versus Systems","VS","8262819","1.33","Canada"
"10893","Vislink Technologies","VISL","8231893","3.32","United States"
"10894","Astro Corporation","3064.TWO","8014626","0.615965","Taiwan"
"10895","Groupe OKwind","ALOKW.PA","7977005","0.28972","France"
"10896","FibroBiologics","FBLG","7923250","1.19","United States"
"10897","Xenetic Biosciences","XBIO","7873088","3.36","United States"
"10898","enish","3667.T","7767394","0.170364","Japan"
"10899","Polar Resources AS","POLAR.OL","7648877","0.536656","Norway"
"10900","Ensysce Biosciences","ENSC","7549236","0.388","United States"
"10901","AlphaTON Capital Corp","ATON","7499068","0.32","British Virgin Islands"
"10902","Can Fite Biopharma","CANF","7456063","3.48","Israel"
"10903","Signing Day Sports","SGN","7408163","0.5401","United States"
"10904","Addex Therapeutics","ADXN","7341895","5.8","Switzerland"
"10905","AS Latvijas Juras medicinas centrs","LJM1R.RG","7335998","9.17","Latvia"
"10906","HomeBiogas","HMGS.TA","7282104","0.256987","Israel"
"10907","AIM ImmunoTech","AIM","7251317","0.2382","United States"
"10908","Gaming Factory","GIF.WA","7240333","1.19129","Poland"
"10909","American Uranium Limited","AMU.AX","7232492","0.05552","Australia"
"10910","Al Madina Investment Holding Co. SAOG","AMII.OM","7164676","0.166234","Oman"
"10911","enVVeno Medical Corporation","NVNO","7154926","10.48","United States"
"10912","Oncodesign Precision Medicine","ALOPM.PA","7038894","0.369159","France"
"10913","authID","AUID","7022542","0.42","United States"
"10914","Maisons du Monde","MDM.PA","7006286","0.18163","France"
"10915","Super League Enterprise","SLE","6983894","4.12","United States"
"10916","Ohmyhome","OMH","6974284","0.0826","Singapore"
"10917","Co-Diagnostics","CODX","6877551","1.1","United States"
"10918","Gauzy","GAUZ","6869359","0.3665","United States"
"10919","AquaBounty Technologies","AQB","6845781","1.33","United States"
"10920","Hepion Pharmaceuticals","HEPA","6766449","0.075","United States"
"10921","OLB Group","OLB","6749445","0.2809","United States"
"10922","VolitionRx","VNRX","6662264","0.4881","United States"
"10923","Eduform'action","ALEFA.PA","6639097","0.338785","France"
"10924","Novaturas AB","NTU1L.VS","6555755","0.845794","Lithuania"
"10925","Sonoma Pharmaceuticals","SNOA","6512258","1.36","United States"
"10926","Al Khazna Insurance","AKIC.AE","6481481","0.06","United Arab Emirates"
"10927","NuCana","NCNA","6451055","1.55","United Kingdom"
"10928","Nauticus Robotics","KITT","6431116","0.8607","United States"
"10929","Mangoceuticals","MGRX","6403202","0.4181","United States"
"10930","Don't Nod Entertainment","ALDNE.PA","6359618","0.490654","France"
"10931","Aurora Energy Metals","1AE.AX","6245372","0.0348779","Australia"
"10932","Global Interactive Technologies","GITS","6209411","1.69","South Korea"
"10933","TPI Composites","TPIC","6193621","0.1271","United States"
"10934","Techstep ASA","TECH.OL","6174586","0.177096","Norway"
"10935","SurgePays","SURG","6157377","0.2451","United States"
"10936","Polar Power","POLA","6124177","1.59","United States"
"10937","Leslie's","LESL","6112845","0.6527","United States"
"10938","Magic Empire Global (Giraffe Capital)","MEGL","6026220","1.19","Hong Kong"
"10939","Bakhu Holdings","BKUH","6026059","0.02","United States"
"10940","iSpecimen","ISPC","5994244","2.38","United States"
"10941","AHT Syngas Technology","3SQ1.DE","5962652","2.24299","Germany"
"10942","Nordic Fibreboard AS","SKN1T.TL","5957286","0.700935","Estonia"
"10943","Orangekloud Technology","ORKT","5956565","1.02","Singapore"
"10944","Gelteq Limited","GELS","5954277","0.5559","Australia"
"10945","Innovative Eyewear","LUCY","5862862","0.681","United States"
"10946","Locafy","LCFY","5791627","2.58","Australia"
"10947","Focus Universal","FCUV","5734399","8.16","United States"
"10948","Treasure Global","TGL","5708109","2.92","Malaysia"
"10949","Superior Resources","SPQ.AX","5638845","0.00213538","Australia"
"10950","Socket Mobile","SCKT","5598543","0.6752","United States"
"10951","Masonglory","MSGY","5595810","2.64","Hong Kong"
"10952","Pulmatrix","PULM","5551473","1.52","United States"
"10953","cbdMD","YCBD","5490472","0.49","United States"
"10954","Lucas GC","LGCL","5485729","0.1282","China"
"10955","BioAtla","BCAB","5448147","3.27","United States"
"10956","CaliberCos","CWD","5432212","0.5231","United States"
"10957","DSS, Inc. (Document Security Systems)","DSS","5382790","0.536","United States"
"10958","Nitro Games","NITRO.ST","5337660","0.214154","Finland"
"10959","Perfect Moment","PMNT","5320253","0.1","United Kingdom"
"10960","Lakewood-Amedex Biotherapeutics","LABT","5308101","2.24","United States"
"10961","Hydrofarm","HYFM","5301255","1.1","United States"
"10962","Origin Materials","ORGN","5228483","0.9501","United States"
"10963","Predilife","ALPRE.PA","5201831","1.32009","France"
"10964","Omani Euro Food Industries","OEFI.OM","5194805","2.5974","Oman"
"10965","Big Cheese Studio","BCS.WA","5189098","1.25492","Poland"
"10966","Talis Biomedical","TLIS","5176808","2.84","United States"
"10967","Phaos Technology Holdings","POAS","5174651","0.1639","Singapore"
"10968","Eterna Therapeutics","ERNA","5166855","4.43","United States"
"10969","Cadrenal Therapeutics","CVKD","5081691","1.64","United States"
"10970","Moolec Science","MLEC","5046520","6.95","Luxembourg"
"10971","Sonim Technologies","SONM","5031012","3.38","United States"
"10972","Gameone","8282.HK","5015321","0.0879881","Hong Kong"
"10973","Aterian","ATER","5011342","0.4619","United States"
"10974","Brüder Mannesmann AG","BMM.F","4994159","1.10981","Germany"
"10975","Beyond Air","XAIR","4989257","5.21","United States"
"10976","Galmed Pharmaceuticals","GLMD","4968265","4.77","Israel"
"10977","Cheetah Net Supply Chain Service","CTNT","4960244","1.57","United States"
"10978","East Side Games","EAGR.TO","4955937","0.0471083","Canada"
"10979","Urban-gro","UGRO","4942725","3.15","United States"
"10980","Cyabra, Inc.","CYAB","4927180","0.28","United States"
"10981","DigiAsia Corp","FAAS","4897831","0.0807","Indonesia"
"10982","Vertex Energy","VTNR","4872095","0.0521","United States"
"10983","Fragbite Group","FRAG.ST","4846680","0.600056","Sweden"
"10984","Cemtrex","CETX","4819194","2.8","United States"
"10985","ManyDev Studio","MAN.WA","4769945","0.166781","Poland"
"10986","Reitar Logtech Holdings","RITR","4764458","0.0763","Hong Kong"
"10987","SaverOne 2014","SVRE","4737557","2.85","Israel"
"10988","Auric Minerals","AUMC.CN","4725852","0.0797217","Canada"
"10989","Biomerica","BMRA","4697209","1.52","United States"
"10990","Kidpik","PIK","4644903","2.38","United States"
"10991","BioNexus Gene Lab","BGLC","4605504","1.57","Malaysia"
"10992","Alaunos Therapeutics","TCRT","4591234","1.88","United States"
"10993","Cloudastructure","CSAI","4562903","5.26","United States"
"10994","Jaguar Health","JAGX","4538684","0.9243","United States"
"10995","Top Ships","TOPS","4528653","0.8172","Greece"
"10996","Mallinckrodt Pharmaceuticals","MNK","4520986","0.3402","United Kingdom"
"10997","Addentax Group","ATXG","4440962","3.77","China"
"10998","DataMEDS AI","MEDS","4378544","1.43","United States"
"10999","Bark, Inc.","BARK","4377870","0.5066","United States"
"11000","BIO-key International","BKYI","4337759","3.02","United States"
"11001","CASI Pharmaceuticals","CASI","4263766","0.2075","United States"
"11002","QVC Group","QVCGA","4255453","0.34","United States"
"11003","Utenos Trikotazas AB","UTR1L.VS","4218621","0.443925","Lithuania"
"11004","Curis","CRIS","4171134","1.72","United States"
"11005","Webuy Global","WBUY","4166187","0.7601","Singapore"
"11006","Aquaporin","AQP.CO","4140268","0.0906825","Denmark"
"11007","Jianzhi Education Technology Group","JZ","4094132","1.7","China"
"11008","Tivic Health Systems","TIVC","4029097","1.4","United States"
"11009","Allurion Technologies","ALUR","4001668","4","United States"
"11010","VERSES AI","VERS.NE","3944947","0.275402","Canada"
"11011","PunkPirates","PUN.WA","3942991","0.13","Poland"
"11012","Sabre Resources","SBR.AX","3905454","0.00427077","Australia"
"11013","Mynaric","M0YN.DE","3874750","0.613256","Germany"
"11014","Farmmi","FAMI","3852365","0.1029","China"
"11015","Redhill Biopharma","RDHL","3818818","0.628","Israel"
"11016","Gulf International Chemicals","GICI.OM","3763636","0.179221","Oman"
"11017","Titan Medical","TMD.TO","3724444","0.0326591","Canada"
"11018","Nuwellis","NUWE","3714906","1.17","United States"
"11019","VivoSim Labs","VIVS","3713265","0.2773","United States"
"11020","Avalon GloboCare","ALBT","3707637","0.282","United States"
"11021","Qiiwi Games","QIIWI.ST","3706681","0.400744","Sweden"
"11022","Atlantic Sapphire","ASA.OL","3617360","0.100891","Norway"
"11023","Expion360","XPON","3574466","3.75","United States"
"11024","BigBen Interactive","BIG.PA","3545202","0.191355","France"
"11025","Matinas BioPharma","MTNB","3540963","0.241","United States"
"11026","Boxlight","BOXL","3477117","5.21","United States"
"11027","Golden Sun Education Group","GSUN","3459960","0.345","China"
"11028","IO Biotech","IOBT","3453544","0.048","Denmark"
"11029","Unity Biotechnology","UBX","3444161","0.2001","United States"
"11030","Veganz Group","VEZ.DE","3415443","1.47196","Germany"
"11031","National Aluminium Products Company SAOG","NAPI.OM","3317263","0.387013","Oman"
"11032","bioAffinity Technologies","BIAF","3313605","0.409","United States"
"11033","Eagle Pharmaceuticals","EGRX","3289388","0.25","United States"
"11034","Wolverine Energy and Infrastructure","WEII.V","3274071","0.03","Canada"
"11035","ShiftPixy","PIXY","3265294","6.53","United States"
"11036","MindMaze Therapeutics","V6M.F","3241036","0.252336","Switzerland"
"11037","VS Media","VSME","3207481","1.16","Hong Kong"
"11038","Golden Minerals","AUMN","3182140","0.21","United States"
"11039","Futura Medical","FUM.L","3173584","0.0054592","United Kingdom"
"11040","Forza X1","FRZA","3150960","0.2","United States"
"11041","AS Trigon Property Development","TPD1T.TL","3090475","0.686916","Estonia"
"11042","PainReform","PRFX","3072248","1.01","Israel"
"11043","KMC Properties","KMCP.OL","3028471","2.49568","Norway"
"11044","Advent Technologies","ADN","3023365","0.9185","United States"
"11045","Edible Garden","EDBL","2985808","1.53","United States"
"11046","AS Siguldas Ciltslietu Un Maksligas Apseklosanas Stacija","SCM1R.RG","2985703","7.06776","Latvia"
"11047","ATI Physical Therapy","ATIP","2977762","0.675","United States"
"11048","Affimed","AFMD","2975202","0.1815","Germany"
"11049","Fly-E Group","FLYE","2889323","1.77","United States"
"11050","Sleep Number","SNBR","2881125","0.125","United States"
"11051","Marin Software","MRIN","2863609","0.8981","United States"
"11052","Foresight Autonomous Holdings","FRSX","2804227","1.17","Israel"
"11053","Inotiv","NOTV","2787563","0.0799","United States"
"11054","Réalités","ALREA.PA","2773217","0.584112","France"
"11055","CS Diagnostics","CSDX","2749914","0.011","Germany"
"11056","The Payments Group Holding","PGH.DE","2730140","0.239486","Germany"
"11057","PREIT (Pennsylvania Real Estate Investment Trust)","PRET","2690436","0.4974","United States"
"11058","Vaccinex","VCNX","2676637","1","United States"
"11059","Xilio Therapeutics","XLO","2676465","0.5101","United States"
"11060","Staffing 360 Solutions","STAF","2654640","1.615","United States"
"11061","Sonendo","SONX","2620738","0.55","United States"
"11062","Propanc Biopharma","PPCB","2597343","1.14","Australia"
"11063","EZGO Technologies","EZGO","2559548","1.11","China"
"11064","PMGC Holdings","ELAB","2545863","0.5603","United States"
"11065","Virax Biolabs","VRAX","2534422","3.18","United Kingdom"
"11066","Agape ATP","ATPC","2501565","2.5","Malaysia"
"11067","Cherry SE","C3RY.DE","2483937","0.408879","Germany"
"11068","Erayak Power Solution","RAYA","2478568","2.35","China"
"11069","AS PRFoods","PRF1T.TL","2438820","0.0647196","Estonia"
"11070","LM Funding America","LMFA","2430118","2.6","United States"
"11071","Globavend","GVH","2415472","1","Australia"
"11072","Oragenics","OGEN","2392239","0.5302","United States"
"11073","Jet.AI","JTAI","2388491","1.68","United States"
"11074","VCI Global","VCIG","2285017","0.2461","Malaysia"
"11075","Videndum Plc","VID.L","2271782","4.38517","United Kingdom"
"11076","REE Automotive","REE","2239673","0.0769","Israel"
"11077","Sow Good","SOWG","2203871","0.1099","United States"
"11078","Akanda","AKAN","2195814","4.06","United Kingdom"
"11079","Clearside Biomedical","CLSD","2145948","0.41","United States"
"11080","Alligator Bioscience AB","ATORX.ST","2110903","0.00336074","Sweden"
"11081","Direct Digital Holdings","DRCT","2103144","2.62","United States"
"11082","Blue Hat Interactive Entertainment Technology","BHAT","2091312","0.675","China"
"11083","Greenlane Holdings, Inc.","GNLN","2076686","2.99","United States"
"11084","Azitra","AZTR","2027293","0.1252","United States"
"11085","Genprex","GNPX","2014694","3.99","United States"
"11086","Jeffs' Brands","JFBR","2011480","3.08","Israel"
"11087","22nd Century Group","XXII","2001299","3.98","United States"
"11088","Playgon Games","DEAL.V","1997695","0.00362371","Canada"
"11089","Incannex Healthcare","IXHL","1994700","0.167","Australia"
"11090","Mobile-health Network Solutions","MNDR","1982933","1.66","Singapore"
"11091","NEXT Biometrics Group ASA","NEXT.OL","1982604","0.0319847","Norway"
"11092","Aethlon Medical","AEMD","1976958","2.78","United States"
"11093","KMD Brands","KMD.NZ","1965548","0.0414161","New Zealand"
"11094","Cutera","CUTR","1956013","0.0969","United States"
"11095","Airesis SA","AIRE.SW","1849868","0.0298641","Switzerland"
"11096","Cue Biopharma","CUE","1804119","0.5542","United States"
"11097","Netcapital","NCPL","1799523","0.2293","United States"
"11098","G Medical Innovations","GMVD","1776616","0.181","Israel"
"11099","Trinity Place Holdings","TPHS","1770066","0.0268","United States"
"11100","SolarMax Technology","SMXT","1766948","0.3726","United States"
"11101","Integrated Media Technology Limited","IMTE","1715290","0.4977","Australia"
"11102","Alkaline Water Company","WTER","1709285","0.048","United States"
"11103","Sonder Holdings","SOND","1680861","0.1263","United States"
"11104","VIP Gloves","VIP.AX","1680079","0.00213538","Malaysia"
"11105","Traeger","COOK","1642351","0.5983","United States"
"11106","CorEnergy Infrastructure Trust","CORR","1627350","0.0198","United States"
"11107","Maison Solutions","MSS","1619202","1.86","United States"
"11108","Maximum Entertainment","8R7.F","1600178","0.0313084","Sweden"
"11109","Iterum Therapeutics","ITRM","1598747","0.03","Ireland"
"11110","Synergy CHC","SNYR","1594287","0.107","United States"
"11111","Lazydays Holdings","GORV","1573084","0.4211","United States"
"11112","SOBR Safe","SOBR","1551330","0.5393","United States"
"11113","Benson Hill","BHIL","1522391","0.249","United States"
"11114","Haoxi Health Technology","HAO","1405923","3.84","China"
"11115","Davis Commodities","DTCK","1368533","1","Singapore"
"11116","Argo Blockchain","ARBK","1265863","3.79","United Kingdom"
"11117","MEP Infrastructure","MEP.NS","1264577","0.00689345","India"
"11118","Purple Innovation","PRPL","1261071","0.2897","United States"
"11119","Actelis Networks","ASNS","1240016","0.043","United States"
"11120","La Rosa Holdings","LRHC","1212305","0.5826","United States"
"11121","Starbox Group","STBX","1135952","2.11","Malaysia"
"11122","Altamira Therapeutics","CYTO","1133556","0.3","Bermuda"
"11123","Solar Integrated Roofing","SIRC","1097545","0.0001","United States"
"11124","Arcadia Biosciences","RKDA","1064871","0.442","United States"
"11125","Evofem Biosciences","EVFM","1060240","0.008","United States"
"11126","Danimer Scientific","DNMR","1056961","0.35","United States"
"11127","Freight Technologies, Inc.","FRGT","1006940","1.76","United States"
"11128","LMP Automotive Holdings","LMPX","981789","0.09","United States"
"11129","Society Pass","SOPA","977918","0.076","Singapore"
"11130","IM Cannabis","IMCC","955753","0.106","Israel"
"11131","Wheeler Real Estate Investment Trust","WHLR","935116","0.3722","United States"
"11132","Lucy Scientific Discovery","LSDI","906910","0.5139","Canada"
"11133","Quince Therapeutics","QNCX","900311","0.9206","United States"
"11134","Aker Horizons","AKH.OL","898279","0.0013012","Norway"
"11135","iEntertainment Network","IENT","876829","0.0067","United States"
"11136","zSpace","ZSPC","873314","0.182","United States"
"11137","BNB Plus Corp.","BNBX","867611","0.14","United States"
"11138","Vivakor","VIVK","856673","1.17","United States"
"11139","Baosheng Media Group","BAOS","799467","0.521","China"
"11140","Kuuhubb","KUU.V","712506","0.01","Canada"
"11141","Solid Clouds","SOLID.IC","702238","0.000979352","Iceland"
"11142","Yellow Corporation","YELLQ","693890","0.0102","United States"
"11143","EUDA Health","EUDA","692066","0.3661","Singapore"
"11144","Tapinator","TAPM","673183","0.247","United States"
"11145","iPower","IPW","655596","3.12","United States"
"11146","Xiao-I","AIXI","653617","0.71","China"
"11147","Tevogen Bio","TVGN","627896","0.1551","United States"
"11148","Playground Ventures","PLAY.CN","611987","0.00724743","Canada"
"11149","Sozap","SOZAP.ST","602380","0.0270876","Sweden"
"11150","OceanPal","SVRN","600425","0.3501","Greece"
"11151","Lifeward","LFWD","583724","0.3829","Israel"
"11152","Aptorum Group","APM","570062","0.7","Hong Kong"
"11153","T-Bull","TBL.WA","541471","0.455666","Poland"
"11154","Kaival Brands Innovations","KAVL","488385","0.025","United States"
"11155","Ayr Wellness","AYRWF","432062","0.0037","United States"
"11156","Ontrak","OTRK","425780","0.0601","United States"
"11157","ProPhase Labs","PRPH","420486","0.03","United States"
"11158","Global Bioenergies","ALGBE.PA","396471","0.0218702","France"
"11159","FBR Limited","FBR.AX","389553","0.00279642","Australia"
"11160","Viracta Therapeutics","VIRX","388698","0.00978","United States"
"11161","Greene Concepts","INKW","376258","0.0059","United States"
"11162","Impac Mortgage Holdings","IMPM","365688","0.01","United States"
"11163","VYNE Therapeutics","VYNE","339859","0.509","United States"
"11164","Kaixin Holdings","KXIN","339208","5.6","China"
"11165","ATARI","ALATA.PA","336738","0.120426","France"
"11166","Onfolio Holdings","ONFO","333712","2.37","United States"
"11167","NantHealth","NHIQ","329655","0.012","United States"
"11168","GAME HOURS","6626.TWO","285836","0.0972769","Taiwan"
"11169","Vicarious Surgical","RBOT","270991","0.038","United States"
"11170","Leafly Holdings","LFLY","232138","37","United States"
"11171","Aker Carbon Capture","ACC.OL","212397","0.00035151","Norway"
"11172","Trulite","TRUL","212013","0.0001","United States"
"11173","Ampio Pharmaceuticals","AMPE","207884","0.1831","United States"
"11174","Fintech Scion (FintechCashier)","FINR","198743","0.001","United Kingdom"
"11175","CXApp","CXAI","194174","0.089","United States"
"11176","Meyer Burger Technology","MBTN.SW","192618","0.00608813","Switzerland"
"11177","BloomZ","BLMZ","187531","0.128","United States"
"11178","Ocean Biomedical","OCEA","185892","0.0008","United States"
"11179","Wearable Health Solutions","WHSI","182670","0.0001","United States"
"11180","Faraday Future","FFAI","174605","0.0717","United States"
"11181","Petros Pharmaceuticals","PTPI","169489","0.004","United States"
"11182","Hallmark Financial Services","HALL","145478","0.08","United States"
"11183","Vinco Ventures","BBIG","130000","0.01","United States"
"11184","Cenntro Inc.","CENN","113554","0.0775","United States"
"11185","Loop Media","LPTV","103383","0.0007","United States"
"11186","Carisma Therapeutics","CARM","96243","0.0023","United States"
"11187","Esports Entertainment","GMBL","92824","0.081","Malta"
"11188","PaxMedica","PXMD","88385","0.0007","United States"
"11189","Mobile Global Esports (Mogo)","MGAM","75457","0.001","United States"
"11190","Remark Holdings","MARK","74282","0.0012","United States"
"11191","Epiminder","EPI.AX","70944","0.327425","Australia"
"11192","Vincerx Pharma","VINC","68045","0.013","United States"
"11193","AiRWA Inc.","YYAI","62160","1.18","United States"
"11194","ToughBuilt Industries","TBLT","47699","0.011","United States"
"11195","Novo Integrated Sciences","NVOS","42420","0.00215","United States"
"11196","Presto Automation","PRST","41851","0.0001","United States"
"11197","Compleo Charging Solutions","C0M.F","38496","0.00759346","Germany"
"11198","Adler Group","ADJ.DE","34993","0.000230787","Luxembourg"
"11199","Exela Technologies","XELA","30526","0.0011","United States"
"11200","Gaming Technologies (Gametech)","GMGT","27420","0.0006","United States"
"11201","Gamer Pakistan","GPAK","15347","0.0006","United States"
"11202","Movella","MVLA","15272","0.0003","United States"
"11203","T2 Biosystems","TTOO","14022","0.0005","United States"
"11204","Vaxxinity","VAXX","12678","0.0001","United States"
"11205","Syros Pharmaceuticals","SYRS","10732","0.0004","United States"
"11206","Trevena","TRVN","9501","0.011","United States"
"11207","4Front Ventures","FFNTF","9152","1.0E-5","United States"
"11208","Triterras","TRIRF","7652","0.0001","Singapore"
"11209","Freeze Tag","FRZT","7505","0.0001","United States"
"11210","USD Partners","USDP","6754","0.0002","United States"
"11211","Stryve Foods","SNAX","4792","0.0011","United States"
"11212","Adamas One","JEWL","3804","0.0001","United States"
"11213","eFFECTOR Therapeutics","EFTR","3763","0.0008","United States"
"11214","Virtual Interactive Technologies","VRVR","2475","0.0003","Bermuda"
"11215","Viveve Medical","VIVE","2144","0.0002","United States"
"11216","Lipella Pharmaceuticals","LIPO","1848","0.0004","United States"
"11217","Grom Social Enterprises","GROM","1804","0.0002","United States"
"11218","Telesis Bio","TBIO","1775","0.001","United States"
"11219","Hempacco","HPCO","1184","0.0002","United States"
"11220","Minerva Surgical","UTRS","887","0.0001","United States"
"11221","Lyra Therapeutics","LYRA","709","0.0004","United States"
"11222","Lightning eMotors","ZEVY","659","0.0001","United States"
"11223","Calithera Biosciences","CALA","487","0.0001","United States"
"11224","Hogy Medical","3593.T","123","41.0184","Japan"
"11225","Star Micronics","7718.T","70","14.0138","Japan"
"11226","Qiwi","QIWI.ME","0","2.56","Cyprus"
"11227","Rosseti","RSTI.ME","0","0","Russia"
"11228","X5 Retail Group","FIVE.ME","0","32.42","Netherlands"
"11229","Pollux Properti Indonesia","POLL.JK","0","0.00690974","Indonesia"
"11230","Tunas Ridean","TURI.JK","0","0.1","Indonesia"
"11231","Agility Global","AGILITY.AE","0","0","United Arab Emirates"
"11232","Amlak Finance","AMLAK.AE","0","0","United Arab Emirates"
"11233","Drake and Scull International","DSI.AE","0","0","United Arab Emirates"
"11234","Dubai Islamic Insurance &amp; Reinsurance","AMAN.AE","0","0","United Arab Emirates"
"11235","Air Arabia","AIRARABIA.AE","0","0","United Arab Emirates"
"11236","Aramex","ARMX.AE","0","0","United Arab Emirates"
"11237","Dubai Taxi Company","DTC.AE","0","0","United Arab Emirates"
"11238","Emirates Central Cooling Systems","EMPOWER.AE","0","0","United Arab Emirates"
"11239","Ajman Bank","AJMANBANK.AE","0","0","United Arab Emirates"
"11240","Al Ansari Financial Services","ALANSARI.AE","0","0","United Arab Emirates"
"11241","Watania International","WATANIA.AE","0","0","United Arab Emirates"
"11242","Carasent ASA","CARA.OL","0","1.57626","Norway"
"11243","Sultan Center Food Products Company","SULTAN.KW","0","0","Kuwait"
"11244","Lassila &amp; Tikanoja Oyj","LAT1V.HE","0","9.3635","Finland"
"11245","Héroux-Devtek","HRX.TO","0","18.597","Canada"
"11246","Rex Minerals","RXM.AX","0","0.295872","Australia"
"11247","Greenthesis S.p.A.","GTH.MI","0","2.48305","Italy"
"11248","Relatech S.p.A.","RLT.MI","0","2.69088","Italy"
"11249","Defence Tech Holding S.p.A.","DTH.MI","0","3.81755","Italy"
"11250","Marlowe plc","MRL.L","0","588.911","United Kingdom"
"11251","Eckoh plc","ECK.L","0","56.8248","United Kingdom"
"11252","Anexo Group Plc","ANX.L","0","80.3296","United Kingdom"
"11253","Yaoko Co.,Ltd.","8279.T","0","65.9184","Japan"
"11254","Bank of Japan","8301.T","0","194.493","Japan"
"11255","GigCapital9","GIXXU","0","0","United States"
"11256","Saluda Medical","SLD.AX","0","0","United States"
"11257","Valiant Gold","VAL.AX","0","0","Australia"
"11258","Pershing Square USA","PSUS","0","0","United States"
"11259","Vincorion SE","V1NC.DE","0","0","Germany"
"11260","Giunti Psychometrics","GPSYDD.MI","0","0","Italy"
"11261","Attovia Therapeutics","ATTO","0","0","United States"
